journal_slug,publication_year,title,doi,pdf_landing,download_status,error
econometrica,2026,Holding up Green Energy: Counterparty Risk in the Indian Solar Power Market,https://doi.org/10.3982/ecta21084,https://doi.org/10.3982/ecta21084,paywalled,未找到开放获取副本
econometrica,2025,A Comment on: <i>“Autoregressive Conditional Duration: A New Model for Irregularly Spaced Transaction Data”</i>,https://doi.org/10.3982/ecta21896,https://doi.org/10.3982/ecta21896,failed,HTTP 403
econometrica,2024,Endogenous Production Networks Under Supply Chain Uncertainty,https://doi.org/10.3982/ecta20629,https://doi.org/10.3982/ecta20629,failed,HTTP 403
econometrica,2024,The U.S. Public Debt Valuation Puzzle,https://doi.org/10.3982/ecta20497,https://doi.org/10.3982/ecta20497,paywalled,未找到开放获取副本
econometrica,2024,Can Deficits Finance Themselves?,https://doi.org/10.3982/ecta21791,https://doi.org/10.3982/ecta21791,paywalled,non-pdf-content
econometrica,2022,"Monetary Policy, Redistribution, and Risk Premia",https://doi.org/10.3982/ecta18014,https://doi.org/10.3982/ecta18014,paywalled,non-pdf-content
econometrica,2022,Household Leverage and the Recession,https://doi.org/10.3982/ecta16455,https://doi.org/10.3982/ecta16455,paywalled,non-pdf-content
econometrica,2022,Macro‐Finance Decoupling: Robust Evaluations of Macro Asset Pricing Models,https://doi.org/10.3982/ecta18506,https://doi.org/10.3982/ecta18506,paywalled,未找到开放获取副本
econometrica,2022,Volatility and the Gains From Trade,https://doi.org/10.3982/ecta14411,https://doi.org/10.3982/ecta14411,paywalled,non-pdf-content
econometrica,2021,Asset Pricing With Endogenously Uninsurable Tail Risk,https://doi.org/10.3982/ecta15142,https://doi.org/10.3982/ecta15142,paywalled,non-pdf-content
econometrica,2021,When Moving‐Average Models Meet High‐Frequency Data: Uniform Inference on Volatility,https://doi.org/10.3982/ecta15593,https://doi.org/10.3982/ecta15593,paywalled,non-pdf-content
econometrica,2021,Exchange Design and Efficiency,https://doi.org/10.3982/ecta16537,https://doi.org/10.3982/ecta16537,failed,HTTP 403
econometrica,2020,Dynamic Noisy Rational Expectations Equilibrium With Insider Information,https://doi.org/10.3982/ecta17038,https://doi.org/10.3982/ecta17038,paywalled,non-pdf-content
finance-and-stochastics,2026,Monotonic mean–deviation risk measures,https://doi.org/10.1007/s00780-026-00586-8,https://doi.org/10.1007/s00780-026-00586-8,paywalled,未找到开放获取副本
finance-and-stochastics,2026,Coherent risk measures and uniform integrability,https://doi.org/10.1007/s00780-026-00587-7,https://doi.org/10.1007/s00780-026-00587-7,paywalled,未找到开放获取副本
finance-and-stochastics,2026,Lifetime portfolio and consumption choice with defined contribution plans,https://doi.org/10.1007/s00780-026-00592-w,https://doi.org/10.1007/s00780-026-00592-w,paywalled,未找到开放获取副本
finance-and-stochastics,2026,An economic interpretation and mathematical analysis of Epstein–Zin stochastic differential utility for an infinite horizon when $\theta &lt;0$,https://doi.org/10.1007/s00780-026-00594-8,https://doi.org/10.1007/s00780-026-00594-8,paywalled,未找到开放获取副本
finance-and-stochastics,2025,Ruin problems with investments on a finite interval: PIDEs and their viscosity solutions,https://doi.org/10.1007/s00780-025-00580-6,https://doi.org/10.1007/s00780-025-00580-6,paywalled,未找到开放获取副本
finance-and-stochastics,2025,A framework of state-dependent utility optimisation with general benchmarks,https://doi.org/10.1007/s00780-025-00561-9,https://doi.org/10.1007/s00780-025-00561-9,paywalled,未找到开放获取副本
finance-and-stochastics,2025,A problem of finite-horizon optimal switching and stochastic control for utility maximisation,https://doi.org/10.1007/s00780-025-00583-3,https://doi.org/10.1007/s00780-025-00583-3,paywalled,未找到开放获取副本
finance-and-stochastics,2025,Kyle’s model with stochastic liquidity,https://doi.org/10.1007/s00780-025-00574-4,https://doi.org/10.1007/s00780-025-00574-4,paywalled,未找到开放获取副本
finance-and-stochastics,2025,Semimartingale properties of a generalised fractional Brownian motion and its mixtures with applications in asset pricing,https://doi.org/10.1007/s00780-025-00562-8,https://doi.org/10.1007/s00780-025-00562-8,failed,HTTP 403
finance-and-stochastics,2025,Equilibrium with heterogeneous information flows,https://doi.org/10.1007/s00780-025-00565-5,https://doi.org/10.1007/s00780-025-00565-5,paywalled,未找到开放获取副本
finance-and-stochastics,2025,Graphon mean-field backward stochastic differential equations with jumps and associated dynamic risk measures,https://doi.org/10.1007/s00780-025-00575-3,https://doi.org/10.1007/s00780-025-00575-3,paywalled,未找到开放获取副本
finance-and-stochastics,2025,Bipolar theorems for sets of nonnegative random variables,https://doi.org/10.1007/s00780-025-00579-z,https://doi.org/10.1007/s00780-025-00579-z,paywalled,未找到开放获取副本
finance-and-stochastics,2025,Time-inconsistent mean-field stopping problems: a regularised equilibrium approach,https://doi.org/10.1007/s00780-025-00581-5,https://doi.org/10.1007/s00780-025-00581-5,paywalled,未找到开放获取副本
finance-and-stochastics,2025,Collective arbitrage and the value of cooperation,https://doi.org/10.1007/s00780-025-00582-4,https://doi.org/10.1007/s00780-025-00582-4,paywalled,未找到开放获取副本
finance-and-stochastics,2024,A framework for measures of risk under uncertainty,https://doi.org/10.1007/s00780-024-00528-2,https://doi.org/10.1007/s00780-024-00528-2,paywalled,未找到开放获取副本
finance-and-stochastics,2024,Optimal investment in a large population of competitive and heterogeneous agents,https://doi.org/10.1007/s00780-023-00527-9,https://doi.org/10.1007/s00780-023-00527-9,paywalled,未找到开放获取副本
finance-and-stochastics,2024,Optimal consumption and investment with welfare constraints,https://doi.org/10.1007/s00780-024-00529-1,https://doi.org/10.1007/s00780-024-00529-1,paywalled,未找到开放获取副本
finance-and-stochastics,2024,On the Guyon–Lekeufack volatility model,https://doi.org/10.1007/s00780-024-00544-2,https://doi.org/10.1007/s00780-024-00544-2,paywalled,未找到开放获取副本
finance-and-stochastics,2024,Existence of an equilibrium with limited participation,https://doi.org/10.1007/s00780-024-00530-8,https://doi.org/10.1007/s00780-024-00530-8,paywalled,未找到开放获取副本
finance-and-stochastics,2024,Improved robust price bounds for multi-asset derivatives under market-implied dependence information,https://doi.org/10.1007/s00780-024-00539-z,http://dx.doi.org/10.1007/s00780-024-00539-z,paywalled,未找到开放获取副本
finance-and-stochastics,2024,Risk-constrained portfolio choice under rank-dependent utility,https://doi.org/10.1007/s00780-024-00555-z,https://doi.org/10.1007/s00780-024-00555-z,paywalled,未找到开放获取副本
finance-and-stochastics,2024,Gaussian agency problems with memory and linear contracts,https://doi.org/10.1007/s00780-024-00548-y,https://doi.org/10.1007/s00780-024-00548-y,paywalled,未找到开放获取副本
finance-and-stochastics,2024,Pricing of contingent claims in large markets,https://doi.org/10.1007/s00780-024-00554-0,https://doi.org/10.1007/s00780-024-00554-0,paywalled,未找到开放获取副本
finance-and-stochastics,2024,Quadratic expansions in optimal investment with respect to perturbations of the semimartingale model,https://doi.org/10.1007/s00780-024-00532-6,http://dx.doi.org/10.1007/s00780-024-00532-6,paywalled,未找到开放获取副本
finance-and-stochastics,2023,Dispersion-constrained martingale Schrödinger problems and the exact joint S&amp;P 500/VIX smile calibration puzzle,https://doi.org/10.1007/s00780-023-00524-y,https://doi.org/10.1007/s00780-023-00524-y,paywalled,non-pdf-content
finance-and-stochastics,2023,Market-to-book ratio in stochastic portfolio theory,https://doi.org/10.1007/s00780-023-00501-5,https://doi.org/10.1007/s00780-023-00501-5,paywalled,non-pdf-content
finance-and-stochastics,2023,Ruin probabilities for a Sparre Andersen model with investments: the case of annuity payments,https://doi.org/10.1007/s00780-023-00513-1,https://doi.org/10.1007/s00780-023-00513-1,paywalled,non-pdf-content
finance-and-stochastics,2023,Price impact in Nash equilibria,https://doi.org/10.1007/s00780-023-00499-w,https://doi.org/10.1007/s00780-023-00499-w,paywalled,未找到开放获取副本
finance-and-stochastics,2023,Present-biased lobbyists in linear–quadratic stochastic differential games,https://doi.org/10.1007/s00780-023-00519-9,https://doi.org/10.1007/s00780-023-00519-9,paywalled,non-pdf-content
finance-and-stochastics,2023,Investment–consumption–insurance optimisation problem with multiple habit formation and non-exponential discounting,https://doi.org/10.1007/s00780-023-00510-4,http://dx.doi.org/10.1007/s00780-023-00510-4,paywalled,未找到开放获取副本
finance-and-stochastics,2023,Optimal investment and consumption for financial markets with jumps under transaction costs,https://doi.org/10.1007/s00780-023-00521-1,https://doi.org/10.1007/s00780-023-00521-1,paywalled,non-pdf-content
finance-and-stochastics,2023,Robust utility maximisation with intractable claims,https://doi.org/10.1007/s00780-023-00512-2,https://doi.org/10.1007/s00780-023-00512-2,paywalled,non-pdf-content
finance-and-stochastics,2023,Asset pricing with dynamically inconsistent agents,https://doi.org/10.1007/s00780-023-00516-y,http://dx.doi.org/10.1007/s00780-023-00516-y,paywalled,non-pdf-content
finance-and-stochastics,2022,Mean field portfolio games,https://doi.org/10.1007/s00780-022-00492-9,https://doi.org/10.1007/s00780-022-00492-9,failed,网络错误 [Errno 54] Connection reset by peer
finance-and-stochastics,2022,The characteristic function of Gaussian stochastic volatility models: an analytic expression,https://doi.org/10.1007/s00780-022-00489-4,https://doi.org/10.1007/s00780-022-00489-4,paywalled,non-pdf-content
finance-and-stochastics,2022,Dynamic mean–variance problem with frictions,https://doi.org/10.1007/s00780-022-00474-x,https://doi.org/10.1007/s00780-022-00474-x,paywalled,未找到开放获取副本
finance-and-stochastics,2022,A continuous-time asset market game with short-lived assets,https://doi.org/10.1007/s00780-022-00479-6,https://doi.org/10.1007/s00780-022-00479-6,paywalled,未找到开放获取副本
finance-and-stochastics,2022,A least-squares Monte Carlo approach to the estimation of enterprise risk,https://doi.org/10.1007/s00780-022-00478-7,https://doi.org/10.1007/s00780-022-00478-7,paywalled,未找到开放获取副本
finance-and-stochastics,2022,On the role of skewness and kurtosis in tempered stable (CGMY) Lévy models in finance,https://doi.org/10.1007/s00780-022-00482-x,https://doi.org/10.1007/s00780-022-00482-x,paywalled,未找到开放获取副本
finance-and-stochastics,2022,On ruin probabilities with investments in a risky asset with a regime-switching price,https://doi.org/10.1007/s00780-022-00483-w,https://doi.org/10.1007/s00780-022-00483-w,paywalled,未找到开放获取副本
finance-and-stochastics,2022,Martingale Schrödinger bridges and optimal semistatic portfolios,https://doi.org/10.1007/s00780-022-00490-x,https://doi.org/10.1007/s00780-022-00490-x,paywalled,未找到开放获取副本
finance-and-stochastics,2022,A class of short-term models for the oil industry that accounts for speculative oil storage,https://doi.org/10.1007/s00780-022-00481-y,https://doi.org/10.1007/s00780-022-00481-y,paywalled,non-pdf-content
finance-and-stochastics,2022,A scaling limit for utility indifference prices in the discretised Bachelier model,https://doi.org/10.1007/s00780-022-00473-y,https://doi.org/10.1007/s00780-022-00473-y,paywalled,未找到开放获取副本
finance-and-stochastics,2022,Log-optimal and numéraire portfolios for market models stopped at a random time,https://doi.org/10.1007/s00780-022-00477-8,https://doi.org/10.1007/s00780-022-00477-8,paywalled,未找到开放获取副本
finance-and-stochastics,2022,Jacobi stochastic volatility factor for the LIBOR market model,https://doi.org/10.1007/s00780-022-00488-5,https://doi.org/10.1007/s00780-022-00488-5,paywalled,non-pdf-content
finance-and-stochastics,2022,Scaled insurance cash flows: representation and computation via change of measure techniques,https://doi.org/10.1007/s00780-022-00472-z,https://doi.org/10.1007/s00780-022-00472-z,paywalled,未找到开放获取副本
finance-and-stochastics,2022,Set-valued dynamic risk measures for processes and for vectors,https://doi.org/10.1007/s00780-022-00476-9,https://doi.org/10.1007/s00780-022-00476-9,paywalled,未找到开放获取副本
finance-and-stochastics,2021,Reinforcement learning and stochastic optimisation,https://doi.org/10.1007/s00780-021-00467-2,https://doi.org/10.1007/s00780-021-00467-2,paywalled,未找到开放获取副本
finance-and-stochastics,2021,"Concavity, stochastic utility, and risk aversion",https://doi.org/10.1007/s00780-021-00448-5,https://doi.org/10.1007/s00780-021-00448-5,paywalled,未找到开放获取副本
finance-and-stochastics,2021,Robust state-dependent mean–variance portfolio selection: a closed-loop approach,https://doi.org/10.1007/s00780-021-00457-4,https://doi.org/10.1007/s00780-021-00457-4,paywalled,non-pdf-content
finance-and-stochastics,2021,The influence of economic research on financial mathematics: Evidence from the last 25 years,https://doi.org/10.1007/s00780-021-00469-0,https://doi.org/10.1007/s00780-021-00469-0,paywalled,未找到开放获取副本
finance-and-stochastics,2020,Optimal insurance with background risk: An analysis of general dependence structures,https://doi.org/10.1007/s00780-020-00429-0,https://doi.org/10.1007/s00780-020-00429-0,paywalled,未找到开放获取副本
finance-and-stochastics,2020,Term structure modelling for multiple curves with stochastic discontinuities,https://doi.org/10.1007/s00780-020-00416-5,https://doi.org/10.1007/s00780-020-00416-5,paywalled,non-pdf-content
finance-and-stochastics,2020,"Construction of a class of forward performance processes in stochastic factor models, and an extension of Widder’s theorem",https://doi.org/10.1007/s00780-020-00436-1,https://doi.org/10.1007/s00780-020-00436-1,paywalled,未找到开放获取副本
finance-and-stochastics,2020,Evolution of the Arrow–Pratt measure of risk-tolerance for predictable forward utility processes,https://doi.org/10.1007/s00780-020-00444-1,https://doi.org/10.1007/s00780-020-00444-1,paywalled,未找到开放获取副本
finance-and-stochastics,2020,Extended weak convergence and utility maximisation with proportional transaction costs,https://doi.org/10.1007/s00780-020-00437-0,https://doi.org/10.1007/s00780-020-00437-0,paywalled,未找到开放获取副本
finance-and-stochastics,2020,Consumption in incomplete markets,https://doi.org/10.1007/s00780-020-00420-9,https://doi.org/10.1007/s00780-020-00420-9,paywalled,non-pdf-content
finance-and-stochastics,2020,Realised volatility and parametric estimation of Heston SDEs,https://doi.org/10.1007/s00780-020-00427-2,https://doi.org/10.1007/s00780-020-00427-2,paywalled,未找到开放获取副本
finance-and-stochastics,2020,Option valuation and hedging using an asymmetric risk function: asymptotic optimality through fully nonlinear partial differential equations,https://doi.org/10.1007/s00780-020-00428-1,https://doi.org/10.1007/s00780-020-00428-1,paywalled,non-pdf-content
finance-and-stochastics,2020,On a multi-asset version of the Kusuoka limit theorem of option superreplication under transaction costs,https://doi.org/10.1007/s00780-020-00441-4,https://doi.org/10.1007/s00780-020-00441-4,paywalled,未找到开放获取副本
journal-of-banking-and-finance,2026,Effectiveness of warning signal and overconfident investors,https://doi.org/10.1016/j.jbankfin.2025.107617,https://doi.org/10.1016/j.jbankfin.2025.107617,paywalled,未找到开放获取副本
journal-of-banking-and-finance,2026,Tail risk exposure and the cross section of expected stock returns,https://doi.org/10.1016/j.jbankfin.2025.107626,https://doi.org/10.1016/j.jbankfin.2025.107626,paywalled,non-pdf-content
journal-of-banking-and-finance,2026,Machine learning in corporate bonds: Evidence from China,https://doi.org/10.1016/j.jbankfin.2026.107636,https://doi.org/10.1016/j.jbankfin.2026.107636,paywalled,non-pdf-content
journal-of-banking-and-finance,2026,Information capacity investment and financial stability under delegated asset management,https://doi.org/10.1016/j.jbankfin.2026.107635,https://doi.org/10.1016/j.jbankfin.2026.107635,paywalled,未找到开放获取副本
journal-of-banking-and-finance,2026,Risk appetite and (mis)pricing,https://doi.org/10.1016/j.jbankfin.2026.107657,https://doi.org/10.1016/j.jbankfin.2026.107657,paywalled,non-pdf-content
journal-of-banking-and-finance,2026,Climate policy uncertainty and climate-related strategic alliances,https://doi.org/10.1016/j.jbankfin.2026.107686,https://doi.org/10.1016/j.jbankfin.2026.107686,paywalled,未找到开放获取副本
journal-of-banking-and-finance,2026,Can the bid–ask spread explain the trend in aggregate idiosyncratic variance?,https://doi.org/10.1016/j.jbankfin.2025.107622,https://doi.org/10.1016/j.jbankfin.2025.107622,paywalled,未找到开放获取副本
journal-of-banking-and-finance,2026,Gas price caps and volatility transmission in commodity and equity markets,https://doi.org/10.1016/j.jbankfin.2025.107614,https://doi.org/10.1016/j.jbankfin.2025.107614,paywalled,non-pdf-content
journal-of-banking-and-finance,2026,ESG and bond market resilience: Evidence from the Covid crisis,https://doi.org/10.1016/j.jbankfin.2026.107634,https://doi.org/10.1016/j.jbankfin.2026.107634,paywalled,non-pdf-content
journal-of-banking-and-finance,2026,A hidden cost of ETF investing: Retail demand shocks and limits to arbitrage,https://doi.org/10.1016/j.jbankfin.2025.107621,https://doi.org/10.1016/j.jbankfin.2025.107621,paywalled,non-pdf-content
journal-of-banking-and-finance,2026,Dealer misconduct and price dynamics at the fix,https://doi.org/10.1016/j.jbankfin.2026.107641,https://doi.org/10.1016/j.jbankfin.2026.107641,paywalled,未找到开放获取副本
journal-of-banking-and-finance,2026,Global evidence on unspanned macro risks in dynamic term structure models,https://doi.org/10.1016/j.jbankfin.2026.107656,https://doi.org/10.1016/j.jbankfin.2026.107656,paywalled,non-pdf-content
journal-of-banking-and-finance,2026,Predicting stock returns of past-winner stocks and bond returns of past-loser stocks with a stock’s 52-week price anchor,https://doi.org/10.1016/j.jbankfin.2026.107643,https://doi.org/10.1016/j.jbankfin.2026.107643,paywalled,未找到开放获取副本
journal-of-banking-and-finance,2026,"The more, the better? Predicting stock returns with local and global data",https://doi.org/10.1016/j.jbankfin.2026.107658,https://doi.org/10.1016/j.jbankfin.2026.107658,paywalled,未找到开放获取副本
journal-of-banking-and-finance,2026,Corporate investment response to an easing in bond funding cost,https://doi.org/10.1016/j.jbankfin.2026.107668,https://doi.org/10.1016/j.jbankfin.2026.107668,paywalled,non-pdf-content
journal-of-banking-and-finance,2026,Risk premiums in the U.S. Treasury futures,https://doi.org/10.1016/j.jbankfin.2026.107669,https://doi.org/10.1016/j.jbankfin.2026.107669,paywalled,未找到开放获取副本
journal-of-banking-and-finance,2026,Do risky banks pay their employees more?,https://doi.org/10.1016/j.jbankfin.2026.107673,https://doi.org/10.1016/j.jbankfin.2026.107673,paywalled,non-pdf-content
journal-of-banking-and-finance,2026,International spillover of bank liquidity shocks: Does organizational form of global banks matter?,https://doi.org/10.1016/j.jbankfin.2026.107672,https://doi.org/10.1016/j.jbankfin.2026.107672,paywalled,未找到开放获取副本
journal-of-banking-and-finance,2026,Interest rate skewness and stock market returns,https://doi.org/10.1016/j.jbankfin.2026.107675,https://doi.org/10.1016/j.jbankfin.2026.107675,paywalled,未找到开放获取副本
journal-of-banking-and-finance,2026,Macro sentiment and hedge fund returns,https://doi.org/10.1016/j.jbankfin.2026.107685,https://doi.org/10.1016/j.jbankfin.2026.107685,paywalled,未找到开放获取副本
journal-of-banking-and-finance,2026,Knowledge is power: Investor education and the mitigation of mutual fund style drift,https://doi.org/10.1016/j.jbankfin.2026.107684,https://doi.org/10.1016/j.jbankfin.2026.107684,paywalled,未找到开放获取副本
journal-of-banking-and-finance,2026,Can analyst textual opinions predict stock returns?,https://doi.org/10.1016/j.jbankfin.2026.107688,https://doi.org/10.1016/j.jbankfin.2026.107688,paywalled,未找到开放获取副本
journal-of-banking-and-finance,2026,"Limits of arbitrage, idiosyncratic risk, and the role of flippers in the housing market",https://doi.org/10.1016/j.jbankfin.2026.107695,https://doi.org/10.1016/j.jbankfin.2026.107695,paywalled,non-pdf-content
journal-of-banking-and-finance,2026,When corporate risk management amplifies risks: Evidence from Europe’s energy crisis in 2022,https://doi.org/10.1016/j.jbankfin.2026.107700,https://doi.org/10.1016/j.jbankfin.2026.107700,paywalled,non-pdf-content
journal-of-banking-and-finance,2026,Commonality in mutual fund flows,https://doi.org/10.1016/j.jbankfin.2026.107705,https://doi.org/10.1016/j.jbankfin.2026.107705,paywalled,未找到开放获取副本
journal-of-banking-and-finance,2026,Joint valuation of SPX and VIX options by GARCH models with bad and good environments,https://doi.org/10.1016/j.jbankfin.2026.107719,https://doi.org/10.1016/j.jbankfin.2026.107719,paywalled,未找到开放获取副本
journal-of-banking-and-finance,2026,Liquidity of last resort: The role of X-bond trading in the Chinese government bond market,https://doi.org/10.1016/j.jbankfin.2026.107722,https://doi.org/10.1016/j.jbankfin.2026.107722,paywalled,non-pdf-content
journal-of-banking-and-finance,2026,Selection versus diversification in noisy alpha environments,https://doi.org/10.1016/j.jbankfin.2026.107726,https://doi.org/10.1016/j.jbankfin.2026.107726,paywalled,non-pdf-content
journal-of-banking-and-finance,2026,Non-standard errors in carbon premia,https://doi.org/10.1016/j.jbankfin.2026.107727,https://doi.org/10.1016/j.jbankfin.2026.107727,paywalled,non-pdf-content
journal-of-banking-and-finance,2026,Heterogeneous attention and twin stock anomaly: A natural experiment from the daily price limit rule,https://doi.org/10.1016/j.jbankfin.2026.107743,https://doi.org/10.1016/j.jbankfin.2026.107743,paywalled,未找到开放获取副本
journal-of-banking-and-finance,2026,Broker incentives and timing manipulation in mutual fund flows,https://doi.org/10.1016/j.jbankfin.2026.107744,https://doi.org/10.1016/j.jbankfin.2026.107744,paywalled,未找到开放获取副本
journal-of-banking-and-finance,2026,"Rejoicing, Regret and Stock Returns – US and International Evidence",https://doi.org/10.1016/j.jbankfin.2026.107742,https://doi.org/10.1016/j.jbankfin.2026.107742,paywalled,non-pdf-content
journal-of-banking-and-finance,2025,The real effect of monetary policy under uncertainty: Evidence from the change in corporate financing purposes,https://doi.org/10.1016/j.jbankfin.2025.107381,https://doi.org/10.1016/j.jbankfin.2025.107381,paywalled,未找到开放获取副本
journal-of-banking-and-finance,2025,The price of realized extreme climate events in the implied cost of equity capital: International evidence,https://doi.org/10.1016/j.jbankfin.2025.107525,https://doi.org/10.1016/j.jbankfin.2025.107525,paywalled,未找到开放获取副本
journal-of-banking-and-finance,2025,Investor attention and stock price manipulation: Evidence from daily quasi-natural experiments,https://doi.org/10.1016/j.jbankfin.2025.107528,https://doi.org/10.1016/j.jbankfin.2025.107528,paywalled,non-pdf-content
journal-of-banking-and-finance,2025,Cybercrime on the ethereum blockchain,https://doi.org/10.1016/j.jbankfin.2025.107419,https://doi.org/10.1016/j.jbankfin.2025.107419,paywalled,non-pdf-content
journal-of-banking-and-finance,2025,"When expectations of implicit government guarantees diminished, do retail stock investors run away?",https://doi.org/10.1016/j.jbankfin.2025.107418,https://doi.org/10.1016/j.jbankfin.2025.107418,paywalled,未找到开放获取副本
journal-of-banking-and-finance,2025,Quality of political information and return predictability: Evidence from investor sentiment and risk aversion,https://doi.org/10.1016/j.jbankfin.2025.107469,https://doi.org/10.1016/j.jbankfin.2025.107469,paywalled,non-pdf-content
journal-of-banking-and-finance,2025,Investor heterogeneity and the market for fund benchmarks: Evidence from passive ETFs,https://doi.org/10.1016/j.jbankfin.2025.107412,https://doi.org/10.1016/j.jbankfin.2025.107412,paywalled,未找到开放获取副本
journal-of-banking-and-finance,2025,"Global foreign exchange volatility, ambiguity, and currency carry trades",https://doi.org/10.1016/j.jbankfin.2025.107508,https://doi.org/10.1016/j.jbankfin.2025.107508,paywalled,未找到开放获取副本
journal-of-banking-and-finance,2025,Does FinTech coverage improve the pricing efficiency of capital market? Evidence from China,https://doi.org/10.1016/j.jbankfin.2025.107396,https://doi.org/10.1016/j.jbankfin.2025.107396,paywalled,未找到开放获取副本
journal-of-banking-and-finance,2025,Predicting IPO first-day returns: Evidence from machine learning analyses*,https://doi.org/10.1016/j.jbankfin.2025.107500,https://doi.org/10.1016/j.jbankfin.2025.107500,paywalled,未找到开放获取副本
journal-of-banking-and-finance,2025,Stock market experience and investor overconfidence: Do investors learn to be overconfident?,https://doi.org/10.1016/j.jbankfin.2025.107431,https://doi.org/10.1016/j.jbankfin.2025.107431,paywalled,未找到开放获取副本
journal-of-banking-and-finance,2025,A stochastic model for predicting the response time of green vs brown stocks to climate change news risk,https://doi.org/10.1016/j.jbankfin.2025.107507,https://doi.org/10.1016/j.jbankfin.2025.107507,paywalled,未找到开放获取副本
journal-of-banking-and-finance,2025,International information flow and market quality,https://doi.org/10.1016/j.jbankfin.2025.107420,https://doi.org/10.1016/j.jbankfin.2025.107420,paywalled,未找到开放获取副本
journal-of-banking-and-finance,2025,The real side of black swans: Tail risk and corporate investment,https://doi.org/10.1016/j.jbankfin.2025.107468,https://doi.org/10.1016/j.jbankfin.2025.107468,paywalled,未找到开放获取副本
journal-of-banking-and-finance,2025,A new leadership share measure for price discovery,https://doi.org/10.1016/j.jbankfin.2025.107527,https://doi.org/10.1016/j.jbankfin.2025.107527,paywalled,non-pdf-content
journal-of-banking-and-finance,2025,Government ownership of banks and corporate maturity mismatch: Evidence from China,https://doi.org/10.1016/j.jbankfin.2025.107458,https://doi.org/10.1016/j.jbankfin.2025.107458,paywalled,non-pdf-content
journal-of-banking-and-finance,2025,How prevalent are short squeezes? Evidence from the US and Europe,https://doi.org/10.1016/j.jbankfin.2025.107436,https://doi.org/10.1016/j.jbankfin.2025.107436,paywalled,non-pdf-content
journal-of-banking-and-finance,2025,Stock split signalling: Evidence from short interest,https://doi.org/10.1016/j.jbankfin.2025.107394,https://doi.org/10.1016/j.jbankfin.2025.107394,paywalled,non-pdf-content
journal-of-banking-and-finance,2025,Fear propagation and return dynamics,https://doi.org/10.1016/j.jbankfin.2025.107410,https://doi.org/10.1016/j.jbankfin.2025.107410,paywalled,未找到开放获取副本
journal-of-banking-and-finance,2025,Tariff uncertainty and the cost of debt: Evidence from United States–China permanent normal trade relations,https://doi.org/10.1016/j.jbankfin.2025.107515,https://doi.org/10.1016/j.jbankfin.2025.107515,paywalled,未找到开放获取副本
journal-of-banking-and-finance,2025,Large dynamic covariance matrices and portfolio selection with a heterogeneous autoregressive model,https://doi.org/10.1016/j.jbankfin.2025.107505,https://doi.org/10.1016/j.jbankfin.2025.107505,paywalled,non-pdf-content
journal-of-banking-and-finance,2025,Wash trading and insider sales in NFT markets,https://doi.org/10.1016/j.jbankfin.2025.107529,https://doi.org/10.1016/j.jbankfin.2025.107529,paywalled,未找到开放获取副本
journal-of-banking-and-finance,2025,"Unencumbered by style: Why do funds change factor loadings, and does it help?",https://doi.org/10.1016/j.jbankfin.2025.107544,https://doi.org/10.1016/j.jbankfin.2025.107544,paywalled,non-pdf-content
journal-of-banking-and-finance,2025,All Days Are Not Created Equal: Understanding Momentum by Learning to Weight Past Returns,https://doi.org/10.1016/j.jbankfin.2025.107565,https://doi.org/10.1016/j.jbankfin.2025.107565,paywalled,non-pdf-content
journal-of-banking-and-finance,2025,4/2 rough and smooth,https://doi.org/10.1016/j.jbankfin.2025.107560,https://doi.org/10.1016/j.jbankfin.2025.107560,paywalled,未找到开放获取副本
journal-of-banking-and-finance,2025,Windfall gains and stock market participation: Evidence from shopping receipt lottery,https://doi.org/10.1016/j.jbankfin.2024.107378,https://doi.org/10.1016/j.jbankfin.2024.107378,failed,HTTP 403
journal-of-banking-and-finance,2025,Stochastic arbitrage with market index options,https://doi.org/10.1016/j.jbankfin.2025.107395,https://doi.org/10.1016/j.jbankfin.2025.107395,paywalled,non-pdf-content
journal-of-banking-and-finance,2025,Rest and financial judgments: The impact of holidays on analyst accuracy,https://doi.org/10.1016/j.jbankfin.2025.107399,https://doi.org/10.1016/j.jbankfin.2025.107399,paywalled,未找到开放获取副本
journal-of-banking-and-finance,2025,Sell-side analysts and mutual fund managers: Complements or substitutes?,https://doi.org/10.1016/j.jbankfin.2025.107446,https://doi.org/10.1016/j.jbankfin.2025.107446,paywalled,未找到开放获取副本
journal-of-banking-and-finance,2025,Credit rating and stock return comovement,https://doi.org/10.1016/j.jbankfin.2025.107474,https://doi.org/10.1016/j.jbankfin.2025.107474,paywalled,non-pdf-content
journal-of-banking-and-finance,2025,Trade policy sensitivity and global stock returns: Evidence from the 2016 U.S. Presidential election,https://doi.org/10.1016/j.jbankfin.2025.107517,https://doi.org/10.1016/j.jbankfin.2025.107517,paywalled,未找到开放获取副本
journal-of-banking-and-finance,2025,Dissecting the return-predicting power of risk-neutral variance,https://doi.org/10.1016/j.jbankfin.2025.107409,https://doi.org/10.1016/j.jbankfin.2025.107409,paywalled,未找到开放获取副本
journal-of-banking-and-finance,2025,Borrowing on the wrong side of the tracks: Evidence from mortgage loan discontinuities,https://doi.org/10.1016/j.jbankfin.2025.107438,https://doi.org/10.1016/j.jbankfin.2025.107438,paywalled,non-pdf-content
journal-of-banking-and-finance,2025,The short-duration premium and news announcements,https://doi.org/10.1016/j.jbankfin.2025.107445,https://doi.org/10.1016/j.jbankfin.2025.107445,paywalled,non-pdf-content
journal-of-banking-and-finance,2025,Newswire tone-overlay commodity portfolios,https://doi.org/10.1016/j.jbankfin.2025.107501,https://doi.org/10.1016/j.jbankfin.2025.107501,paywalled,未找到开放获取副本
journal-of-banking-and-finance,2025,Motivated beliefs about stock returns,https://doi.org/10.1016/j.jbankfin.2025.107510,https://doi.org/10.1016/j.jbankfin.2025.107510,paywalled,non-pdf-content
journal-of-banking-and-finance,2025,Central bank intervention and bank liquidity: Evidence from the paycheck protection program,https://doi.org/10.1016/j.jbankfin.2025.107522,https://doi.org/10.1016/j.jbankfin.2025.107522,paywalled,non-pdf-content
journal-of-banking-and-finance,2025,The up side of being down: Depression and crowdsourced forecasts,https://doi.org/10.1016/j.jbankfin.2025.107526,https://doi.org/10.1016/j.jbankfin.2025.107526,paywalled,未找到开放获取副本
journal-of-banking-and-finance,2025,V-shapes,https://doi.org/10.1016/j.jbankfin.2025.107521,https://doi.org/10.1016/j.jbankfin.2025.107521,paywalled,non-pdf-content
journal-of-banking-and-finance,2025,Media tone is a priced risk factor in currency markets,https://doi.org/10.1016/j.jbankfin.2025.107542,https://doi.org/10.1016/j.jbankfin.2025.107542,paywalled,non-pdf-content
journal-of-banking-and-finance,2025,Money Market Funds vulnerabilities and systemic liquidity crises,https://doi.org/10.1016/j.jbankfin.2025.107530,https://doi.org/10.1016/j.jbankfin.2025.107530,paywalled,未找到开放获取副本
journal-of-banking-and-finance,2025,Variation in the value of active share across regions of investments: Evidence from global equity funds,https://doi.org/10.1016/j.jbankfin.2025.107545,https://doi.org/10.1016/j.jbankfin.2025.107545,paywalled,non-pdf-content
journal-of-banking-and-finance,2025,"Option price asymmetry, speculation and stock short-sale cost",https://doi.org/10.1016/j.jbankfin.2025.107539,https://doi.org/10.1016/j.jbankfin.2025.107539,paywalled,未找到开放获取副本
journal-of-banking-and-finance,2025,Investor disagreement and state-dependent mispricing: New evidence on the analyst dispersion anomaly,https://doi.org/10.1016/j.jbankfin.2025.107577,https://doi.org/10.1016/j.jbankfin.2025.107577,paywalled,未找到开放获取副本
journal-of-banking-and-finance,2025,Crowded spaces and anomalies,https://doi.org/10.1016/j.jbankfin.2025.107579,https://doi.org/10.1016/j.jbankfin.2025.107579,paywalled,non-pdf-content
journal-of-banking-and-finance,2025,Psychological anchoring effect and cross section of cryptocurrency returns,https://doi.org/10.1016/j.jbankfin.2025.107592,https://doi.org/10.1016/j.jbankfin.2025.107592,paywalled,未找到开放获取副本
journal-of-banking-and-finance,2025,Media reporting and asset pricing models,https://doi.org/10.1016/j.jbankfin.2025.107596,https://doi.org/10.1016/j.jbankfin.2025.107596,paywalled,non-pdf-content
journal-of-banking-and-finance,2025,Predicting financial stability with TopicGPT: Insights from corporate and central bank communications,https://doi.org/10.1016/j.jbankfin.2025.107598,https://doi.org/10.1016/j.jbankfin.2025.107598,paywalled,未找到开放获取副本
journal-of-banking-and-finance,2025,Sustainability in commodity markets,https://doi.org/10.1016/j.jbankfin.2025.107599,https://doi.org/10.1016/j.jbankfin.2025.107599,paywalled,non-pdf-content
journal-of-banking-and-finance,2025,Decentralized Finance risk transfer and smart contract-based insurance,https://doi.org/10.1016/j.jbankfin.2025.107606,https://doi.org/10.1016/j.jbankfin.2025.107606,paywalled,non-pdf-content
journal-of-banking-and-finance,2025,Illegal insider trading profitability and the legal environment,https://doi.org/10.1016/j.jbankfin.2025.107609,https://doi.org/10.1016/j.jbankfin.2025.107609,paywalled,non-pdf-content
journal-of-banking-and-finance,2025,New tests of the theory of storage and the theory of normal backwardation: Time and frequency dimensions,https://doi.org/10.1016/j.jbankfin.2025.107611,https://doi.org/10.1016/j.jbankfin.2025.107611,paywalled,未找到开放获取副本
journal-of-banking-and-finance,2025,Does options trading stabilize stock prices? : Evidence from a natural experiment,https://doi.org/10.1016/j.jbankfin.2025.107612,https://doi.org/10.1016/j.jbankfin.2025.107612,paywalled,未找到开放获取副本
journal-of-banking-and-finance,2025,A tale of two banking regulations: Impact of regulatory overlap on the analysis of liquidity creation,https://doi.org/10.1016/j.jbankfin.2025.107613,https://doi.org/10.1016/j.jbankfin.2025.107613,paywalled,未找到开放获取副本
journal-of-banking-and-finance,2024,"How cheap talk in climate disclosures relates to climate initiatives, corporate emissions, and reputation risk",https://doi.org/10.1016/j.jbankfin.2024.107191,https://doi.org/10.1016/j.jbankfin.2024.107191,paywalled,non-pdf-content
journal-of-banking-and-finance,2024,The green corporate bond issuance premium,https://doi.org/10.1016/j.jbankfin.2024.107126,https://doi.org/10.1016/j.jbankfin.2024.107126,paywalled,未找到开放获取副本
journal-of-banking-and-finance,2024,Geopolitical risk and currency returns,https://doi.org/10.1016/j.jbankfin.2024.107097,https://doi.org/10.1016/j.jbankfin.2024.107097,paywalled,未找到开放获取副本
journal-of-banking-and-finance,2024,"Exchange market share, market makers, and murky behavior: The impact of no-fee trading on cryptocurrency market quality",https://doi.org/10.1016/j.jbankfin.2024.107222,https://doi.org/10.1016/j.jbankfin.2024.107222,paywalled,non-pdf-content
journal-of-banking-and-finance,2024,Interpretable machine learning for creditor recovery rates,https://doi.org/10.1016/j.jbankfin.2024.107187,https://doi.org/10.1016/j.jbankfin.2024.107187,paywalled,未找到开放获取副本
journal-of-banking-and-finance,2024,Sustainable investing in times of crisis: Evidence from bond holdings and the COVID-19 pandemic,https://doi.org/10.1016/j.jbankfin.2024.107238,https://doi.org/10.1016/j.jbankfin.2024.107238,paywalled,non-pdf-content
journal-of-banking-and-finance,2024,Predicting individual corporate bond returns,https://doi.org/10.1016/j.jbankfin.2024.107372,https://doi.org/10.1016/j.jbankfin.2024.107372,paywalled,未找到开放获取副本
journal-of-banking-and-finance,2024,Economic policy uncertainty and corporate bond liquidity,https://doi.org/10.1016/j.jbankfin.2024.107340,https://doi.org/10.1016/j.jbankfin.2024.107340,paywalled,未找到开放获取副本
journal-of-banking-and-finance,2024,ETF arbitrage and international diversification,https://doi.org/10.1016/j.jbankfin.2024.107274,https://doi.org/10.1016/j.jbankfin.2024.107274,paywalled,未找到开放获取副本
journal-of-banking-and-finance,2024,The effect of labor mobility on corporate investment and performance over the business cycle,https://doi.org/10.1016/j.jbankfin.2024.107258,https://doi.org/10.1016/j.jbankfin.2024.107258,paywalled,未找到开放获取副本
journal-of-banking-and-finance,2024,Multifactor conditional equity premium model: Evidence from China's stock market,https://doi.org/10.1016/j.jbankfin.2024.107117,https://doi.org/10.1016/j.jbankfin.2024.107117,paywalled,non-pdf-content
journal-of-banking-and-finance,2024,The beneficial effect of common ownership: Evidence from bank liquidity creation,https://doi.org/10.1016/j.jbankfin.2024.107172,https://doi.org/10.1016/j.jbankfin.2024.107172,paywalled,non-pdf-content
journal-of-banking-and-finance,2024,Does ownership concentration affect corporate bond volatility? Evidence from bond mutual funds,https://doi.org/10.1016/j.jbankfin.2024.107217,https://doi.org/10.1016/j.jbankfin.2024.107217,paywalled,未找到开放获取副本
journal-of-banking-and-finance,2024,Leverage constraints and investors' choice of underlyings,https://doi.org/10.1016/j.jbankfin.2024.107150,https://doi.org/10.1016/j.jbankfin.2024.107150,paywalled,non-pdf-content
journal-of-banking-and-finance,2024,Crisis rescue via direct purchase: Evidence from China,https://doi.org/10.1016/j.jbankfin.2024.107223,https://doi.org/10.1016/j.jbankfin.2024.107223,paywalled,未找到开放获取副本
journal-of-banking-and-finance,2024,"CFO social capital, liquidity management, and the market value of cash✰",https://doi.org/10.1016/j.jbankfin.2024.107163,https://doi.org/10.1016/j.jbankfin.2024.107163,paywalled,non-pdf-content
journal-of-banking-and-finance,2024,When Prospect Theory Meets Mean-Reverting Asset Returns: A Behavioral Dynamic Trading Model,https://doi.org/10.1016/j.jbankfin.2024.107159,https://doi.org/10.1016/j.jbankfin.2024.107159,paywalled,未找到开放获取副本
journal-of-banking-and-finance,2024,How free is free? Retail trading costs with zero commissions,https://doi.org/10.1016/j.jbankfin.2024.107226,https://doi.org/10.1016/j.jbankfin.2024.107226,paywalled,未找到开放获取副本
journal-of-banking-and-finance,2024,Variance risk premiums in emerging markets,https://doi.org/10.1016/j.jbankfin.2024.107259,https://doi.org/10.1016/j.jbankfin.2024.107259,paywalled,未找到开放获取副本
journal-of-banking-and-finance,2024,Belief dispersion in the Chinese stock market and fund flows,https://doi.org/10.1016/j.jbankfin.2024.107252,https://doi.org/10.1016/j.jbankfin.2024.107252,paywalled,未找到开放获取副本
journal-of-banking-and-finance,2024,Information Dissemination and the Monetary Policy Uncertainty Premium: Evidence from China,https://doi.org/10.1016/j.jbankfin.2024.107371,https://doi.org/10.1016/j.jbankfin.2024.107371,paywalled,未找到开放获取副本
journal-of-banking-and-finance,2024,A factor model for the cross-section of country equity risk premia,https://doi.org/10.1016/j.jbankfin.2024.107373,https://doi.org/10.1016/j.jbankfin.2024.107373,paywalled,non-pdf-content
journal-of-banking-and-finance,2024,Global currency hedging with ambiguity,https://doi.org/10.1016/j.jbankfin.2024.107366,https://doi.org/10.1016/j.jbankfin.2024.107366,paywalled,non-pdf-content
journal-of-banking-and-finance,2024,Optimal investor life cycle decisions with time-inconsistent preferences,https://doi.org/10.1016/j.jbankfin.2024.107115,https://doi.org/10.1016/j.jbankfin.2024.107115,paywalled,未找到开放获取副本
journal-of-banking-and-finance,2024,The myth of tightening credit rating standards in the market for corporate debt,https://doi.org/10.1016/j.jbankfin.2024.107122,https://doi.org/10.1016/j.jbankfin.2024.107122,paywalled,non-pdf-content
journal-of-banking-and-finance,2024,Mutual fund flows and government bond returns,https://doi.org/10.1016/j.jbankfin.2024.107119,https://doi.org/10.1016/j.jbankfin.2024.107119,paywalled,未找到开放获取副本
journal-of-banking-and-finance,2024,Limit-hitting exciting effects: Modeling jump dependencies in stock markets adhering to daily price-limit rules,https://doi.org/10.1016/j.jbankfin.2024.107184,https://doi.org/10.1016/j.jbankfin.2024.107184,failed,HTTP 202
journal-of-banking-and-finance,2024,Interaction effects in the cross-section of country and industry returns,https://doi.org/10.1016/j.jbankfin.2024.107200,https://doi.org/10.1016/j.jbankfin.2024.107200,paywalled,未找到开放获取副本
journal-of-banking-and-finance,2024,Decomposing momentum: The forgotten component,https://doi.org/10.1016/j.jbankfin.2024.107292,https://doi.org/10.1016/j.jbankfin.2024.107292,paywalled,未找到开放获取副本
journal-of-banking-and-finance,2024,Experimenting with financial professionals,https://doi.org/10.1016/j.jbankfin.2024.107329,https://doi.org/10.1016/j.jbankfin.2024.107329,paywalled,non-pdf-content
journal-of-banking-and-finance,2024,Diamond cuts diamond: News co-mention momentum spillover prevails in China,https://doi.org/10.1016/j.jbankfin.2024.107356,https://doi.org/10.1016/j.jbankfin.2024.107356,paywalled,未找到开放获取副本
journal-of-banking-and-finance,2024,Uncertainty and cross-sectional stock returns: Evidence from China,https://doi.org/10.1016/j.jbankfin.2024.107374,https://doi.org/10.1016/j.jbankfin.2024.107374,paywalled,未找到开放获取副本
journal-of-banking-and-finance,2024,Game in another town: Geography of stock watchlists and firm valuation,https://doi.org/10.1016/j.jbankfin.2024.107164,https://doi.org/10.1016/j.jbankfin.2024.107164,paywalled,未找到开放获取副本
journal-of-banking-and-finance,2024,Trading options and CDS on stocks under the short sale ban,https://doi.org/10.1016/j.jbankfin.2024.107243,http://dx.doi.org/10.1016/j.jbankfin.2024.107243,paywalled,未找到开放获取副本
journal-of-banking-and-finance,2024,"Bank ownership, credit supply volatility, and macroeconomic volatility",https://doi.org/10.1016/j.jbankfin.2024.107183,https://doi.org/10.1016/j.jbankfin.2024.107183,paywalled,未找到开放获取副本
journal-of-banking-and-finance,2024,Does policy uncertainty travel across borders? Evidence from MNC subsidiary investment decisions,https://doi.org/10.1016/j.jbankfin.2024.107195,https://doi.org/10.1016/j.jbankfin.2024.107195,paywalled,未找到开放获取副本
journal-of-banking-and-finance,2024,Task-oriented speech and information processing,https://doi.org/10.1016/j.jbankfin.2024.107095,https://doi.org/10.1016/j.jbankfin.2024.107095,paywalled,未找到开放获取副本
journal-of-banking-and-finance,2024,Discount rates and cash flows: A local projection approach,https://doi.org/10.1016/j.jbankfin.2024.107127,https://doi.org/10.1016/j.jbankfin.2024.107127,paywalled,non-pdf-content
journal-of-banking-and-finance,2024,Portfolio pumping and dumping among Chinese mutual fund companies,https://doi.org/10.1016/j.jbankfin.2024.107155,https://doi.org/10.1016/j.jbankfin.2024.107155,paywalled,未找到开放获取副本
journal-of-banking-and-finance,2024,Preopening auctions and price discovery in initial public offerings,https://doi.org/10.1016/j.jbankfin.2024.107196,https://doi.org/10.1016/j.jbankfin.2024.107196,paywalled,未找到开放获取副本
journal-of-banking-and-finance,2024,Cross-country determinants of market efficiency: A technical analysis perspective,https://doi.org/10.1016/j.jbankfin.2024.107297,https://doi.org/10.1016/j.jbankfin.2024.107297,paywalled,non-pdf-content
journal-of-banking-and-finance,2024,"Good idiosyncratic volatility, bad idiosyncratic volatility, and the cross-section of stock returns",https://doi.org/10.1016/j.jbankfin.2024.107343,https://doi.org/10.1016/j.jbankfin.2024.107343,paywalled,未找到开放获取副本
journal-of-banking-and-finance,2024,A general option pricing framework for affine fractionally integrated models,https://doi.org/10.1016/j.jbankfin.2024.107346,https://doi.org/10.1016/j.jbankfin.2024.107346,paywalled,non-pdf-content
journal-of-banking-and-finance,2024,Timing sentiment with style: Evidence from mutual funds,https://doi.org/10.1016/j.jbankfin.2024.107197,https://doi.org/10.1016/j.jbankfin.2024.107197,paywalled,未找到开放获取副本
journal-of-banking-and-finance,2024,Forecasting the realized variance in the presence of intraday periodicity,https://doi.org/10.1016/j.jbankfin.2024.107342,https://doi.org/10.1016/j.jbankfin.2024.107342,paywalled,non-pdf-content
journal-of-banking-and-finance,2024,Does maker-taker limit order subsidy improve market outcomes? Quasi-natural experimental evidence,https://doi.org/10.1016/j.jbankfin.2024.107330,https://doi.org/10.1016/j.jbankfin.2024.107330,paywalled,non-pdf-content
journal-of-banking-and-finance,2024,Do ETFs increase the comovements of their underlying assets? Evidence from a switch in ETF replication technique,https://doi.org/10.1016/j.jbankfin.2024.107333,https://doi.org/10.1016/j.jbankfin.2024.107333,paywalled,non-pdf-content
journal-of-banking-and-finance,2024,Infectious disease outbreaks and the disposition effect of mutual fund investors,https://doi.org/10.1016/j.jbankfin.2024.107344,https://doi.org/10.1016/j.jbankfin.2024.107344,paywalled,未找到开放获取副本
journal-of-banking-and-finance,2024,The information content of retail order flow: Evidence from fragmented markets,https://doi.org/10.1016/j.jbankfin.2024.107275,https://doi.org/10.1016/j.jbankfin.2024.107275,paywalled,未找到开放获取副本
journal-of-banking-and-finance,2024,Information spillover and cross-predictability of currency returns: An analysis via Machine Learning,https://doi.org/10.1016/j.jbankfin.2024.107313,https://doi.org/10.1016/j.jbankfin.2024.107313,paywalled,未找到开放获取副本
journal-of-banking-and-finance,2024,Downside risk and hedge fund returns,https://doi.org/10.1016/j.jbankfin.2024.107345,https://doi.org/10.1016/j.jbankfin.2024.107345,paywalled,non-pdf-content
journal-of-banking-and-finance,2024,Optimal delegation contract with portfolio risk,https://doi.org/10.1016/j.jbankfin.2024.107357,https://doi.org/10.1016/j.jbankfin.2024.107357,paywalled,non-pdf-content
journal-of-banking-and-finance,2024,The effect of institutional herding on stock prices: The differentiating role of credit ratings,https://doi.org/10.1016/j.jbankfin.2024.107186,https://doi.org/10.1016/j.jbankfin.2024.107186,paywalled,未找到开放获取副本
journal-of-banking-and-finance,2024,Crowding of international mutual funds,https://doi.org/10.1016/j.jbankfin.2024.107202,https://doi.org/10.1016/j.jbankfin.2024.107202,paywalled,non-pdf-content
journal-of-banking-and-finance,2024,Market timing in open market bond repurchases,https://doi.org/10.1016/j.jbankfin.2024.107094,https://doi.org/10.1016/j.jbankfin.2024.107094,paywalled,未找到开放获取副本
journal-of-banking-and-finance,2024,Uncertainty premia for small and large risks,https://doi.org/10.1016/j.jbankfin.2024.107253,https://doi.org/10.1016/j.jbankfin.2024.107253,paywalled,未找到开放获取副本
journal-of-banking-and-finance,2024,"Pure risk, agency conflict, and hedging",https://doi.org/10.1016/j.jbankfin.2024.107294,http://dx.doi.org/10.1016/j.jbankfin.2024.107294,paywalled,未找到开放获取副本
journal-of-banking-and-finance,2024,Trading without meeting friends: Empirical evidence from the wuhan lockdown in 2020,https://doi.org/10.1016/j.jbankfin.2024.107355,https://doi.org/10.1016/j.jbankfin.2024.107355,paywalled,non-pdf-content
journal-of-banking-and-finance,2024,Vulnerable funding in the global economy,https://doi.org/10.1016/j.jbankfin.2024.107314,https://doi.org/10.1016/j.jbankfin.2024.107314,paywalled,non-pdf-content
journal-of-banking-and-finance,2024,"Competition, coinsurance and moral hazard in banking",https://doi.org/10.1016/j.jbankfin.2024.107207,https://doi.org/10.1016/j.jbankfin.2024.107207,paywalled,non-pdf-content
journal-of-banking-and-finance,2024,The treasury auction risk premium,https://doi.org/10.1016/j.jbankfin.2024.107316,https://doi.org/10.1016/j.jbankfin.2024.107316,paywalled,未找到开放获取副本
journal-of-banking-and-finance,2024,Unspanned stochastic volatility in the linear-rational square-root model: Evidence from the Treasury market,https://doi.org/10.1016/j.jbankfin.2024.107354,https://doi.org/10.1016/j.jbankfin.2024.107354,paywalled,non-pdf-content
journal-of-banking-and-finance,2024,Do analysts disseminate anomaly information in China?,https://doi.org/10.1016/j.jbankfin.2024.107221,https://doi.org/10.1016/j.jbankfin.2024.107221,paywalled,未找到开放获取副本
journal-of-banking-and-finance,2024,Information spillovers and cross monitoring between the stock market and loan market,https://doi.org/10.1016/j.jbankfin.2024.107351,https://doi.org/10.1016/j.jbankfin.2024.107351,paywalled,未找到开放获取副本
journal-of-banking-and-finance,2024,"Options trading, managerial risk-taking, and brand development",https://doi.org/10.1016/j.jbankfin.2024.107319,https://doi.org/10.1016/j.jbankfin.2024.107319,paywalled,未找到开放获取副本
journal-of-banking-and-finance,2024,A new measure for differences of opinions: Institutional trade dispersion,https://doi.org/10.1016/j.jbankfin.2024.107334,https://doi.org/10.1016/j.jbankfin.2024.107334,paywalled,未找到开放获取副本
journal-of-banking-and-finance,2024,How should we measure the performance of corporate bond mutual funds? Evaluating model quality and impact on inferences,https://doi.org/10.1016/j.jbankfin.2024.107367,https://doi.org/10.1016/j.jbankfin.2024.107367,paywalled,non-pdf-content
journal-of-banking-and-finance,2023,Dissecting climate risks: Are they reflected in stock prices?,https://doi.org/10.1016/j.jbankfin.2023.106948,https://doi.org/10.1016/j.jbankfin.2023.106948,paywalled,未找到开放获取副本
journal-of-banking-and-finance,2023,Real estate security token offerings and the secondary market: Driven by crypto hype or fundamentals?,https://doi.org/10.1016/j.jbankfin.2023.106940,https://doi.org/10.1016/j.jbankfin.2023.106940,paywalled,non-pdf-content
journal-of-banking-and-finance,2023,How effectively do green bonds help the environment?,https://doi.org/10.1016/j.jbankfin.2023.107051,https://doi.org/10.1016/j.jbankfin.2023.107051,paywalled,未找到开放获取副本
journal-of-banking-and-finance,2023,Fed communication on financial stability concerns and monetary policy decisions: Revelations from speeches,https://doi.org/10.1016/j.jbankfin.2023.106820,https://doi.org/10.1016/j.jbankfin.2023.106820,paywalled,non-pdf-content
journal-of-banking-and-finance,2023,Forecasts of the real price of oil revisited: Do they beat the random walk?,https://doi.org/10.1016/j.jbankfin.2023.106962,https://doi.org/10.1016/j.jbankfin.2023.106962,paywalled,non-pdf-content
journal-of-banking-and-finance,2023,Salience theory and cryptocurrency returns,https://doi.org/10.1016/j.jbankfin.2023.107052,https://doi.org/10.1016/j.jbankfin.2023.107052,paywalled,non-pdf-content
journal-of-banking-and-finance,2023,Customer concentration and stock liquidity,https://doi.org/10.1016/j.jbankfin.2023.106935,https://doi.org/10.1016/j.jbankfin.2023.106935,paywalled,未找到开放获取副本
journal-of-banking-and-finance,2023,Enhancement in a firm's information environment via options trading and the efficiency of corporate investment,https://doi.org/10.1016/j.jbankfin.2023.106809,https://doi.org/10.1016/j.jbankfin.2023.106809,failed,HTTP 403
journal-of-banking-and-finance,2023,IPO underpricing and limited attention: Theory and evidence,https://doi.org/10.1016/j.jbankfin.2023.106932,https://doi.org/10.1016/j.jbankfin.2023.106932,paywalled,未找到开放获取副本
journal-of-banking-and-finance,2023,Term premium in a fractionally cointegrated yield curve,https://doi.org/10.1016/j.jbankfin.2023.106777,https://doi.org/10.1016/j.jbankfin.2023.106777,failed,HTTP 403
journal-of-banking-and-finance,2023,Government guarantees and bank liquidity creation around the world,https://doi.org/10.1016/j.jbankfin.2023.107048,https://doi.org/10.1016/j.jbankfin.2023.107048,paywalled,未找到开放获取副本
journal-of-banking-and-finance,2023,International factor models,https://doi.org/10.1016/j.jbankfin.2023.106819,https://doi.org/10.1016/j.jbankfin.2023.106819,paywalled,non-pdf-content
journal-of-banking-and-finance,2023,"Uncertainty, credit and investment: Evidence from firm-bank matched data",https://doi.org/10.1016/j.jbankfin.2023.106974,https://doi.org/10.1016/j.jbankfin.2023.106974,failed,"网络错误 [Errno 8] nodename nor servname provided, or not known"
journal-of-banking-and-finance,2023,Leveling the playing field? The effect of disclosing fund manager activeness to individual investors,https://doi.org/10.1016/j.jbankfin.2023.106915,https://doi.org/10.1016/j.jbankfin.2023.106915,paywalled,未找到开放获取副本
journal-of-banking-and-finance,2023,How informative are insider trades and analyst recommendations?,https://doi.org/10.1016/j.jbankfin.2023.106787,https://doi.org/10.1016/j.jbankfin.2023.106787,paywalled,non-pdf-content
journal-of-banking-and-finance,2023,Beauty and stock market participation,https://doi.org/10.1016/j.jbankfin.2023.106994,https://doi.org/10.1016/j.jbankfin.2023.106994,paywalled,未找到开放获取副本
journal-of-banking-and-finance,2023,"Misery on Main Street, victory on Wall Street: Economic discomfort and the cross-section of global stock returns",https://doi.org/10.1016/j.jbankfin.2023.106760,https://doi.org/10.1016/j.jbankfin.2023.106760,paywalled,未找到开放获取副本
journal-of-banking-and-finance,2023,Institutional investor inattention bias in auctioned IPOs,https://doi.org/10.1016/j.jbankfin.2023.106831,https://doi.org/10.1016/j.jbankfin.2023.106831,paywalled,未找到开放获取副本
journal-of-banking-and-finance,2023,Algorithmic trading and market quality: International evidence of the impact of errors in colocation dates,https://doi.org/10.1016/j.jbankfin.2023.106843,https://doi.org/10.1016/j.jbankfin.2023.106843,paywalled,non-pdf-content
journal-of-banking-and-finance,2023,Anticipating jumps: Decomposition of straddle price,https://doi.org/10.1016/j.jbankfin.2022.106755,https://doi.org/10.1016/j.jbankfin.2022.106755,paywalled,non-pdf-content
journal-of-banking-and-finance,2023,Dimensions of national culture and R2 around the world,https://doi.org/10.1016/j.jbankfin.2023.106949,https://doi.org/10.1016/j.jbankfin.2023.106949,paywalled,未找到开放获取副本
journal-of-banking-and-finance,2023,Context‐specific experience and institutional investors’ performance,https://doi.org/10.1016/j.jbankfin.2023.106786,https://doi.org/10.1016/j.jbankfin.2023.106786,failed,HTTP 403
journal-of-banking-and-finance,2023,Hot potatoes: Underpricing of stocks following extreme negative returns,https://doi.org/10.1016/j.jbankfin.2023.106757,https://doi.org/10.1016/j.jbankfin.2023.106757,paywalled,未找到开放获取副本
journal-of-banking-and-finance,2023,Panic and propagation in 1873: A network analytic approach,https://doi.org/10.1016/j.jbankfin.2023.106844,https://doi.org/10.1016/j.jbankfin.2023.106844,paywalled,non-pdf-content
journal-of-banking-and-finance,2023,"Competition, investment reversibility, and equity risk premium",https://doi.org/10.1016/j.jbankfin.2023.106899,https://doi.org/10.1016/j.jbankfin.2023.106899,paywalled,non-pdf-content
journal-of-banking-and-finance,2023,When school ties meet geography: Education-province bias in mutual fund portfolios,https://doi.org/10.1016/j.jbankfin.2023.107021,https://doi.org/10.1016/j.jbankfin.2023.107021,paywalled,non-pdf-content
journal-of-banking-and-finance,2023,Rational disposition effects: Theory and evidence,https://doi.org/10.1016/j.jbankfin.2023.106858,https://doi.org/10.1016/j.jbankfin.2023.106858,paywalled,non-pdf-content
journal-of-banking-and-finance,2023,Cranes among chickens: The general-attention‐grabbing effect of daily price limits in China's stock market,https://doi.org/10.1016/j.jbankfin.2023.106818,https://doi.org/10.1016/j.jbankfin.2023.106818,paywalled,未找到开放获取副本
journal-of-banking-and-finance,2023,Dark premonitions: Pre-bankruptcy investor attention and behavior,https://doi.org/10.1016/j.jbankfin.2023.106853,https://doi.org/10.1016/j.jbankfin.2023.106853,paywalled,未找到开放获取副本
journal-of-banking-and-finance,2023,"Credit shocks, employment protection, and growth:firm-level evidence from spain",https://doi.org/10.1016/j.jbankfin.2023.106850,https://doi.org/10.1016/j.jbankfin.2023.106850,paywalled,non-pdf-content
journal-of-banking-and-finance,2023,Delta hedging and volatility-price elasticity: A two-step approach,https://doi.org/10.1016/j.jbankfin.2023.106898,https://doi.org/10.1016/j.jbankfin.2023.106898,paywalled,non-pdf-content
journal-of-banking-and-finance,2023,"Downside variance premium, firm fundamentals, and expected corporate bond returns",https://doi.org/10.1016/j.jbankfin.2023.106946,https://doi.org/10.1016/j.jbankfin.2023.106946,paywalled,non-pdf-content
journal-of-banking-and-finance,2023,Fund Flows and Asset Valuations of Bond Mutual Funds: Effect of Side-by-Side Management,https://doi.org/10.1016/j.jbankfin.2023.106961,https://doi.org/10.1016/j.jbankfin.2023.106961,paywalled,未找到开放获取副本
journal-of-banking-and-finance,2023,Information shares for markets with partially overlapping trading hours,https://doi.org/10.1016/j.jbankfin.2023.106970,https://doi.org/10.1016/j.jbankfin.2023.106970,paywalled,non-pdf-content
journal-of-banking-and-finance,2023,"Behavioral bias, distorted stock prices, and stock splits",https://doi.org/10.1016/j.jbankfin.2023.106939,https://doi.org/10.1016/j.jbankfin.2023.106939,failed,HTTP 202
journal-of-banking-and-finance,2023,Pension funding and the cross section of stock returns - The case of Germany,https://doi.org/10.1016/j.jbankfin.2023.106816,https://doi.org/10.1016/j.jbankfin.2023.106816,paywalled,未找到开放获取副本
journal-of-banking-and-finance,2023,Experiments in finance,https://doi.org/10.1016/j.jbankfin.2023.106975,https://doi.org/10.1016/j.jbankfin.2023.106975,failed,HTTP 403
journal-of-banking-and-finance,2023,Why does option-implied volatility forecast realized volatility? Evidence from news events,https://doi.org/10.1016/j.jbankfin.2023.107019,https://doi.org/10.1016/j.jbankfin.2023.107019,paywalled,未找到开放获取副本
journal-of-banking-and-finance,2023,Currency carry trades and global funding risk,https://doi.org/10.1016/j.jbankfin.2023.106800,https://doi.org/10.1016/j.jbankfin.2023.106800,paywalled,未找到开放获取副本
journal-of-banking-and-finance,2023,Modeling the time-varying dynamic term structure of interest rates,https://doi.org/10.1016/j.jbankfin.2023.106908,https://doi.org/10.1016/j.jbankfin.2023.106908,paywalled,non-pdf-content
journal-of-banking-and-finance,2023,"Reprint of: COVID-19, lockdowns, and the municipal bond market",https://doi.org/10.1016/j.jbankfin.2023.106758,https://doi.org/10.1016/j.jbankfin.2023.106758,paywalled,non-pdf-content
journal-of-banking-and-finance,2023,Price discovery in equity markets: A state-dependent analysis of spot and futures markets,https://doi.org/10.1016/j.jbankfin.2023.106808,https://doi.org/10.1016/j.jbankfin.2023.106808,paywalled,non-pdf-content
journal-of-banking-and-finance,2023,Personal bankruptcy and post-bankruptcy liquidity constraint,https://doi.org/10.1016/j.jbankfin.2023.106861,https://doi.org/10.1016/j.jbankfin.2023.106861,paywalled,未找到开放获取副本
journal-of-banking-and-finance,2023,Uncovering the Asymmetric Information Content of High-Frequency Options,https://doi.org/10.1016/j.jbankfin.2026.107720,https://doi.org/10.1016/j.jbankfin.2026.107720,paywalled,non-pdf-content
journal-of-banking-and-finance,2023,Decreasing returns to scale and skill in hedge funds,https://doi.org/10.1016/j.jbankfin.2023.107009,https://doi.org/10.1016/j.jbankfin.2023.107009,paywalled,non-pdf-content
journal-of-banking-and-finance,2023,Do Hedge Funds Value Sell-Side Analysts Differently?,https://doi.org/10.1016/j.jbankfin.2023.106960,https://doi.org/10.1016/j.jbankfin.2023.106960,paywalled,未找到开放获取副本
journal-of-banking-and-finance,2023,Additions to and deletions from the S&amp;P 500 index: A resolution to the asymmetric price response puzzle,https://doi.org/10.1016/j.jbankfin.2023.106976,https://doi.org/10.1016/j.jbankfin.2023.106976,paywalled,未找到开放获取副本
journal-of-banking-and-finance,2023,Shades of trade: Dark trading and price efficiency,https://doi.org/10.1016/j.jbankfin.2023.107004,https://doi.org/10.1016/j.jbankfin.2023.107004,paywalled,未找到开放获取副本
journal-of-banking-and-finance,2023,Do stock-level experienced returns influence security selection?,https://doi.org/10.1016/j.jbankfin.2023.107034,https://doi.org/10.1016/j.jbankfin.2023.107034,paywalled,未找到开放获取副本
journal-of-banking-and-finance,2023,Do stock exchanges specialize? Evidence from the New Jersey transaction tax proposal,https://doi.org/10.1016/j.jbankfin.2023.106942,https://doi.org/10.1016/j.jbankfin.2023.106942,paywalled,未找到开放获取副本
journal-of-banking-and-finance,2023,Strategic supply management and mechanism choice in government debt auctions: An empirical analysis from the Philippines,https://doi.org/10.1016/j.jbankfin.2023.106945,https://doi.org/10.1016/j.jbankfin.2023.106945,paywalled,non-pdf-content
journal-of-banking-and-finance,2023,Financial Uncertainty and the Cross-Section of Cryptocurrency Returns,https://doi.org/10.1016/j.jbankfin.2026.107717,https://doi.org/10.1016/j.jbankfin.2026.107717,paywalled,non-pdf-content
journal-of-banking-and-finance,2022,The conditional impact of investor sentiment in global stock markets: A two-channel examination,https://doi.org/10.1016/j.jbankfin.2022.106458,https://doi.org/10.1016/j.jbankfin.2022.106458,paywalled,non-pdf-content
journal-of-banking-and-finance,2022,Contagion and tail risk in complex financial networks,https://doi.org/10.1016/j.jbankfin.2022.106560,https://doi.org/10.1016/j.jbankfin.2022.106560,paywalled,non-pdf-content
journal-of-banking-and-finance,2022,Large dynamic covariance matrices: Enhancements based on intraday data,https://doi.org/10.1016/j.jbankfin.2022.106426,https://doi.org/10.1016/j.jbankfin.2022.106426,paywalled,non-pdf-content
journal-of-banking-and-finance,2022,Herding and China's market-wide circuit breaker,https://doi.org/10.1016/j.jbankfin.2022.106533,https://doi.org/10.1016/j.jbankfin.2022.106533,paywalled,未找到开放获取副本
journal-of-banking-and-finance,2022,"Political corruption, trust, and household stock market participation",https://doi.org/10.1016/j.jbankfin.2022.106442,https://doi.org/10.1016/j.jbankfin.2022.106442,failed,HTTP 403
journal-of-banking-and-finance,2022,Firm-level investor sentiment and corporate announcement returns,https://doi.org/10.1016/j.jbankfin.2022.106586,https://doi.org/10.1016/j.jbankfin.2022.106586,paywalled,未找到开放获取副本
journal-of-banking-and-finance,2022,Machine-Learning-enhanced systemic risk measure: A Two-Step supervised learning approach,https://doi.org/10.1016/j.jbankfin.2022.106416,https://doi.org/10.1016/j.jbankfin.2022.106416,paywalled,未找到开放获取副本
journal-of-banking-and-finance,2022,Stock liquidity and algorithmic market making during the COVID-19 crisis,https://doi.org/10.1016/j.jbankfin.2022.106415,https://doi.org/10.1016/j.jbankfin.2022.106415,paywalled,未找到开放获取副本
journal-of-banking-and-finance,2022,Enhanced momentum strategies,https://doi.org/10.1016/j.jbankfin.2022.106712,https://doi.org/10.1016/j.jbankfin.2022.106712,paywalled,未找到开放获取副本
journal-of-banking-and-finance,2022,The Winner Takes It All: Investor Sentiment and the Eurovision Song Contest,https://doi.org/10.1016/j.jbankfin.2022.106432,https://doi.org/10.1016/j.jbankfin.2022.106432,paywalled,未找到开放获取副本
journal-of-banking-and-finance,2022,Investment preferences and risk perception: Financial agents versus clients,https://doi.org/10.1016/j.jbankfin.2022.106489,https://doi.org/10.1016/j.jbankfin.2022.106489,paywalled,non-pdf-content
journal-of-banking-and-finance,2022,How new Fed corporate bond programs cushioned the Covid-19 recession,https://doi.org/10.1016/j.jbankfin.2022.106413,https://doi.org/10.1016/j.jbankfin.2022.106413,paywalled,non-pdf-content
journal-of-banking-and-finance,2022,"COVID-19, lockdowns, and the municipal bond market",https://doi.org/10.1016/j.jbankfin.2022.106590,https://doi.org/10.1016/j.jbankfin.2022.106590,paywalled,non-pdf-content
journal-of-banking-and-finance,2022,Fund performance and social responsibility: New evidence using social active share and social tracking error,https://doi.org/10.1016/j.jbankfin.2022.106598,https://doi.org/10.1016/j.jbankfin.2022.106598,paywalled,未找到开放获取副本
journal-of-banking-and-finance,2022,Modeling and forecasting realized portfolio weights,https://doi.org/10.1016/j.jbankfin.2022.106404,https://doi.org/10.1016/j.jbankfin.2022.106404,paywalled,未找到开放获取副本
journal-of-banking-and-finance,2022,Bequest motives in consumption-portfolio decisions with recursive utility,https://doi.org/10.1016/j.jbankfin.2022.106428,https://doi.org/10.1016/j.jbankfin.2022.106428,paywalled,non-pdf-content
journal-of-banking-and-finance,2022,"Loaded for bear: Bitcoin private wallets, exchange reserves and prices",https://doi.org/10.1016/j.jbankfin.2022.106622,https://doi.org/10.1016/j.jbankfin.2022.106622,paywalled,未找到开放获取副本
journal-of-banking-and-finance,2022,A stochastic programming model for dynamic portfolio management with financial derivatives,https://doi.org/10.1016/j.jbankfin.2022.106445,https://doi.org/10.1016/j.jbankfin.2022.106445,paywalled,non-pdf-content
journal-of-banking-and-finance,2022,GARCH option pricing with volatility derivatives,https://doi.org/10.1016/j.jbankfin.2022.106718,https://doi.org/10.1016/j.jbankfin.2022.106718,paywalled,未找到开放获取副本
journal-of-banking-and-finance,2022,Do retail traders destabilize financial markets? An investigation surrounding the COVID-19 pandemic,https://doi.org/10.1016/j.jbankfin.2022.106627,https://doi.org/10.1016/j.jbankfin.2022.106627,paywalled,non-pdf-content
journal-of-banking-and-finance,2022,Cross-asset time-series momentum: Crude oil volatility and global stock markets,https://doi.org/10.1016/j.jbankfin.2022.106704,https://doi.org/10.1016/j.jbankfin.2022.106704,paywalled,未找到开放获取副本
journal-of-banking-and-finance,2022,Patented knowledge capital and implied equity risk premium,https://doi.org/10.1016/j.jbankfin.2022.106738,https://doi.org/10.1016/j.jbankfin.2022.106738,paywalled,未找到开放获取副本
journal-of-banking-and-finance,2022,Optimal portfolio choice for higher-order risk averters,https://doi.org/10.1016/j.jbankfin.2022.106429,https://doi.org/10.1016/j.jbankfin.2022.106429,paywalled,未找到开放获取副本
journal-of-banking-and-finance,2022,The value of (private) investor relations during the COVID-19 crisis,https://doi.org/10.1016/j.jbankfin.2022.106450,https://doi.org/10.1016/j.jbankfin.2022.106450,paywalled,non-pdf-content
journal-of-banking-and-finance,2022,"Short-term reversals, returns to liquidity provision and the costs of immediacy*",https://doi.org/10.1016/j.jbankfin.2022.106430,https://doi.org/10.1016/j.jbankfin.2022.106430,paywalled,non-pdf-content
journal-of-banking-and-finance,2022,"Profitability, asset investment, and aggregate stock returns",https://doi.org/10.1016/j.jbankfin.2022.106597,https://doi.org/10.1016/j.jbankfin.2022.106597,failed,网络错误 [Errno 54] Connection reset by peer
journal-of-banking-and-finance,2022,Reprint of: Do retail traders destabilize financial markets? An investigation surrounding the COVID-19 pandemic,https://doi.org/10.1016/j.jbankfin.2022.106744,https://doi.org/10.1016/j.jbankfin.2022.106744,paywalled,non-pdf-content
journal-of-banking-and-finance,2022,Measuring commodity market quality,https://doi.org/10.1016/j.jbankfin.2022.106658,https://doi.org/10.1016/j.jbankfin.2022.106658,paywalled,未找到开放获取副本
journal-of-banking-and-finance,2022,Scenario-free analysis of financial stability with interacting contagion channels,https://doi.org/10.1016/j.jbankfin.2022.106684,https://doi.org/10.1016/j.jbankfin.2022.106684,paywalled,non-pdf-content
journal-of-banking-and-finance,2022,"Dynamics of stock market developments, financial behavior, and emotions",https://doi.org/10.1016/j.jbankfin.2022.106711,https://doi.org/10.1016/j.jbankfin.2022.106711,failed,HTTP 403
journal-of-banking-and-finance,2022,Expected and Unexpected Jumps in the Overnight Rate: Consistent Management of the Libor Transition,https://doi.org/10.1016/j.jbankfin.2022.106669,https://doi.org/10.1016/j.jbankfin.2022.106669,paywalled,未找到开放获取副本
journal-of-banking-and-finance,2022,Analysts’ reliance on industry-level versus firm-specific information: Implications for information production,https://doi.org/10.1016/j.jbankfin.2022.106555,https://doi.org/10.1016/j.jbankfin.2022.106555,paywalled,未找到开放获取副本
journal-of-banking-and-finance,2022,Optimal information production of mutual funds: Evidence from China,https://doi.org/10.1016/j.jbankfin.2022.106585,https://doi.org/10.1016/j.jbankfin.2022.106585,paywalled,未找到开放获取副本
journal-of-banking-and-finance,2022,A machine learning attack on illegal trading,https://doi.org/10.1016/j.jbankfin.2022.106735,https://doi.org/10.1016/j.jbankfin.2022.106735,paywalled,未找到开放获取副本
journal-of-banking-and-finance,2022,"Option Returns, Risk Premiums, and Demand Pressure in Energy Markets",https://doi.org/10.1016/j.jbankfin.2022.106687,https://doi.org/10.1016/j.jbankfin.2022.106687,paywalled,未找到开放获取副本
journal-of-banking-and-finance,2022,Global weather-based trading strategies,https://doi.org/10.1016/j.jbankfin.2022.106558,https://doi.org/10.1016/j.jbankfin.2022.106558,paywalled,未找到开放获取副本
journal-of-banking-and-finance,2022,Internal risk limits of dealers and corporate bond market making,https://doi.org/10.1016/j.jbankfin.2022.106653,https://doi.org/10.1016/j.jbankfin.2022.106653,paywalled,未找到开放获取副本
journal-of-banking-and-finance,2022,"Aggregate 52-week high, limited attention, and time-varying momentum profits",https://doi.org/10.1016/j.jbankfin.2022.106531,https://doi.org/10.1016/j.jbankfin.2022.106531,paywalled,未找到开放获取副本
journal-of-banking-and-finance,2022,The gradient allocation principle based on the higher moment risk measure,https://doi.org/10.1016/j.jbankfin.2022.106544,https://doi.org/10.1016/j.jbankfin.2022.106544,paywalled,non-pdf-content
journal-of-banking-and-finance,2022,Intraday momentum in the VIX futures market,https://doi.org/10.1016/j.jbankfin.2022.106746,https://doi.org/10.1016/j.jbankfin.2022.106746,paywalled,未找到开放获取副本
journal-of-banking-and-finance,2022,Insider trading regulation and shorting constraints. Evaluating the joint effects of two market interventions.,https://doi.org/10.1016/j.jbankfin.2022.106490,https://doi.org/10.1016/j.jbankfin.2022.106490,paywalled,non-pdf-content
journal-of-banking-and-finance,2022,Does asset encumbrance affect bank risk? Evidence from covered bonds,https://doi.org/10.1016/j.jbankfin.2022.106705,https://doi.org/10.1016/j.jbankfin.2022.106705,paywalled,non-pdf-content
journal-of-banking-and-finance,2022,The Shift from Active to Passive and its Effect on Intraday Stock Dynamics,https://doi.org/10.1016/j.jbankfin.2022.106595,https://doi.org/10.1016/j.jbankfin.2022.106595,paywalled,未找到开放获取副本
journal-of-banking-and-finance,2022,Return decomposition over the business cycle,https://doi.org/10.1016/j.jbankfin.2022.106592,https://doi.org/10.1016/j.jbankfin.2022.106592,paywalled,未找到开放获取副本
journal-of-banking-and-finance,2022,Optimal financing and investment strategies under asymmetric information on liquidation value,https://doi.org/10.1016/j.jbankfin.2022.106709,https://doi.org/10.1016/j.jbankfin.2022.106709,paywalled,non-pdf-content
journal-of-banking-and-finance,2022,How do corporate bond investors measure performance? Evidence from mutual fund flows,https://doi.org/10.1016/j.jbankfin.2022.106553,https://doi.org/10.1016/j.jbankfin.2022.106553,failed,HTTP 401
journal-of-banking-and-finance,2022,Do investors value shareholder perks? Evidence from Japan,https://doi.org/10.1016/j.jbankfin.2022.106575,https://doi.org/10.1016/j.jbankfin.2022.106575,paywalled,未找到开放获取副本
journal-of-banking-and-finance,2022,Testing Factor Models in the Cross-Section,https://doi.org/10.1016/j.jbankfin.2022.106626,https://doi.org/10.1016/j.jbankfin.2022.106626,paywalled,未找到开放获取副本
journal-of-banking-and-finance,2022,Detecting political event risk in the option market,https://doi.org/10.1016/j.jbankfin.2022.106624,https://doi.org/10.1016/j.jbankfin.2022.106624,paywalled,non-pdf-content
journal-of-banking-and-finance,2022,"Uncertainty, investment spikes, and corporate leverage adjustments",https://doi.org/10.1016/j.jbankfin.2022.106649,https://doi.org/10.1016/j.jbankfin.2022.106649,paywalled,未找到开放获取副本
journal-of-banking-and-finance,2022,Bond liquidity and investment,https://doi.org/10.1016/j.jbankfin.2022.106651,https://doi.org/10.1016/j.jbankfin.2022.106651,paywalled,未找到开放获取副本
journal-of-banking-and-finance,2022,The changing landscape of treasury auctions,https://doi.org/10.1016/j.jbankfin.2022.106714,https://doi.org/10.1016/j.jbankfin.2022.106714,failed,HTTP 403
journal-of-banking-and-finance,2022,Index fund trading costs are inversely related to fund and family size,https://doi.org/10.1016/j.jbankfin.2022.106527,https://doi.org/10.1016/j.jbankfin.2022.106527,paywalled,未找到开放获取副本
journal-of-banking-and-finance,2022,"Sovereign issuers, incentives and liquidity: The case of the Danish sovereign bond market",https://doi.org/10.1016/j.jbankfin.2022.106485,https://doi.org/10.1016/j.jbankfin.2022.106485,paywalled,non-pdf-content
journal-of-banking-and-finance,2022,MyPortfolio: The IKEA effect in financial investment decisions,https://doi.org/10.1016/j.jbankfin.2022.106529,https://doi.org/10.1016/j.jbankfin.2022.106529,paywalled,未找到开放获取副本
journal-of-banking-and-finance,2022,Investor sentiment and asset prices: Evidence from the ex-day,https://doi.org/10.1016/j.jbankfin.2022.106492,https://doi.org/10.1016/j.jbankfin.2022.106492,paywalled,未找到开放获取副本
journal-of-banking-and-finance,2022,Ambiguity aversion and amplification of financial crisis,https://doi.org/10.1016/j.jbankfin.2022.106559,https://doi.org/10.1016/j.jbankfin.2022.106559,paywalled,未找到开放获取副本
journal-of-banking-and-finance,2022,"Firm life cycle, expectation errors and future stock returns",https://doi.org/10.1016/j.jbankfin.2022.106591,https://doi.org/10.1016/j.jbankfin.2022.106591,failed,HTTP 403
journal-of-banking-and-finance,2022,On the importance of fiscal space: Evidence from short sellers during the COVID-19 pandemic,https://doi.org/10.1016/j.jbankfin.2022.106652,https://doi.org/10.1016/j.jbankfin.2022.106652,paywalled,non-pdf-content
journal-of-banking-and-finance,2022,Biased risk perceptions: Evidence from the laboratory and financial markets,https://doi.org/10.1016/j.jbankfin.2022.106685,https://doi.org/10.1016/j.jbankfin.2022.106685,paywalled,non-pdf-content
journal-of-banking-and-finance,2022,The sum of all fears: Forecasting international returns using option-implied risk measures,https://doi.org/10.1016/j.jbankfin.2022.106701,https://doi.org/10.1016/j.jbankfin.2022.106701,paywalled,未找到开放获取副本
journal-of-banking-and-finance,2022,Fund flow-induced volatility and the cost of debt,https://doi.org/10.1016/j.jbankfin.2022.106702,https://doi.org/10.1016/j.jbankfin.2022.106702,paywalled,未找到开放获取副本
journal-of-banking-and-finance,2022,Legislative gridlock and stock return dispersion around roll-call votes,https://doi.org/10.1016/j.jbankfin.2022.106403,https://doi.org/10.1016/j.jbankfin.2022.106403,paywalled,未找到开放获取副本
journal-of-banking-and-finance,2022,Weighted Least Squares Realized Covariation Estimation,https://doi.org/10.1016/j.jbankfin.2022.106420,https://doi.org/10.1016/j.jbankfin.2022.106420,paywalled,non-pdf-content
journal-of-banking-and-finance,2022,CEO inside debt and mutual fund investment decisions,https://doi.org/10.1016/j.jbankfin.2022.106641,https://doi.org/10.1016/j.jbankfin.2022.106641,failed,HTTP 401
journal-of-banking-and-finance,2022,Impact of Price Path on Disposition Bias,https://doi.org/10.1016/j.jbankfin.2022.106616,https://doi.org/10.1016/j.jbankfin.2022.106616,paywalled,未找到开放获取副本
journal-of-banking-and-finance,2022,Stocks versus corporate bonds: A cross-sectional puzzle,https://doi.org/10.1016/j.jbankfin.2022.106447,https://doi.org/10.1016/j.jbankfin.2022.106447,paywalled,non-pdf-content
journal-of-banking-and-finance,2022,Can Real Options Explain the Skewness of Stock Returns?,https://doi.org/10.1016/j.jbankfin.2022.106751,https://doi.org/10.1016/j.jbankfin.2022.106751,paywalled,non-pdf-content
journal-of-banking-and-finance,2022,Impact of systemic risk regulation on optimal policies and asset prices,https://doi.org/10.1016/j.jbankfin.2022.106621,https://doi.org/10.1016/j.jbankfin.2022.106621,paywalled,未找到开放获取副本
journal-of-banking-and-finance,2022,Two faces of the size effect,https://doi.org/10.1016/j.jbankfin.2022.106708,https://doi.org/10.1016/j.jbankfin.2022.106708,paywalled,未找到开放获取副本
journal-of-banking-and-finance,2022,A large creditor in contagious liquidity crises,https://doi.org/10.1016/j.jbankfin.2022.106706,https://doi.org/10.1016/j.jbankfin.2022.106706,paywalled,未找到开放获取副本
journal-of-banking-and-finance,2022,The Common Currency Channel of Risk Sharing,https://doi.org/10.1016/j.jbankfin.2026.107701,https://doi.org/10.1016/j.jbankfin.2026.107701,paywalled,non-pdf-content
journal-of-banking-and-finance,2022,Fed Put in the Equity Options Markets,https://doi.org/10.1016/j.jbankfin.2026.107697,https://doi.org/10.1016/j.jbankfin.2026.107697,failed,HTTP 403
journal-of-banking-and-finance,2022,Market discipline and regulatory arbitrage: Evidence from ABCP liquidity guarantors,https://doi.org/10.1016/j.jbankfin.2022.106656,https://doi.org/10.1016/j.jbankfin.2022.106656,paywalled,未找到开放获取副本
journal-of-banking-and-finance,2022,Sign matters: Stock-movement-based trading decisions of individual investors,https://doi.org/10.1016/j.jbankfin.2022.106739,https://doi.org/10.1016/j.jbankfin.2022.106739,paywalled,未找到开放获取副本
journal-of-banking-and-finance,2022,Shrouding and the FX trades of global custody bank,https://doi.org/10.1016/j.jbankfin.2022.106414,https://doi.org/10.1016/j.jbankfin.2022.106414,paywalled,未找到开放获取副本
journal-of-banking-and-finance,2022,Reprint of: Delegated asset management and performance when some investors are unsophisticated,https://doi.org/10.1016/j.jbankfin.2022.106406,https://doi.org/10.1016/j.jbankfin.2022.106406,paywalled,未找到开放获取副本
journal-of-banking-and-finance,2022,"Longs, shorts, and the cross-section of stock returns",https://doi.org/10.1016/j.jbankfin.2022.106410,https://doi.org/10.1016/j.jbankfin.2022.106410,paywalled,未找到开放获取副本
journal-of-banking-and-finance,2022,Tax-loss harvesting under uncertainty,https://doi.org/10.1016/j.jbankfin.2022.106528,https://doi.org/10.1016/j.jbankfin.2022.106528,paywalled,未找到开放获取副本
journal-of-banking-and-finance,2022,Option-based intermediary leverage,https://doi.org/10.1016/j.jbankfin.2022.106670,https://doi.org/10.1016/j.jbankfin.2022.106670,paywalled,未找到开放获取副本
journal-of-banking-and-finance,2022,Fair-washing in the market for structured retail products? Voluntary self-regulation versus government regulation,https://doi.org/10.1016/j.jbankfin.2022.106749,https://doi.org/10.1016/j.jbankfin.2022.106749,paywalled,未找到开放获取副本
journal-of-banking-and-finance,2022,The capital gain lock-in effect and seasoned equity offerings,https://doi.org/10.1016/j.jbankfin.2022.106423,https://doi.org/10.1016/j.jbankfin.2022.106423,paywalled,未找到开放获取副本
journal-of-banking-and-finance,2022,"In Memoria Giorgio and Emilia Szegő A special issue on institutions, risk measures, and portfolio optimization",https://doi.org/10.1016/j.jbankfin.2022.106464,https://doi.org/10.1016/j.jbankfin.2022.106464,paywalled,未找到开放获取副本
journal-of-banking-and-finance,2022,"WITHDRAWN: Investment, payout, and cash management under risk and ambiguity",https://doi.org/10.1016/j.jbankfin.2022.106507,https://doi.org/10.1016/j.jbankfin.2022.106507,paywalled,未找到开放获取副本
journal-of-banking-and-finance,2021,Bank systemic risk around COVID-19: A cross-country analysis,https://doi.org/10.1016/j.jbankfin.2021.106299,https://doi.org/10.1016/j.jbankfin.2021.106299,paywalled,non-pdf-content
journal-of-banking-and-finance,2021,Gambling preferences and stock price crash risk: Evidence from China,https://doi.org/10.1016/j.jbankfin.2021.106158,https://doi.org/10.1016/j.jbankfin.2021.106158,paywalled,non-pdf-content
journal-of-banking-and-finance,2021,Downside risk and the cross-section of cryptocurrency returns,https://doi.org/10.1016/j.jbankfin.2021.106246,https://doi.org/10.1016/j.jbankfin.2021.106246,paywalled,未找到开放获取副本
journal-of-banking-and-finance,2021,"Inclusive banking, financial regulation and bank performance: Cross-country evidence",https://doi.org/10.1016/j.jbankfin.2021.106055,https://doi.org/10.1016/j.jbankfin.2021.106055,failed,HTTP 403
journal-of-banking-and-finance,2021,How to measure the liquidity of cryptocurrency markets?,https://doi.org/10.1016/j.jbankfin.2020.106041,https://doi.org/10.1016/j.jbankfin.2020.106041,failed,HTTP 403
journal-of-banking-and-finance,2021,"COVID-19, volatility dynamics, and sentiment trading",https://doi.org/10.1016/j.jbankfin.2021.106162,https://doi.org/10.1016/j.jbankfin.2021.106162,paywalled,non-pdf-content
journal-of-banking-and-finance,2021,Market shocks and professionals’ investment behavior – Evidence from the COVID-19 crash,https://doi.org/10.1016/j.jbankfin.2021.106247,https://doi.org/10.1016/j.jbankfin.2021.106247,paywalled,non-pdf-content
journal-of-banking-and-finance,2021,"Demand shock, speculative beta, and asset prices: Evidence from the Shanghai-Hong Kong Stock Connect program",https://doi.org/10.1016/j.jbankfin.2021.106102,https://doi.org/10.1016/j.jbankfin.2021.106102,failed,HTTP 403
journal-of-banking-and-finance,2021,Liquidity and the cross-section of international stock returns,https://doi.org/10.1016/j.jbankfin.2021.106123,https://doi.org/10.1016/j.jbankfin.2021.106123,paywalled,未找到开放获取副本
journal-of-banking-and-finance,2021,Guidelines for asset pricing research using international equity data from Thomson Reuters Datastream,https://doi.org/10.1016/j.jbankfin.2021.106128,https://doi.org/10.1016/j.jbankfin.2021.106128,paywalled,未找到开放获取副本
journal-of-banking-and-finance,2021,Downside risk and the performance of volatility-managed portfolios,https://doi.org/10.1016/j.jbankfin.2021.106198,https://doi.org/10.1016/j.jbankfin.2021.106198,paywalled,non-pdf-content
journal-of-banking-and-finance,2021,The ordering of historical returns and the cross-section of subsequent returns,https://doi.org/10.1016/j.jbankfin.2021.106064,https://doi.org/10.1016/j.jbankfin.2021.106064,paywalled,non-pdf-content
journal-of-banking-and-finance,2021,"Common ownership, price informativeness, and corporate investment",https://doi.org/10.1016/j.jbankfin.2021.106373,https://doi.org/10.1016/j.jbankfin.2021.106373,failed,HTTP 404
journal-of-banking-and-finance,2021,Tuesday Blues and the day-of-the-week effect in stock returns,https://doi.org/10.1016/j.jbankfin.2021.106243,https://doi.org/10.1016/j.jbankfin.2021.106243,paywalled,未找到开放获取副本
journal-of-banking-and-finance,2021,Portfolio selection with parsimonious higher comoments estimation,https://doi.org/10.1016/j.jbankfin.2021.106115,https://doi.org/10.1016/j.jbankfin.2021.106115,failed,HTTP 404
journal-of-banking-and-finance,2021,Environmental regulation and financial stability: Evidence from Chinese manufacturing firms,https://doi.org/10.1016/j.jbankfin.2021.106396,https://doi.org/10.1016/j.jbankfin.2021.106396,paywalled,未找到开放获取副本
journal-of-banking-and-finance,2021,Systemic risk and severe economic downturns: A targeted and sparse analysis,https://doi.org/10.1016/j.jbankfin.2021.106339,https://doi.org/10.1016/j.jbankfin.2021.106339,paywalled,non-pdf-content
journal-of-banking-and-finance,2021,Asset pricing and FOMC press conferences,https://doi.org/10.1016/j.jbankfin.2021.106163,https://doi.org/10.1016/j.jbankfin.2021.106163,failed,HTTP 403
journal-of-banking-and-finance,2021,The impact of RMB’s SDR inclusion on price discovery in onshore-offshore markets,https://doi.org/10.1016/j.jbankfin.2021.106124,https://doi.org/10.1016/j.jbankfin.2021.106124,paywalled,未找到开放获取副本
journal-of-banking-and-finance,2021,A non-elliptical orthogonal GARCH model for portfolio selection under transaction costs,https://doi.org/10.1016/j.jbankfin.2021.106046,https://doi.org/10.1016/j.jbankfin.2021.106046,paywalled,未找到开放获取副本
journal-of-banking-and-finance,2021,Unemployment and aggregate stock returns,https://doi.org/10.1016/j.jbankfin.2021.106159,https://doi.org/10.1016/j.jbankfin.2021.106159,paywalled,未找到开放获取副本
journal-of-banking-and-finance,2021,A shrinkage approach for Sharpe ratio optimal portfolios with estimation risks,https://doi.org/10.1016/j.jbankfin.2021.106281,https://doi.org/10.1016/j.jbankfin.2021.106281,paywalled,未找到开放获取副本
journal-of-banking-and-finance,2021,Algorithmic trading and firm value,https://doi.org/10.1016/j.jbankfin.2021.106090,https://doi.org/10.1016/j.jbankfin.2021.106090,paywalled,未找到开放获取副本
journal-of-banking-and-finance,2021,Dynamic optimization for multi-goals wealth management,https://doi.org/10.1016/j.jbankfin.2021.106192,https://doi.org/10.1016/j.jbankfin.2021.106192,paywalled,未找到开放获取副本
journal-of-banking-and-finance,2021,Does portfolio concentration affect performance? Evidence from corporate bond mutual funds,https://doi.org/10.1016/j.jbankfin.2020.106033,https://doi.org/10.1016/j.jbankfin.2020.106033,paywalled,未找到开放获取副本
journal-of-banking-and-finance,2021,Optimal portfolio strategies in the presence of regimes in asset returns,https://doi.org/10.1016/j.jbankfin.2020.106030,https://doi.org/10.1016/j.jbankfin.2020.106030,paywalled,未找到开放获取副本
journal-of-banking-and-finance,2021,The illusion of oil return predictability: The choice of data matters!,https://doi.org/10.1016/j.jbankfin.2021.106331,https://doi.org/10.1016/j.jbankfin.2021.106331,failed,HTTP 403
journal-of-banking-and-finance,2021,Trust and local bias of individual investors,https://doi.org/10.1016/j.jbankfin.2021.106273,https://doi.org/10.1016/j.jbankfin.2021.106273,paywalled,未找到开放获取副本
journal-of-banking-and-finance,2021,Market fairness and efficiency: Evidence from the Tokyo Stock Exchange,https://doi.org/10.1016/j.jbankfin.2021.106309,https://doi.org/10.1016/j.jbankfin.2021.106309,paywalled,non-pdf-content
journal-of-banking-and-finance,2021,Stock-selection timing,https://doi.org/10.1016/j.jbankfin.2021.106089,https://doi.org/10.1016/j.jbankfin.2021.106089,failed,HTTP 403
journal-of-banking-and-finance,2021,Information asymmetry and the profitability of technical analysis,https://doi.org/10.1016/j.jbankfin.2021.106347,https://doi.org/10.1016/j.jbankfin.2021.106347,paywalled,未找到开放获取副本
journal-of-banking-and-finance,2021,Blessing or curse? Institutional investment in leveraged ETFs,https://doi.org/10.1016/j.jbankfin.2021.106169,https://doi.org/10.1016/j.jbankfin.2021.106169,paywalled,未找到开放获取副本
journal-of-banking-and-finance,2021,Risk-adjusted return managed carry trade,https://doi.org/10.1016/j.jbankfin.2021.106172,https://doi.org/10.1016/j.jbankfin.2021.106172,failed,HTTP 403
journal-of-banking-and-finance,2021,Systemic risk allocation using the asymptotic marginal expected shortfall,https://doi.org/10.1016/j.jbankfin.2021.106099,https://doi.org/10.1016/j.jbankfin.2021.106099,paywalled,non-pdf-content
journal-of-banking-and-finance,2021,Overweighting of public information in financial markets: A lesson from the lab,https://doi.org/10.1016/j.jbankfin.2021.106298,https://doi.org/10.1016/j.jbankfin.2021.106298,paywalled,non-pdf-content
journal-of-banking-and-finance,2021,Macroeconomic news announcements and market efficiency: Evidence from the U.S. Treasury market,https://doi.org/10.1016/j.jbankfin.2021.106252,https://doi.org/10.1016/j.jbankfin.2021.106252,failed,HTTP 202
journal-of-banking-and-finance,2021,History matters: How short-term price charts hurt investment performance,https://doi.org/10.1016/j.jbankfin.2021.106351,https://doi.org/10.1016/j.jbankfin.2021.106351,paywalled,non-pdf-content
journal-of-banking-and-finance,2021,COVID-19 and market structure dynamics,https://doi.org/10.1016/j.jbankfin.2021.106362,https://doi.org/10.1016/j.jbankfin.2021.106362,paywalled,non-pdf-content
journal-of-banking-and-finance,2021,Return signal momentum,https://doi.org/10.1016/j.jbankfin.2021.106063,https://doi.org/10.1016/j.jbankfin.2021.106063,failed,HTTP 403
journal-of-banking-and-finance,2021,Does it pay to invest? The personal equity risk premium and stock market participation,https://doi.org/10.1016/j.jbankfin.2021.106220,https://doi.org/10.1016/j.jbankfin.2021.106220,paywalled,未找到开放获取副本
journal-of-banking-and-finance,2021,Learning sequential option hedging models from market data,https://doi.org/10.1016/j.jbankfin.2021.106277,https://doi.org/10.1016/j.jbankfin.2021.106277,paywalled,未找到开放获取副本
journal-of-banking-and-finance,2021,Hazard stocks and expected returns,https://doi.org/10.1016/j.jbankfin.2021.106094,https://doi.org/10.1016/j.jbankfin.2021.106094,paywalled,未找到开放获取副本
journal-of-banking-and-finance,2021,"Private information in trades, R2, and large stock price movements",https://doi.org/10.1016/j.jbankfin.2021.106194,https://doi.org/10.1016/j.jbankfin.2021.106194,paywalled,未找到开放获取副本
journal-of-banking-and-finance,2021,Stock valuation during the COVID-19 pandemic: An explanation using option-based discount rates,https://doi.org/10.1016/j.jbankfin.2021.106386,https://doi.org/10.1016/j.jbankfin.2021.106386,paywalled,non-pdf-content
journal-of-banking-and-finance,2021,"Short-term reversals, short-term momentum, and news-driven trading activity",https://doi.org/10.1016/j.jbankfin.2021.106068,https://doi.org/10.1016/j.jbankfin.2021.106068,paywalled,未找到开放获取副本
journal-of-banking-and-finance,2021,Is idiosyncratic volatility related to returns? Evidence from a subset of firms with quality idiosyncratic volatility estimates,https://doi.org/10.1016/j.jbankfin.2021.106126,https://doi.org/10.1016/j.jbankfin.2021.106126,paywalled,未找到开放获取副本
journal-of-banking-and-finance,2021,Estimating the probability of informed trading: A Bayesian approach,https://doi.org/10.1016/j.jbankfin.2021.106045,https://doi.org/10.1016/j.jbankfin.2021.106045,failed,网络错误 [SSL: CERTIFICATE_VERIFY_FAILED] certificate verify failed: unable to get local issuer certificate (_ssl.c:1032)
journal-of-banking-and-finance,2021,Algos gone wild: What drives the extreme order cancellation rates in modern markets?,https://doi.org/10.1016/j.jbankfin.2021.106170,https://doi.org/10.1016/j.jbankfin.2021.106170,paywalled,non-pdf-content
journal-of-banking-and-finance,2021,Funding liquidity and market liquidity in government bonds,https://doi.org/10.1016/j.jbankfin.2021.106165,https://doi.org/10.1016/j.jbankfin.2021.106165,failed,HTTP 403
journal-of-banking-and-finance,2021,Investable commodity premia in China,https://doi.org/10.1016/j.jbankfin.2021.106127,https://doi.org/10.1016/j.jbankfin.2021.106127,paywalled,non-pdf-content
journal-of-banking-and-finance,2021,A general approach to smooth and convex portfolio optimization using lower partial moments,https://doi.org/10.1016/j.jbankfin.2021.106167,https://doi.org/10.1016/j.jbankfin.2021.106167,paywalled,未找到开放获取副本
journal-of-banking-and-finance,2021,Information networks in the financial sector and systemic risk,https://doi.org/10.1016/j.jbankfin.2021.106327,https://doi.org/10.1016/j.jbankfin.2021.106327,paywalled,未找到开放获取副本
journal-of-banking-and-finance,2021,A new unique information share measure with applications on cross-listed Chinese banks,https://doi.org/10.1016/j.jbankfin.2021.106141,https://doi.org/10.1016/j.jbankfin.2021.106141,paywalled,未找到开放获取副本
journal-of-banking-and-finance,2021,IPO underperformance and the idiosyncratic risk puzzle,https://doi.org/10.1016/j.jbankfin.2021.106190,https://doi.org/10.1016/j.jbankfin.2021.106190,paywalled,未找到开放获取副本
journal-of-banking-and-finance,2021,The market impact of predictable flows: Evidence from leveraged VIX products,https://doi.org/10.1016/j.jbankfin.2021.106280,https://doi.org/10.1016/j.jbankfin.2021.106280,paywalled,未找到开放获取副本
journal-of-banking-and-finance,2021,The effects of asset price volatility on market participation: Evidence from the Thai foreign exchange market,https://doi.org/10.1016/j.jbankfin.2020.106036,https://doi.org/10.1016/j.jbankfin.2020.106036,paywalled,未找到开放获取副本
journal-of-banking-and-finance,2021,Aggregation bias in tests of the commodity currency hypothesis,https://doi.org/10.1016/j.jbankfin.2021.106392,https://doi.org/10.1016/j.jbankfin.2021.106392,failed,HTTP 404
journal-of-banking-and-finance,2021,Order based versus level book trade reporting: An empirical analysis,https://doi.org/10.1016/j.jbankfin.2021.106074,https://doi.org/10.1016/j.jbankfin.2021.106074,paywalled,未找到开放获取副本
journal-of-banking-and-finance,2021,Modeling persistent interest rates with double-autoregressive processes,https://doi.org/10.1016/j.jbankfin.2021.106302,https://doi.org/10.1016/j.jbankfin.2021.106302,paywalled,未找到开放获取副本
journal-of-banking-and-finance,2021,Model risk and model choice in the case of barrier options and bonus certificates,https://doi.org/10.1016/j.jbankfin.2021.106307,https://doi.org/10.1016/j.jbankfin.2021.106307,paywalled,未找到开放获取副本
journal-of-banking-and-finance,2021,"The <mml:math xmlns:mml=""http://www.w3.org/1998/Math/MathML"" altimg=""si45.svg""><mml:msup><mml:mi mathvariant=""italic"">q</mml:mi><mml:mn>5</mml:mn></mml:msup></mml:math> model and its consistency with the intertemporal CAPM",https://doi.org/10.1016/j.jbankfin.2021.106096,https://doi.org/10.1016/j.jbankfin.2021.106096,paywalled,未找到开放获取副本
journal-of-banking-and-finance,2021,Hedge fund portfolio selection with fund characteristics,https://doi.org/10.1016/j.jbankfin.2021.106232,https://doi.org/10.1016/j.jbankfin.2021.106232,paywalled,non-pdf-content
journal-of-banking-and-finance,2021,How do investors trade R&amp;D-intensive Stocks? Evidence from hedge funds and other institutional investors,https://doi.org/10.1016/j.jbankfin.2021.106337,https://doi.org/10.1016/j.jbankfin.2021.106337,paywalled,未找到开放获取副本
journal-of-banking-and-finance,2021,Stock merger activity and industry performance,https://doi.org/10.1016/j.jbankfin.2021.106160,https://doi.org/10.1016/j.jbankfin.2021.106160,paywalled,未找到开放获取副本
journal-of-banking-and-finance,2021,Bank balance sheet risk allocation,https://doi.org/10.1016/j.jbankfin.2021.106257,https://doi.org/10.1016/j.jbankfin.2021.106257,paywalled,未找到开放获取副本
journal-of-banking-and-finance,2021,Hedge fund family ties,https://doi.org/10.1016/j.jbankfin.2021.106326,https://doi.org/10.1016/j.jbankfin.2021.106326,paywalled,未找到开放获取副本
journal-of-banking-and-finance,2021,Heterogeneous beliefs in macroeconomic growth prospects and the carry risk premium,https://doi.org/10.1016/j.jbankfin.2021.106393,https://doi.org/10.1016/j.jbankfin.2021.106393,paywalled,未找到开放获取副本
journal-of-banking-and-finance,2021,Heterogeneous turnover-performance relations,https://doi.org/10.1016/j.jbankfin.2021.106054,https://doi.org/10.1016/j.jbankfin.2021.106054,paywalled,未找到开放获取副本
journal-of-banking-and-finance,2021,A geometric framework for covariance dynamics,https://doi.org/10.1016/j.jbankfin.2021.106319,https://doi.org/10.1016/j.jbankfin.2021.106319,failed,HTTP 403
journal-of-banking-and-finance,2021,"Supply, demand, and risk premiums in electricity markets",https://doi.org/10.1016/j.jbankfin.2021.106390,https://doi.org/10.1016/j.jbankfin.2021.106390,paywalled,未找到开放获取副本
journal-of-banking-and-finance,2021,Interest rate risk in the banking book: A closed-form solution for non-maturity deposits,https://doi.org/10.1016/j.jbankfin.2021.106080,https://doi.org/10.1016/j.jbankfin.2021.106080,paywalled,未找到开放获取副本
journal-of-banking-and-finance,2021,Private value of central bank liquidity and Banks’ bidding behavior in variable rate tender auctions,https://doi.org/10.1016/j.jbankfin.2021.106221,https://doi.org/10.1016/j.jbankfin.2021.106221,paywalled,未找到开放获取副本
journal-of-banking-and-finance,2021,Do Hedge Fund Managers Understand Politics? Political Sensitivity and Investment Skill,https://doi.org/10.1016/j.jbankfin.2021.106371,https://doi.org/10.1016/j.jbankfin.2021.106371,failed,HTTP 202
journal-of-banking-and-finance,2021,Data Snooping Bias in Tests of the Relative Performance of Multiple Forecasting Models,https://doi.org/10.1016/j.jbankfin.2021.106113,https://doi.org/10.1016/j.jbankfin.2021.106113,paywalled,未找到开放获取副本
journal-of-banking-and-finance,2021,Long-run reversal in commodity returns: Insights from seven centuries of evidence,https://doi.org/10.1016/j.jbankfin.2021.106238,https://doi.org/10.1016/j.jbankfin.2021.106238,failed,HTTP 502
journal-of-banking-and-finance,2021,Mutual fund tax implications when investment advisors manage tax-exempt separate accounts,https://doi.org/10.1016/j.jbankfin.2021.106313,https://doi.org/10.1016/j.jbankfin.2021.106313,paywalled,未找到开放获取副本
journal-of-banking-and-finance,2021,Coherent risk measures alone are ineffective in constraining portfolio losses,https://doi.org/10.1016/j.jbankfin.2021.106315,https://doi.org/10.1016/j.jbankfin.2021.106315,paywalled,未找到开放获取副本
journal-of-banking-and-finance,2021,The nexus between loan portfolio size and volatility: Does bank capital regulation matter?,https://doi.org/10.1016/j.jbankfin.2021.106122,https://doi.org/10.1016/j.jbankfin.2021.106122,paywalled,未找到开放获取副本
journal-of-banking-and-finance,2021,Delegated asset management and performance when some investors are unsophisticated,https://doi.org/10.1016/j.jbankfin.2021.106289,https://doi.org/10.1016/j.jbankfin.2021.106289,paywalled,未找到开放获取副本
journal-of-banking-and-finance,2021,Does secrecy signal skill? Own-investor secrecy and hedge fund performance,https://doi.org/10.1016/j.jbankfin.2021.106288,https://doi.org/10.1016/j.jbankfin.2021.106288,paywalled,未找到开放获取副本
journal-of-banking-and-finance,2021,Sensitivity-implied tail-correlation matrices,https://doi.org/10.1016/j.jbankfin.2021.106333,https://doi.org/10.1016/j.jbankfin.2021.106333,paywalled,non-pdf-content
journal-of-banking-and-finance,2021,Breaking VIX at open: Evidence of uncertainty creation and resolution,https://doi.org/10.1016/j.jbankfin.2021.106060,https://doi.org/10.1016/j.jbankfin.2021.106060,failed,HTTP 403
journal-of-banking-and-finance,2021,Partial moment momentum,https://doi.org/10.1016/j.jbankfin.2021.106361,https://doi.org/10.1016/j.jbankfin.2021.106361,paywalled,未找到开放获取副本
journal-of-banking-and-finance,2021,Stocks versus bonds for the long run when a riskless asset is available,https://doi.org/10.1016/j.jbankfin.2021.106275,https://doi.org/10.1016/j.jbankfin.2021.106275,paywalled,未找到开放获取副本
journal-of-banking-and-finance,2021,Concept links and return momentum,https://doi.org/10.1016/j.jbankfin.2021.106329,https://doi.org/10.1016/j.jbankfin.2021.106329,failed,"网络错误 [Errno 8] nodename nor servname provided, or not known"
journal-of-banking-and-finance,2021,"Momentum life cycle, revisited",https://doi.org/10.1016/j.jbankfin.2021.106119,https://doi.org/10.1016/j.jbankfin.2021.106119,paywalled,未找到开放获取副本
journal-of-banking-and-finance,2021,Life-cycle portfolio choice with imperfect predictors,https://doi.org/10.1016/j.jbankfin.2021.106357,https://doi.org/10.1016/j.jbankfin.2021.106357,paywalled,未找到开放获取副本
journal-of-banking-and-finance,2021,Editorial for BIS Bank business models,https://doi.org/10.1016/j.jbankfin.2021.106363,https://doi.org/10.1016/j.jbankfin.2021.106363,paywalled,未找到开放获取副本
journal-of-banking-and-finance,2021,Trading behavior of retail investors in derivatives markets: Evidence from Mini options,https://doi.org/10.1016/j.jbankfin.2021.106250,https://doi.org/10.1016/j.jbankfin.2021.106250,failed,"网络错误 [Errno 8] nodename nor servname provided, or not known"
journal-of-banking-and-finance,2021,"Internet search, fund flows, and fund performance",https://doi.org/10.1016/j.jbankfin.2021.106166,https://doi.org/10.1016/j.jbankfin.2021.106166,failed,HTTP 403
journal-of-banking-and-finance,2021,"Post-crisis regulations, market making, and liquidity in over-the-counter markets",https://doi.org/10.1016/j.jbankfin.2021.106354,https://doi.org/10.1016/j.jbankfin.2021.106354,paywalled,未找到开放获取副本
journal-of-banking-and-finance,2021,Informed trading in foreign exchange futures: Payroll news timing,https://doi.org/10.1016/j.jbankfin.2021.106372,https://doi.org/10.1016/j.jbankfin.2021.106372,paywalled,未找到开放获取副本
journal-of-banking-and-finance,2020,Hedging geopolitical risk with precious metals,https://doi.org/10.1016/j.jbankfin.2020.105823,https://doi.org/10.1016/j.jbankfin.2020.105823,paywalled,未找到开放获取副本
journal-of-banking-and-finance,2020,Informational role of social media: Evidence from Twitter sentiment,https://doi.org/10.1016/j.jbankfin.2020.105969,https://doi.org/10.1016/j.jbankfin.2020.105969,paywalled,未找到开放获取副本
journal-of-banking-and-finance,2020,Bank liquidity creation and systemic risk,https://doi.org/10.1016/j.jbankfin.2020.106031,https://doi.org/10.1016/j.jbankfin.2020.106031,paywalled,未找到开放获取副本
journal-of-banking-and-finance,2020,I am a blockchain too: How does the market respond to companies’ interest in blockchain?,https://doi.org/10.1016/j.jbankfin.2020.105740,https://doi.org/10.1016/j.jbankfin.2020.105740,paywalled,未找到开放获取副本
journal-of-banking-and-finance,2020,Does Information Asymmetry Impede Market Efficiency? Evidence from Analyst Coverage,https://doi.org/10.1016/j.jbankfin.2020.105856,https://doi.org/10.1016/j.jbankfin.2020.105856,paywalled,未找到开放获取副本
journal-of-banking-and-finance,2020,Banking stress test effects on returns and risks,https://doi.org/10.1016/j.jbankfin.2020.105843,https://doi.org/10.1016/j.jbankfin.2020.105843,failed,HTTP 403
journal-of-banking-and-finance,2020,Forecasting short-run exchange rate volatility with monetary fundamentals: A GARCH-MIDAS approach,https://doi.org/10.1016/j.jbankfin.2020.105849,https://doi.org/10.1016/j.jbankfin.2020.105849,paywalled,未找到开放获取副本
journal-of-banking-and-finance,2020,Factor based commodity investing,https://doi.org/10.1016/j.jbankfin.2020.105807,https://doi.org/10.1016/j.jbankfin.2020.105807,failed,HTTP 403
journal-of-banking-and-finance,2020,Liquidity at risk: Joint stress testing of solvency and liquidity,https://doi.org/10.1016/j.jbankfin.2020.105871,https://doi.org/10.1016/j.jbankfin.2020.105871,paywalled,non-pdf-content
journal-of-banking-and-finance,2020,Fear of hazards in commodity futures markets,https://doi.org/10.1016/j.jbankfin.2020.105902,https://doi.org/10.1016/j.jbankfin.2020.105902,paywalled,non-pdf-content
journal-of-banking-and-finance,2020,Putting the pension back in 401(k) retirement plans: Optimal versus default deferred longevity income annuities,https://doi.org/10.1016/j.jbankfin.2020.105783,https://doi.org/10.1016/j.jbankfin.2020.105783,paywalled,non-pdf-content
journal-of-banking-and-finance,2020,Where have the profits gone? Market efficiency and the disappearing equity anomalies in country and industry returns,https://doi.org/10.1016/j.jbankfin.2020.105966,https://doi.org/10.1016/j.jbankfin.2020.105966,paywalled,未找到开放获取副本
journal-of-banking-and-finance,2020,The role of psychological barriers in lottery-related anomalies,https://doi.org/10.1016/j.jbankfin.2020.105786,https://doi.org/10.1016/j.jbankfin.2020.105786,paywalled,未找到开放获取副本
journal-of-banking-and-finance,2020,"Inside the director network: When directors trade or hold inside, interlock, and unconnected stocks",https://doi.org/10.1016/j.jbankfin.2020.105892,https://doi.org/10.1016/j.jbankfin.2020.105892,paywalled,未找到开放获取副本
journal-of-banking-and-finance,2020,"Political uncertainty, market anomalies and Presidential honeymoons",https://doi.org/10.1016/j.jbankfin.2020.105749,https://doi.org/10.1016/j.jbankfin.2020.105749,paywalled,未找到开放获取副本
journal-of-banking-and-finance,2020,VIX valuation and its futures pricing through a generalized affine realized volatility model with hidden components and jump,https://doi.org/10.1016/j.jbankfin.2020.105845,https://doi.org/10.1016/j.jbankfin.2020.105845,paywalled,未找到开放获取副本
journal-of-banking-and-finance,2020,On the term structure of liquidity in the European sovereign bond market,https://doi.org/10.1016/j.jbankfin.2020.105777,https://doi.org/10.1016/j.jbankfin.2020.105777,failed,HTTP 405
journal-of-banking-and-finance,2020,Comparing high-dimensional conditional covariance matrices: Implications for portfolio selection,https://doi.org/10.1016/j.jbankfin.2020.105882,https://doi.org/10.1016/j.jbankfin.2020.105882,paywalled,未找到开放获取副本
journal-of-banking-and-finance,2020,Debiased expert forecasts in continuous-time asset allocation,https://doi.org/10.1016/j.jbankfin.2020.105759,https://doi.org/10.1016/j.jbankfin.2020.105759,paywalled,未找到开放获取副本
journal-of-banking-and-finance,2020,Can mutual funds profit from post earnings announcement drift? The role of competition,https://doi.org/10.1016/j.jbankfin.2020.105774,https://doi.org/10.1016/j.jbankfin.2020.105774,paywalled,未找到开放获取副本
journal-of-banking-and-finance,2020,Derivative cash flows and corporate investment,https://doi.org/10.1016/j.jbankfin.2020.105916,https://doi.org/10.1016/j.jbankfin.2020.105916,paywalled,未找到开放获取副本
journal-of-banking-and-finance,2020,The impact of quantitative easing on liquidity creation,https://doi.org/10.1016/j.jbankfin.2020.105998,https://doi.org/10.1016/j.jbankfin.2020.105998,paywalled,non-pdf-content
journal-of-banking-and-finance,2020,"Optimal collective investment: The impact of sharing rules, management fees and guarantees",https://doi.org/10.1016/j.jbankfin.2020.106012,https://doi.org/10.1016/j.jbankfin.2020.106012,paywalled,未找到开放获取副本
journal-of-banking-and-finance,2020,Estimating beta: The international evidence,https://doi.org/10.1016/j.jbankfin.2020.105968,https://doi.org/10.1016/j.jbankfin.2020.105968,paywalled,未找到开放获取副本
journal-of-banking-and-finance,2020,The R&amp;D anomaly: Risk or mispricing?,https://doi.org/10.1016/j.jbankfin.2020.105815,https://doi.org/10.1016/j.jbankfin.2020.105815,failed,HTTP 403
journal-of-banking-and-finance,2020,Measuring financial interdependence in asset markets with an application to eurozone equities,https://doi.org/10.1016/j.jbankfin.2020.105985,https://doi.org/10.1016/j.jbankfin.2020.105985,paywalled,non-pdf-content
journal-of-banking-and-finance,2020,Regret-based capital asset pricing model,https://doi.org/10.1016/j.jbankfin.2020.105784,https://doi.org/10.1016/j.jbankfin.2020.105784,paywalled,未找到开放获取副本
journal-of-banking-and-finance,2020,Asset pricing implications of money: New evidence,https://doi.org/10.1016/j.jbankfin.2020.105956,https://doi.org/10.1016/j.jbankfin.2020.105956,paywalled,non-pdf-content
journal-of-banking-and-finance,2020,Modeling asset returns under time-varying semi-nonparametric distributions,https://doi.org/10.1016/j.jbankfin.2020.105870,https://doi.org/10.1016/j.jbankfin.2020.105870,failed,HTTP 403
journal-of-banking-and-finance,2020,Political event portfolios,https://doi.org/10.1016/j.jbankfin.2020.105883,https://doi.org/10.1016/j.jbankfin.2020.105883,paywalled,未找到开放获取副本
journal-of-banking-and-finance,2020,Affine multivariate GARCH models,https://doi.org/10.1016/j.jbankfin.2020.105895,https://doi.org/10.1016/j.jbankfin.2020.105895,paywalled,未找到开放获取副本
journal-of-banking-and-finance,2020,Does earnings growth drive the quality premium?,https://doi.org/10.1016/j.jbankfin.2020.105785,https://doi.org/10.1016/j.jbankfin.2020.105785,failed,HTTP 403
journal-of-banking-and-finance,2020,Evidence of strategic information uncertainty around opportunistic insider purchases,https://doi.org/10.1016/j.jbankfin.2020.105821,https://doi.org/10.1016/j.jbankfin.2020.105821,paywalled,未找到开放获取副本
journal-of-banking-and-finance,2020,The FOMC announcement returns on long-term US and German bond futures,https://doi.org/10.1016/j.jbankfin.2020.106027,https://doi.org/10.1016/j.jbankfin.2020.106027,paywalled,未找到开放获取副本
journal-of-banking-and-finance,2020,Mean-variance portfolio optimization based on ordinal information,https://doi.org/10.1016/j.jbankfin.2020.105989,https://doi.org/10.1016/j.jbankfin.2020.105989,paywalled,未找到开放获取副本
journal-of-banking-and-finance,2020,Equity market integration and portfolio rebalancing,https://doi.org/10.1016/j.jbankfin.2020.105775,https://doi.org/10.1016/j.jbankfin.2020.105775,failed,HTTP 403
journal-of-banking-and-finance,2020,Joint Extreme events in equity returns and liquidity and their cross-sectional pricing implications,https://doi.org/10.1016/j.jbankfin.2020.105809,https://doi.org/10.1016/j.jbankfin.2020.105809,paywalled,non-pdf-content
journal-of-banking-and-finance,2020,Factoring characteristics into returns: A clinical study on the SMB and HML portfolio construction methods,https://doi.org/10.1016/j.jbankfin.2020.105811,https://doi.org/10.1016/j.jbankfin.2020.105811,paywalled,non-pdf-content
journal-of-banking-and-finance,2020,"Academic abilities, education and performance in the stock market",https://doi.org/10.1016/j.jbankfin.2020.105848,https://doi.org/10.1016/j.jbankfin.2020.105848,paywalled,non-pdf-content
journal-of-banking-and-finance,2020,"The cost of diversification over time, and a simple way to improve target-date funds",https://doi.org/10.1016/j.jbankfin.2020.105995,https://doi.org/10.1016/j.jbankfin.2020.105995,paywalled,未找到开放获取副本
journal-of-banking-and-finance,2020,Currency matching by non-financial corporations,https://doi.org/10.1016/j.jbankfin.2020.105739,https://doi.org/10.1016/j.jbankfin.2020.105739,paywalled,non-pdf-content
journal-of-banking-and-finance,2020,The correlation structure of anomaly strategies,https://doi.org/10.1016/j.jbankfin.2020.105934,https://doi.org/10.1016/j.jbankfin.2020.105934,paywalled,non-pdf-content
journal-of-banking-and-finance,2020,Systematic stress tests on public data,https://doi.org/10.1016/j.jbankfin.2020.105886,https://doi.org/10.1016/j.jbankfin.2020.105886,paywalled,non-pdf-content
journal-of-banking-and-finance,2020,The effects of an increase in equity tick size on stock and option transaction costs,https://doi.org/10.1016/j.jbankfin.2020.105782,https://doi.org/10.1016/j.jbankfin.2020.105782,paywalled,未找到开放获取副本
journal-of-banking-and-finance,2020,Up- and downside variance risk premia in global equity markets,https://doi.org/10.1016/j.jbankfin.2020.105875,https://doi.org/10.1016/j.jbankfin.2020.105875,paywalled,未找到开放获取副本
journal-of-banking-and-finance,2020,Country governance and international equity returns,https://doi.org/10.1016/j.jbankfin.2020.105986,https://doi.org/10.1016/j.jbankfin.2020.105986,paywalled,未找到开放获取副本
journal-of-banking-and-finance,2020,Hedging crash risk in optimal portfolio selection,https://doi.org/10.1016/j.jbankfin.2020.105905,https://doi.org/10.1016/j.jbankfin.2020.105905,paywalled,non-pdf-content
journal-of-banking-and-finance,2020,Know thy neighbor: Political uncertainty and the informational advantage of local institutional investors,https://doi.org/10.1016/j.jbankfin.2020.105762,https://doi.org/10.1016/j.jbankfin.2020.105762,paywalled,non-pdf-content
journal-of-banking-and-finance,2020,A mean-variance benchmark for household portfolios over the life cycle,https://doi.org/10.1016/j.jbankfin.2020.105833,https://doi.org/10.1016/j.jbankfin.2020.105833,paywalled,non-pdf-content
journal-of-banking-and-finance,2020,Bank partnership and liquidity crisis,https://doi.org/10.1016/j.jbankfin.2020.105958,https://doi.org/10.1016/j.jbankfin.2020.105958,paywalled,non-pdf-content
journal-of-banking-and-finance,2020,Geostatistical modeling of dependent credit spreads: Estimation of large covariance matrices and imputation of missing data,https://doi.org/10.1016/j.jbankfin.2020.105897,https://doi.org/10.1016/j.jbankfin.2020.105897,paywalled,未找到开放获取副本
journal-of-banking-and-finance,2020,Unspanned stochastic volatility from an empirical and practical perspective,https://doi.org/10.1016/j.jbankfin.2020.105993,https://doi.org/10.1016/j.jbankfin.2020.105993,paywalled,未找到开放获取副本
journal-of-banking-and-finance,2020,Striking up with the in crowd: When option markets and insiders agree,https://doi.org/10.1016/j.jbankfin.2020.105963,https://doi.org/10.1016/j.jbankfin.2020.105963,paywalled,non-pdf-content
journal-of-banking-and-finance,2020,Pricing kernel monotonicity and term structure: Evidence from China,https://doi.org/10.1016/j.jbankfin.2020.106037,https://doi.org/10.1016/j.jbankfin.2020.106037,paywalled,未找到开放获取副本
journal-of-banking-and-finance,2020,Listing of classical options and the pricing of discount certificates,https://doi.org/10.1016/j.jbankfin.2020.106011,https://doi.org/10.1016/j.jbankfin.2020.106011,paywalled,未找到开放获取副本
journal-of-banking-and-finance,2020,International stochastic discount factors and covariance risk,https://doi.org/10.1016/j.jbankfin.2020.106018,https://doi.org/10.1016/j.jbankfin.2020.106018,paywalled,未找到开放获取副本
journal-of-banking-and-finance,2020,"Local demand shocks, excess comovement and return predictability",https://doi.org/10.1016/j.jbankfin.2020.105910,https://doi.org/10.1016/j.jbankfin.2020.105910,paywalled,未找到开放获取副本
journal-of-banking-and-finance,2020,Comparing with the average: Reference points and market reactions to above-average earnings surprises,https://doi.org/10.1016/j.jbankfin.2020.105824,https://doi.org/10.1016/j.jbankfin.2020.105824,paywalled,未找到开放获取副本
journal-of-banking-and-finance,2020,A nonparametric approach to portfolio shrinkage,https://doi.org/10.1016/j.jbankfin.2020.105953,https://doi.org/10.1016/j.jbankfin.2020.105953,failed,HTTP 403
journal-of-banking-and-finance,2020,Strategic trade when securitized portfolio values are unknown,https://doi.org/10.1016/j.jbankfin.2020.105816,https://doi.org/10.1016/j.jbankfin.2020.105816,paywalled,未找到开放获取副本
journal-of-business-and-economic-statistics,2026,Joint Extreme Value-at-Risk and Expected Shortfall Dynamics with a Single Integrated Tail Shape Parameter,https://doi.org/10.1080/07350015.2026.2619541,https://doi.org/10.1080/07350015.2026.2619541,paywalled,non-pdf-content
journal-of-business-and-economic-statistics,2026,Regime-Specific Return Predictability in Quantiles,https://doi.org/10.1080/07350015.2025.2573151,https://doi.org/10.1080/07350015.2025.2573151,paywalled,未找到开放获取副本
journal-of-business-and-economic-statistics,2026,High-Dimensional Multivariate Realized Volatility Forecasting with Community Network Structure,https://doi.org/10.1080/07350015.2026.2632810,https://doi.org/10.1080/07350015.2026.2632810,paywalled,未找到开放获取副本
journal-of-business-and-economic-statistics,2026,A Dantzig-Type Large Portfolio Optimization Model and Its Efficient Fitting Algorithm,https://doi.org/10.1080/07350015.2026.2639146,https://doi.org/10.1080/07350015.2026.2639146,paywalled,未找到开放获取副本
journal-of-business-and-economic-statistics,2025,Generalized Autoregressive Conditional Betas: Longitudinal Feedback in Multifactor Asset Pricing,https://doi.org/10.1080/07350015.2025.2478984,https://doi.org/10.1080/07350015.2025.2478984,paywalled,未找到开放获取副本
journal-of-business-and-economic-statistics,2025,Neural Tangent Kernel in Implied Volatility Forecasting: A Nonlinear Functional Autoregression Approach,https://doi.org/10.1080/07350015.2025.2489087,https://doi.org/10.1080/07350015.2025.2489087,failed,HTTP 403
journal-of-business-and-economic-statistics,2025,Sectoral Uncertainty: A Hierarchical-Volatility Approach,https://doi.org/10.1080/07350015.2025.2473907,https://doi.org/10.1080/07350015.2025.2473907,paywalled,未找到开放获取副本
journal-of-business-and-economic-statistics,2025,"Flexible Bayesian MIDAS: Time-Variation, Group-Shrinkage and Sparsity",https://doi.org/10.1080/07350015.2025.2467898,https://doi.org/10.1080/07350015.2025.2467898,failed,HTTP 403
journal-of-business-and-economic-statistics,2025,Conditional Score Residuals and Diagnostic Analysis of Serial Dependence in Time Series Models,https://doi.org/10.1080/07350015.2024.2447293,https://doi.org/10.1080/07350015.2024.2447293,failed,HTTP 403
journal-of-business-and-economic-statistics,2025,A Functional-Coefficient VAR Model for Dynamic Quantiles and Its Application to Constructing Nonparametric Financial Network,https://doi.org/10.1080/07350015.2025.2511960,https://doi.org/10.1080/07350015.2025.2511960,paywalled,未找到开放获取副本
journal-of-business-and-economic-statistics,2025,Cluster GARCH,https://doi.org/10.1080/07350015.2025.2510325,https://doi.org/10.1080/07350015.2025.2510325,paywalled,未找到开放获取副本
journal-of-business-and-economic-statistics,2025,Panel Quantile GARCH Models under Homogeneity,https://doi.org/10.1080/07350015.2025.2526418,https://doi.org/10.1080/07350015.2025.2526418,paywalled,未找到开放获取副本
journal-of-business-and-economic-statistics,2025,"High Frequency ANOVA that is Robust to Jumps, Microstructure Noise and Asynchronous Observation Times",https://doi.org/10.1080/07350015.2025.2547945,https://doi.org/10.1080/07350015.2025.2547945,paywalled,未找到开放获取副本
journal-of-business-and-economic-statistics,2025,Dynamic CoVaR Modeling and Estimation,https://doi.org/10.1080/07350015.2025.2590126,https://doi.org/10.1080/07350015.2025.2590126,paywalled,未找到开放获取副本
journal-of-business-and-economic-statistics,2025,A New Estimator for Conditional Expectile-Based Value-at-Risk of a Linear Predictive Regression,https://doi.org/10.1080/07350015.2025.2582922,https://doi.org/10.1080/07350015.2025.2582922,paywalled,未找到开放获取副本
journal-of-business-and-economic-statistics,2025,Matrix-based Prediction Approach for Intraday Instantaneous Volatility Vector,https://doi.org/10.1080/07350015.2025.2537387,https://doi.org/10.1080/07350015.2025.2537387,paywalled,未找到开放获取副本
journal-of-business-and-economic-statistics,2025,Adaptive Group LASSO for the GARCH-MIDAS Model,https://doi.org/10.1080/07350015.2025.2537928,https://doi.org/10.1080/07350015.2025.2537928,paywalled,未找到开放获取副本
journal-of-business-and-economic-statistics,2025,Drift Bursts in Pure Jumps: Detection and Application to Bitcoin,https://doi.org/10.1080/07350015.2025.2530127,https://doi.org/10.1080/07350015.2025.2530127,paywalled,未找到开放获取副本
journal-of-business-and-economic-statistics,2025,The Permanent and Temporary Effects of Stock Splits on Liquidity in a Dynamic Semiparametric Model,https://doi.org/10.1080/07350015.2025.2551246,https://doi.org/10.1080/07350015.2025.2551246,paywalled,non-pdf-content
journal-of-business-and-economic-statistics,2025,Robust Conditional Kurtosis and the Cross-Section of International Stock Returns,https://doi.org/10.1080/07350015.2025.2551244,https://doi.org/10.1080/07350015.2025.2551244,paywalled,未找到开放获取副本
journal-of-business-and-economic-statistics,2025,Robust Confidence Intervals for Autocorrelations of Stationary Time Series,https://doi.org/10.1080/07350015.2025.2561749,https://doi.org/10.1080/07350015.2025.2561749,failed,HTTP 403
journal-of-business-and-economic-statistics,2025,Smoothing Variances Across Time: Adaptive Stochastic Volatility,https://doi.org/10.1080/07350015.2025.2602846,https://doi.org/10.1080/07350015.2025.2602846,paywalled,未找到开放获取副本
journal-of-business-and-economic-statistics,2024,Gaussian Process Vector Autoregressions and Macroeconomic Uncertainty,https://doi.org/10.1080/07350015.2024.2322089,https://doi.org/10.1080/07350015.2024.2322089,failed,HTTP 403
journal-of-business-and-economic-statistics,2024,Incorporating Different Sources of Information for Bayesian Optimal Portfolio Selection,https://doi.org/10.1080/07350015.2024.2379361,https://doi.org/10.1080/07350015.2024.2379361,failed,HTTP 403
journal-of-business-and-economic-statistics,2024,A Statistically Identified Structural Vector Autoregression with Endogenously Switching Volatility Regime,https://doi.org/10.1080/07350015.2024.2322090,https://doi.org/10.1080/07350015.2024.2322090,failed,HTTP 403
journal-of-business-and-economic-statistics,2024,Trend and Variance Adaptive Bayesian Changepoint Analysis and Local Outlier Scoring,https://doi.org/10.1080/07350015.2024.2362269,https://doi.org/10.1080/07350015.2024.2362269,paywalled,未找到开放获取副本
journal-of-business-and-economic-statistics,2024,Noncommon Breaks,https://doi.org/10.1080/07350015.2024.2301969,https://doi.org/10.1080/07350015.2024.2301969,paywalled,未找到开放获取副本
journal-of-business-and-economic-statistics,2024,Instability of Factor Strength in Asset Returns,https://doi.org/10.1080/07350015.2024.2444344,https://doi.org/10.1080/07350015.2024.2444344,failed,HTTP 403
journal-of-business-and-economic-statistics,2024,Multiperiod Dynamic Portfolio Choice: When High Dimensionality Meets Return Predictability,https://doi.org/10.1080/07350015.2024.2374971,https://doi.org/10.1080/07350015.2024.2374971,paywalled,未找到开放获取副本
journal-of-business-and-economic-statistics,2023,On the Combination of Naive and Mean-Variance Portfolio Strategies,https://doi.org/10.1080/07350015.2023.2256801,https://doi.org/10.1080/07350015.2023.2256801,paywalled,non-pdf-content
journal-of-business-and-economic-statistics,2023,Asset Pricing via the Conditional Quantile Variational Autoencoder,https://doi.org/10.1080/07350015.2023.2223683,https://doi.org/10.1080/07350015.2023.2223683,failed,HTTP 202
journal-of-business-and-economic-statistics,2023,Powerful Backtests for Historical Simulation Expected Shortfall Models,https://doi.org/10.1080/07350015.2023.2252881,https://doi.org/10.1080/07350015.2023.2252881,paywalled,未找到开放获取副本
journal-of-business-and-economic-statistics,2023,Uniform Nonparametric Inference for Spatially Dependent Panel Data,https://doi.org/10.1080/07350015.2023.2219283,https://doi.org/10.1080/07350015.2023.2219283,paywalled,non-pdf-content
journal-of-business-and-economic-statistics,2023,Bayesian Nonparametric Panel Markov-Switching GARCH Models,https://doi.org/10.1080/07350015.2023.2166049,https://doi.org/10.1080/07350015.2023.2166049,failed,HTTP 403
journal-of-business-and-economic-statistics,2023,Dynamic Autoregressive Liquidity (DArLiQ),https://doi.org/10.1080/07350015.2023.2238790,https://doi.org/10.1080/07350015.2023.2238790,paywalled,non-pdf-content
journal-of-business-and-economic-statistics,2023,Generalized Autoregressive Positive-valued Processes,https://doi.org/10.1080/07350015.2023.2239869,https://doi.org/10.1080/07350015.2023.2239869,failed,HTTP 202
journal-of-business-and-economic-statistics,2023,An Econometric Analysis of Volatility Discovery,https://doi.org/10.1080/07350015.2023.2292178,https://doi.org/10.1080/07350015.2023.2292178,failed,HTTP 403
journal-of-business-and-economic-statistics,2023,The Leverage Effect Puzzle under Semi-nonparametric Stochastic Volatility Models,https://doi.org/10.1080/07350015.2023.2203756,https://doi.org/10.1080/07350015.2023.2203756,paywalled,未找到开放获取副本
journal-of-business-and-economic-statistics,2023,Bonferroni Type Tests for Return Predictability and the Initial Condition,https://doi.org/10.1080/07350015.2023.2201313,http://dx.doi.org/10.1080/07350015.2023.2201313,failed,HTTP 403
journal-of-business-and-economic-statistics,2022,Trends in Earnings Volatility Using Linked Administrative and Survey Data,https://doi.org/10.1080/07350015.2022.2102023,https://doi.org/10.1080/07350015.2022.2102023,failed,HTTP 202
journal-of-business-and-economic-statistics,2022,Quantifying Time-Varying Forecast Uncertainty and Risk for the Real Price of Oil,https://doi.org/10.1080/07350015.2022.2039159,https://doi.org/10.1080/07350015.2022.2039159,failed,"网络错误 [Errno 8] nodename nor servname provided, or not known"
journal-of-business-and-economic-statistics,2022,A Time-Varying Network for Cryptocurrencies,https://doi.org/10.1080/07350015.2022.2146695,https://doi.org/10.1080/07350015.2022.2146695,paywalled,未找到开放获取副本
journal-of-business-and-economic-statistics,2022,Can a Machine Correct Option Pricing Models?,https://doi.org/10.1080/07350015.2022.2099871,https://doi.org/10.1080/07350015.2022.2099871,paywalled,non-pdf-content
journal-of-business-and-economic-statistics,2022,Changepoint Detection in Heteroscedastic Random Coefficient Autoregressive Models,https://doi.org/10.1080/07350015.2022.2120485,https://doi.org/10.1080/07350015.2022.2120485,failed,HTTP 202
journal-of-business-and-economic-statistics,2022,A Statistical Recurrent Stochastic Volatility Model for Stock Markets,https://doi.org/10.1080/07350015.2022.2028631,https://doi.org/10.1080/07350015.2022.2028631,failed,HTTP 202
journal-of-business-and-economic-statistics,2022,"Male Earnings Volatility in LEHD Before, During, and After the Great Recession",https://doi.org/10.1080/07350015.2022.2126479,https://doi.org/10.1080/07350015.2022.2126479,paywalled,non-pdf-content
journal-of-business-and-economic-statistics,2022,Singular Conditional Autoregressive Wishart Model for Realized Covariance Matrices,https://doi.org/10.1080/07350015.2022.2075370,https://doi.org/10.1080/07350015.2022.2075370,failed,HTTP 403
journal-of-business-and-economic-statistics,2022,Bootstrapping Two-Stage Quasi-Maximum Likelihood Estimators of Time Series Models,https://doi.org/10.1080/07350015.2022.2058949,https://doi.org/10.1080/07350015.2022.2058949,failed,HTTP 202
journal-of-business-and-economic-statistics,2022,Using Survey Information for Improving the Density Nowcasting of U.S. GDP,https://doi.org/10.1080/07350015.2022.2058000,https://doi.org/10.1080/07350015.2022.2058000,failed,HTTP 202
journal-of-business-and-economic-statistics,2022,Estimation of a Structural Break Point in Linear Regression Models,https://doi.org/10.1080/07350015.2022.2154777,https://doi.org/10.1080/07350015.2022.2154777,failed,HTTP 202
journal-of-business-and-economic-statistics,2022,Estimation of Leverage Effect: Kernel Function and Efficiency,https://doi.org/10.1080/07350015.2022.2097910,https://doi.org/10.1080/07350015.2022.2097910,paywalled,未找到开放获取副本
journal-of-business-and-economic-statistics,2022,Corporate Probability of Default: A Single-Index Hazard Model Approach,https://doi.org/10.1080/07350015.2022.2120484,https://doi.org/10.1080/07350015.2022.2120484,failed,HTTP 202
journal-of-business-and-economic-statistics,2022,Reconciling Trends in Male Earnings Volatility: Evidence from the SIPP Survey and Administrative Data,https://doi.org/10.1080/07350015.2022.2126845,https://doi.org/10.1080/07350015.2022.2126845,paywalled,未找到开放获取副本
journal-of-business-and-economic-statistics,2022,Detecting Unobserved Heterogeneity in Efficient Prices via Classifier-Lasso,https://doi.org/10.1080/07350015.2022.2036613,https://doi.org/10.1080/07350015.2022.2036613,failed,HTTP 202
journal-of-business-and-economic-statistics,2022,Nonparametric Option Pricing with Generalized Entropic Estimators,https://doi.org/10.1080/07350015.2022.2115499,https://doi.org/10.1080/07350015.2022.2115499,failed,HTTP 403
journal-of-business-and-economic-statistics,2022,Locally Stationary Multiplicative Volatility Modeling,https://doi.org/10.1080/07350015.2022.2036612,https://doi.org/10.1080/07350015.2022.2036612,paywalled,未找到开放获取副本
journal-of-business-and-economic-statistics,2021,Hedging With Linear Regressions and Neural Networks,https://doi.org/10.1080/07350015.2021.1931241,https://doi.org/10.1080/07350015.2021.1931241,failed,HTTP 403
journal-of-business-and-economic-statistics,2021,Risk Analysis via Generalized Pareto Distributions,https://doi.org/10.1080/07350015.2021.1874390,https://doi.org/10.1080/07350015.2021.1874390,failed,HTTP 403
journal-of-business-and-economic-statistics,2021,Forecasting Conditional Covariance Matrices in High-Dimensional Time Series: A General Dynamic Factor Approach,https://doi.org/10.1080/07350015.2021.1996380,https://doi.org/10.1080/07350015.2021.1996380,paywalled,non-pdf-content
journal-of-business-and-economic-statistics,2021,Volatility Estimation When the Zero-Process is Nonstationary,https://doi.org/10.1080/07350015.2021.1999821,https://doi.org/10.1080/07350015.2021.1999821,paywalled,non-pdf-content
journal-of-business-and-economic-statistics,2021,"Markov Switching Garch Models: Higher Order Moments, Kurtosis Measures, and Volatility Evaluation in Recessions and Pandemic",https://doi.org/10.1080/07350015.2021.1974459,https://doi.org/10.1080/07350015.2021.1974459,paywalled,non-pdf-content
journal-of-business-and-economic-statistics,2021,Adaptive Testing for Cointegration With Nonstationary Volatility,https://doi.org/10.1080/07350015.2020.1867558,https://doi.org/10.1080/07350015.2020.1867558,failed,HTTP 403
journal-of-business-and-economic-statistics,2021,Test for Market Timing Using Daily Fund Returns,https://doi.org/10.1080/07350015.2021.2006670,https://doi.org/10.1080/07350015.2021.2006670,paywalled,未找到开放获取副本
journal-of-business-and-economic-statistics,2021,Nonparametric Specification Testing of Conditional Asset Pricing Models,https://doi.org/10.1080/07350015.2021.1933500,https://doi.org/10.1080/07350015.2021.1933500,failed,HTTP 202
journal-of-business-and-economic-statistics,2021,Bayesian Inference in Common Microeconometric Models With Massive Datasets by Double Marginalized Subsampling,https://doi.org/10.1080/07350015.2021.1933502,https://doi.org/10.1080/07350015.2021.1933502,paywalled,未找到开放获取副本
journal-of-business-and-economic-statistics,2020,A Score-Driven Conditional Correlation Model for Noisy and Asynchronous Data: An Application to High-Frequency Covariance Dynamics,https://doi.org/10.1080/07350015.2020.1739530,https://doi.org/10.1080/07350015.2020.1739530,paywalled,non-pdf-content
journal-of-business-and-economic-statistics,2020,Closed-Form Multi-Factor Copula Models With Observation-Driven Dynamic Factor Loadings,https://doi.org/10.1080/07350015.2020.1763806,https://doi.org/10.1080/07350015.2020.1763806,failed,HTTP 403
journal-of-business-and-economic-statistics,2020,Measuring Granger Causality in Quantiles,https://doi.org/10.1080/07350015.2020.1739531,https://doi.org/10.1080/07350015.2020.1739531,failed,HTTP 202
journal-of-business-and-economic-statistics,2020,Dynamic Discrete Mixtures for High-Frequency Prices,https://doi.org/10.1080/07350015.2020.1840994,https://doi.org/10.1080/07350015.2020.1840994,failed,HTTP 202
journal-of-business-and-economic-statistics,2020,Dynamic Bivariate Peak Over Threshold Model for Joint Tail Risk Dynamics of Financial Markets,https://doi.org/10.1080/07350015.2020.1737083,https://doi.org/10.1080/07350015.2020.1737083,failed,HTTP 202
journal-of-business-and-economic-statistics,2020,Modeling Tail Index With Autoregressive Conditional Pareto Model,https://doi.org/10.1080/07350015.2020.1832504,https://doi.org/10.1080/07350015.2020.1832504,paywalled,未找到开放获取副本
journal-of-business-and-economic-statistics,2020,A Stochastic Volatility Model With a General Leverage Specification,https://doi.org/10.1080/07350015.2020.1855187,https://doi.org/10.1080/07350015.2020.1855187,paywalled,未找到开放获取副本
journal-of-business-and-economic-statistics,2020,Price Dividend Ratio and Long-Run Stock Returns: A Score-Driven State Space Model,https://doi.org/10.1080/07350015.2020.1763805,https://doi.org/10.1080/07350015.2020.1763805,failed,HTTP 202
journal-of-business-and-economic-statistics,2020,Adaptive Inference in Heteroscedastic Fractional Time Series Models,https://doi.org/10.1080/07350015.2020.1773275,https://doi.org/10.1080/07350015.2020.1773275,failed,HTTP 202
journal-of-business-and-economic-statistics,2020,A Factor-Based Estimation of Integrated Covariance Matrix With Noisy High-Frequency Data,https://doi.org/10.1080/07350015.2020.1868301,https://doi.org/10.1080/07350015.2020.1868301,paywalled,未找到开放获取副本
journal-of-business-and-economic-statistics,2020,Estimating Jump Activity Using Multipower Variation,https://doi.org/10.1080/07350015.2020.1784745,https://doi.org/10.1080/07350015.2020.1784745,failed,HTTP 202
journal-of-business-and-economic-statistics,2020,"Leverage, Asymmetry, and Heavy Tails in the High-Dimensional Factor Stochastic Volatility Model",https://doi.org/10.1080/07350015.2020.1806853,https://doi.org/10.1080/07350015.2020.1806853,failed,HTTP 202
journal-of-business-and-economic-statistics,2020,Dynamic Semiparametric Factor Model With Structural Breaks,https://doi.org/10.1080/07350015.2020.1730857,https://doi.org/10.1080/07350015.2020.1730857,failed,HTTP 202
journal-of-business-and-economic-statistics,2020,Laplace Estimator of Integrated Volatility When Sampling Times Are Endogenous,https://doi.org/10.1080/07350015.2020.1855185,https://doi.org/10.1080/07350015.2020.1855185,paywalled,未找到开放获取副本
journal-of-business-and-economic-statistics,2020,Semiparametric Estimation in Continuous-Time: Asymptotics for Integrated Volatility Functionals with Small and Large Bandwidths,https://doi.org/10.1080/07350015.2020.1733583,https://doi.org/10.1080/07350015.2020.1733583,failed,HTTP 202
journal-of-business-and-economic-statistics,2020,Generalized Jump Regressions for Local Moments,https://doi.org/10.1080/07350015.2020.1753526,https://doi.org/10.1080/07350015.2020.1753526,failed,HTTP 403
journal-of-econometrics,2026,Reprint of: Nonparametric estimation for high-frequency data incorporating trading information,https://doi.org/10.1016/j.jeconom.2026.106202,https://doi.org/10.1016/j.jeconom.2026.106202,paywalled,未找到开放获取副本
journal-of-econometrics,2026,Time-varying macroeconomic announcement risk,https://doi.org/10.1016/j.jeconom.2026.106194,https://doi.org/10.1016/j.jeconom.2026.106194,paywalled,non-pdf-content
journal-of-econometrics,2026,To be or not to be: Roughness or long memory in volatility?,https://doi.org/10.1016/j.jeconom.2026.106193,https://doi.org/10.1016/j.jeconom.2026.106193,paywalled,non-pdf-content
journal-of-econometrics,2026,Sign-based tests for structural changes in multivariate volatility,https://doi.org/10.1016/j.jeconom.2026.106211,https://doi.org/10.1016/j.jeconom.2026.106211,paywalled,未找到开放获取副本
journal-of-econometrics,2026,Testing for differences in high-frequency network connectedness from variance decompositions,https://doi.org/10.1016/j.jeconom.2026.106238,https://doi.org/10.1016/j.jeconom.2026.106238,paywalled,non-pdf-content
journal-of-econometrics,2026,"Consistency, distributional convergence, and optimality of time-varying parameters in score-driven models",https://doi.org/10.1016/j.jeconom.2026.106218,https://doi.org/10.1016/j.jeconom.2026.106218,paywalled,non-pdf-content
journal-of-econometrics,2026,Time domain estimation of non-fundamental ARMA models in the presence of heteroskedasticity of unknown form,https://doi.org/10.1016/j.jeconom.2026.106265,https://doi.org/10.1016/j.jeconom.2026.106265,paywalled,non-pdf-content
journal-of-econometrics,2025,Multiplicative factor model for volatility,https://doi.org/10.1016/j.jeconom.2025.105959,https://doi.org/10.1016/j.jeconom.2025.105959,paywalled,未找到开放获取副本
journal-of-econometrics,2025,BUMVU estimators,https://doi.org/10.1016/j.jeconom.2024.105942,https://doi.org/10.1016/j.jeconom.2024.105942,paywalled,non-pdf-content
journal-of-econometrics,2025,Identifying the volatility risk price through the leverage effect,https://doi.org/10.1016/j.jeconom.2024.105943,https://doi.org/10.1016/j.jeconom.2024.105943,paywalled,未找到开放获取副本
journal-of-econometrics,2025,Multivariate stochastic volatility models based on generalized Fisher transformation,https://doi.org/10.1016/j.jeconom.2025.106041,https://doi.org/10.1016/j.jeconom.2025.106041,paywalled,non-pdf-content
journal-of-econometrics,2025,On-line detection of changes in the shape of intraday volatility curves,https://doi.org/10.1016/j.jeconom.2025.106089,https://doi.org/10.1016/j.jeconom.2025.106089,paywalled,未找到开放获取副本
journal-of-econometrics,2025,Stochastic volatility in mean: Efficient analysis by a generalized mixture sampler,https://doi.org/10.1016/j.jeconom.2025.105949,https://doi.org/10.1016/j.jeconom.2025.105949,paywalled,non-pdf-content
journal-of-econometrics,2025,High frequency factor analysis with partially observable factors,https://doi.org/10.1016/j.jeconom.2025.106058,https://doi.org/10.1016/j.jeconom.2025.106058,paywalled,未找到开放获取副本
journal-of-econometrics,2025,Model uncertainty in the cross-section of stock returns,https://doi.org/10.1016/j.jeconom.2025.106066,https://doi.org/10.1016/j.jeconom.2025.106066,paywalled,未找到开放获取副本
journal-of-econometrics,2025,Bespoke realized volatility: Tailored measures of risk for volatility prediction,https://doi.org/10.1016/j.jeconom.2025.106122,https://doi.org/10.1016/j.jeconom.2025.106122,paywalled,未找到开放获取副本
journal-of-econometrics,2025,Granular betas and risk premium functions,https://doi.org/10.1016/j.jeconom.2025.106034,https://doi.org/10.1016/j.jeconom.2025.106034,paywalled,未找到开放获取副本
journal-of-econometrics,2025,Time-varying parameter MIDAS models: Application to nowcasting US Real GDP,https://doi.org/10.1016/j.jeconom.2025.106090,https://doi.org/10.1016/j.jeconom.2025.106090,paywalled,non-pdf-content
journal-of-econometrics,2025,Partial identification of structural vector autoregressions with non-centred stochastic volatility,https://doi.org/10.1016/j.jeconom.2025.106107,https://doi.org/10.1016/j.jeconom.2025.106107,paywalled,non-pdf-content
journal-of-econometrics,2025,Risk premia from the cross-section of individual assets,https://doi.org/10.1016/j.jeconom.2025.106108,https://doi.org/10.1016/j.jeconom.2025.106108,paywalled,non-pdf-content
journal-of-econometrics,2025,Factor and idiosyncratic VAR volatility matrix models for heavy-tailed high-frequency financial observations,https://doi.org/10.1016/j.jeconom.2025.106129,https://doi.org/10.1016/j.jeconom.2025.106129,paywalled,未找到开放获取副本
journal-of-econometrics,2025,Large-scale model comparison with fast model confidence sets,https://doi.org/10.1016/j.jeconom.2025.106123,https://doi.org/10.1016/j.jeconom.2025.106123,failed,网络错误 [SSL: CERTIFICATE_VERIFY_FAILED] certificate verify failed: unable to get local issuer certificate (_ssl.c:1032)
journal-of-econometrics,2025,Long-term volatility shapes the stock market’s sensitivity to news,https://doi.org/10.1016/j.jeconom.2025.106148,https://doi.org/10.1016/j.jeconom.2025.106148,paywalled,non-pdf-content
journal-of-econometrics,2025,Efficient sampling for realized variance estimation in time-changed diffusion models,https://doi.org/10.1016/j.jeconom.2025.106150,https://doi.org/10.1016/j.jeconom.2025.106150,paywalled,non-pdf-content
journal-of-econometrics,2025,Uncovering mild drift in asset prices with intraday high-frequency data,https://doi.org/10.1016/j.jeconom.2025.106177,https://doi.org/10.1016/j.jeconom.2025.106177,paywalled,未找到开放获取副本
journal-of-econometrics,2024,When uncertainty and volatility are disconnected: Implications for asset pricing and portfolio performance,https://doi.org/10.1016/j.jeconom.2023.105654,https://doi.org/10.1016/j.jeconom.2023.105654,paywalled,未找到开放获取副本
journal-of-econometrics,2024,Natural disasters as macroeconomic tail risks,https://doi.org/10.1016/j.jeconom.2024.105914,https://doi.org/10.1016/j.jeconom.2024.105914,paywalled,non-pdf-content
journal-of-econometrics,2024,Monitoring multi-country macroeconomic risk: A quantile factor-augmented vector autoregressive (QFAVAR) approach,https://doi.org/10.1016/j.jeconom.2024.105730,https://doi.org/10.1016/j.jeconom.2024.105730,paywalled,non-pdf-content
journal-of-econometrics,2024,"High frequency principal component analysis based on correlation matrix that is robust to jumps, microstructure noise and asynchronous observation times",https://doi.org/10.1016/j.jeconom.2024.105701,https://doi.org/10.1016/j.jeconom.2024.105701,paywalled,未找到开放获取副本
journal-of-econometrics,2024,Mind your language: Market responses to central bank speeches,https://doi.org/10.1016/j.jeconom.2024.105921,https://doi.org/10.1016/j.jeconom.2024.105921,paywalled,non-pdf-content
journal-of-econometrics,2024,Scenario-based quantile connectedness of the U.S. interbank liquidity risk network,https://doi.org/10.1016/j.jeconom.2024.105786,https://doi.org/10.1016/j.jeconom.2024.105786,paywalled,未找到开放获取副本
journal-of-econometrics,2024,Volatility of volatility and leverage effect from options,https://doi.org/10.1016/j.jeconom.2024.105669,https://doi.org/10.1016/j.jeconom.2024.105669,paywalled,未找到开放获取副本
journal-of-econometrics,2024,Realized drift,https://doi.org/10.1016/j.jeconom.2024.105813,https://doi.org/10.1016/j.jeconom.2024.105813,paywalled,non-pdf-content
journal-of-econometrics,2024,Consistent causal inference for high-dimensional time series,https://doi.org/10.1016/j.jeconom.2024.105902,https://doi.org/10.1016/j.jeconom.2024.105902,paywalled,non-pdf-content
journal-of-econometrics,2024,High dimensional regression coefficient test with high frequency data,https://doi.org/10.1016/j.jeconom.2024.105812,https://doi.org/10.1016/j.jeconom.2024.105812,paywalled,non-pdf-content
journal-of-econometrics,2024,Nonparametric estimation for high-frequency data incorporating trading information,https://doi.org/10.1016/j.jeconom.2024.105690,https://doi.org/10.1016/j.jeconom.2024.105690,paywalled,未找到开放获取副本
journal-of-econometrics,2024,Estimating option pricing models using a characteristic function-based linear state space representation,https://doi.org/10.1016/j.jeconom.2024.105864,https://doi.org/10.1016/j.jeconom.2024.105864,paywalled,non-pdf-content
journal-of-econometrics,2024,Identification-robust and simultaneous inference in multifactor asset pricing models,https://doi.org/10.1016/j.jeconom.2024.105915,https://doi.org/10.1016/j.jeconom.2024.105915,paywalled,未找到开放获取副本
journal-of-econometrics,2024,Parametric risk-neutral density estimation via finite lognormal-Weibull mixtures,https://doi.org/10.1016/j.jeconom.2024.105748,https://doi.org/10.1016/j.jeconom.2024.105748,paywalled,non-pdf-content
journal-of-econometrics,2024,Intraday volatility patterns from short-dated options,https://doi.org/10.1016/j.jeconom.2024.105732,https://doi.org/10.1016/j.jeconom.2024.105732,paywalled,未找到开放获取副本
journal-of-econometrics,2024,"Some fixed-<mml:math xmlns:mml=""http://www.w3.org/1998/Math/MathML"" altimg=""si454.svg"" display=""inline"" id=""d1e4211""><mml:mi>b</mml:mi></mml:math> results for regressions with high frequency data over long spans",https://doi.org/10.1016/j.jeconom.2024.105773,https://doi.org/10.1016/j.jeconom.2024.105773,paywalled,未找到开放获取副本
journal-of-econometrics,2024,Volatility prediction comparison via robust volatility proxies: An empirical deviation perspective,https://doi.org/10.1016/j.jeconom.2023.105633,https://doi.org/10.1016/j.jeconom.2023.105633,failed,HTTP 403
journal-of-econometrics,2023,Common volatility shocks driven by the global carbon transition,https://doi.org/10.1016/j.jeconom.2023.05.008,https://doi.org/10.1016/j.jeconom.2023.05.008,paywalled,non-pdf-content
journal-of-econometrics,2023,High frequency market making: The role of speed,https://doi.org/10.1016/j.jeconom.2022.12.015,https://doi.org/10.1016/j.jeconom.2022.12.015,paywalled,未找到开放获取副本
journal-of-econometrics,2023,Adaptive robust large volatility matrix estimation based on high-frequency financial data,https://doi.org/10.1016/j.jeconom.2023.105514,https://doi.org/10.1016/j.jeconom.2023.105514,paywalled,未找到开放获取副本
journal-of-econometrics,2023,Asset pricing with neural networks: Significance tests,https://doi.org/10.1016/j.jeconom.2023.105574,https://doi.org/10.1016/j.jeconom.2023.105574,paywalled,non-pdf-content
journal-of-econometrics,2023,Realized regression with asynchronous and noisy high frequency and high dimensional data,https://doi.org/10.1016/j.jeconom.2023.02.015,https://doi.org/10.1016/j.jeconom.2023.02.015,paywalled,未找到开放获取副本
journal-of-econometrics,2023,Power enhancement for testing multi-factor asset pricing models via Fisher’s method,https://doi.org/10.1016/j.jeconom.2023.05.004,https://doi.org/10.1016/j.jeconom.2023.05.004,paywalled,未找到开放获取副本
journal-of-econometrics,2023,On model selection criteria for climate change impact studies,https://doi.org/10.1016/j.jeconom.2023.105511,https://doi.org/10.1016/j.jeconom.2023.105511,paywalled,non-pdf-content
journal-of-econometrics,2023,"Moments, shocks and spillovers in Markov-switching VAR models",https://doi.org/10.1016/j.jeconom.2023.105474,https://doi.org/10.1016/j.jeconom.2023.105474,paywalled,non-pdf-content
journal-of-econometrics,2023,The story of GARCH: A personal odyssey,https://doi.org/10.1016/j.jeconom.2023.01.015,https://doi.org/10.1016/j.jeconom.2023.01.015,paywalled,未找到开放获取副本
journal-of-econometrics,2023,Optimal nonparametric range-based volatility estimation,https://doi.org/10.1016/j.jeconom.2023.105548,https://doi.org/10.1016/j.jeconom.2023.105548,failed,HTTP 403
journal-of-econometrics,2023,Dividend suspensions and cash flows during the Covid-19 pandemic: A dynamic econometric model,https://doi.org/10.1016/j.jeconom.2022.11.008,https://doi.org/10.1016/j.jeconom.2022.11.008,paywalled,non-pdf-content
journal-of-econometrics,2023,Tail index estimation in the presence of covariates: Stock returns’ tail risk dynamics,https://doi.org/10.1016/j.jeconom.2023.04.002,https://doi.org/10.1016/j.jeconom.2023.04.002,failed,"网络错误 [SSL: CERTIFICATE_VERIFY_FAILED] certificate verify failed: Hostname mismatch, certificate is not valid for 'www.repository.utl.pt'. (_ssl.c:1032)"
journal-of-econometrics,2023,Score-driven models for realized volatility,https://doi.org/10.1016/j.jeconom.2023.01.029,https://doi.org/10.1016/j.jeconom.2023.01.029,paywalled,non-pdf-content
journal-of-econometrics,2023,Taking stock of long-horizon predictability tests: Are factor returns predictable?,https://doi.org/10.1016/j.jeconom.2022.10.009,https://doi.org/10.1016/j.jeconom.2022.10.009,paywalled,non-pdf-content
journal-of-econometrics,2023,Latent Factor Analysis in Short Panels,https://doi.org/10.1016/j.jeconom.2026.106249,https://doi.org/10.1016/j.jeconom.2026.106249,paywalled,non-pdf-content
journal-of-econometrics,2023,Score-driven asset pricing: Predicting time-varying risk premia based on cross-sectional model performance,https://doi.org/10.1016/j.jeconom.2023.05.007,https://doi.org/10.1016/j.jeconom.2023.05.007,paywalled,non-pdf-content
journal-of-econometrics,2023,Large volatility matrix analysis using global and national factor models,https://doi.org/10.1016/j.jeconom.2023.02.004,https://doi.org/10.1016/j.jeconom.2023.02.004,paywalled,未找到开放获取副本
journal-of-econometrics,2023,Penetrating sporadic return predictability,https://doi.org/10.1016/j.jeconom.2023.105509,https://doi.org/10.1016/j.jeconom.2023.105509,paywalled,未找到开放获取副本
journal-of-econometrics,2023,Estimation of common factors for microstructure noise and efficient price in a high-frequency dual factor model,https://doi.org/10.1016/j.jeconom.2022.12.005,https://doi.org/10.1016/j.jeconom.2022.12.005,paywalled,non-pdf-content
journal-of-econometrics,2023,Joint inference based on Stein-type averaging estimators in the linear regression model,https://doi.org/10.1016/j.jeconom.2023.01.006,https://doi.org/10.1016/j.jeconom.2023.01.006,paywalled,non-pdf-content
journal-of-econometrics,2023,Semiparametric estimation of latent variable asset pricing models,https://doi.org/10.1016/j.jeconom.2023.03.010,https://doi.org/10.1016/j.jeconom.2023.03.010,paywalled,未找到开放获取副本
journal-of-econometrics,2022,Macroeconomic forecasting and variable ordering in multivariate stochastic volatility models,https://doi.org/10.1016/j.jeconom.2022.04.013,https://doi.org/10.1016/j.jeconom.2022.04.013,paywalled,未找到开放获取副本
journal-of-econometrics,2022,Modeling realized covariance measures with heterogeneous liquidity: A generalized matrix-variate Wishart state-space model,https://doi.org/10.1016/j.jeconom.2022.01.007,https://doi.org/10.1016/j.jeconom.2022.01.007,paywalled,未找到开放获取副本
journal-of-econometrics,2022,Identifying latent factors based on high-frequency data,https://doi.org/10.1016/j.jeconom.2022.04.006,https://doi.org/10.1016/j.jeconom.2022.04.006,paywalled,未找到开放获取副本
journal-of-econometrics,2022,GARCH density and functional forecasts,https://doi.org/10.1016/j.jeconom.2022.04.010,https://doi.org/10.1016/j.jeconom.2022.04.010,paywalled,non-pdf-content
journal-of-econometrics,2022,Asymptotic properties of Bayesian inference in linear regression with a structural break,https://doi.org/10.1016/j.jeconom.2022.03.006,https://doi.org/10.1016/j.jeconom.2022.03.006,paywalled,non-pdf-content
journal-of-econometrics,2022,Asymptotic F test in regressions with observations collected at high frequency over long span,https://doi.org/10.1016/j.jeconom.2022.10.007,https://doi.org/10.1016/j.jeconom.2022.10.007,failed,HTTP 403
journal-of-econometrics,2022,Integrated Variance Estimation for Assets Traded in Multiple Venues,https://doi.org/10.1016/j.jeconom.2026.106244,https://doi.org/10.1016/j.jeconom.2026.106244,paywalled,non-pdf-content
journal-of-econometrics,2021,Modeling and forecasting realized volatility with the fractional Ornstein–Uhlenbeck process,https://doi.org/10.1016/j.jeconom.2021.08.001,https://doi.org/10.1016/j.jeconom.2021.08.001,paywalled,non-pdf-content
journal-of-econometrics,2021,Volatility measurement with pockets of extreme return persistence,https://doi.org/10.1016/j.jeconom.2020.11.005,https://doi.org/10.1016/j.jeconom.2020.11.005,failed,HTTP 403
journal-of-econometrics,2021,Using time-varying volatility for identification in Vector Autoregressions: An application to endogenous uncertainty,https://doi.org/10.1016/j.jeconom.2021.07.001,https://doi.org/10.1016/j.jeconom.2021.07.001,failed,HTTP 403
journal-of-econometrics,2021,"Testing underidentification in linear models, with applications to dynamic panel and asset pricing models",https://doi.org/10.1016/j.jeconom.2021.03.007,https://doi.org/10.1016/j.jeconom.2021.03.007,paywalled,non-pdf-content
journal-of-econometrics,2021,"A simple joint model for returns, volatility and volatility of volatility",https://doi.org/10.1016/j.jeconom.2021.09.012,https://doi.org/10.1016/j.jeconom.2021.09.012,paywalled,未找到开放获取副本
journal-of-econometrics,2021,A discrete-time hedging framework with multiple factors and fat tails: On what matters,https://doi.org/10.1016/j.jeconom.2021.08.002,https://doi.org/10.1016/j.jeconom.2021.08.002,paywalled,未找到开放获取副本
journal-of-econometrics,2021,Bias reduction in spot volatility estimation from options,https://doi.org/10.1016/j.jeconom.2021.12.001,https://doi.org/10.1016/j.jeconom.2021.12.001,paywalled,未找到开放获取副本
journal-of-econometrics,2021,Simple tests for stock return predictability with good size and power properties,https://doi.org/10.1016/j.jeconom.2021.01.004,https://doi.org/10.1016/j.jeconom.2021.01.004,paywalled,non-pdf-content
journal-of-econometrics,2021,"Realized matrix-exponential stochastic volatility with asymmetry, long memory and higher-moment spillovers",https://doi.org/10.1016/j.jeconom.2021.06.008,https://doi.org/10.1016/j.jeconom.2021.06.008,paywalled,non-pdf-content
journal-of-econometrics,2021,Real-time Bayesian learning and bond return predictability,https://doi.org/10.1016/j.jeconom.2020.04.052,https://doi.org/10.1016/j.jeconom.2020.04.052,paywalled,未找到开放获取副本
journal-of-econometrics,2021,Comment on “Large Bayesian vector autoregressions with stochastic volatility and non-conjugate priors”,https://doi.org/10.1016/j.jeconom.2021.10.008,https://doi.org/10.1016/j.jeconom.2021.10.008,paywalled,未找到开放获取副本
journal-of-econometrics,2021,Volatility of volatility: Estimation and tests based on noisy high frequency data with jumps,https://doi.org/10.1016/j.jeconom.2021.02.007,https://doi.org/10.1016/j.jeconom.2021.02.007,failed,HTTP 403
journal-of-econometrics,2021,Simple estimators and inference for higher-order stochastic volatility models,https://doi.org/10.1016/j.jeconom.2021.03.008,https://doi.org/10.1016/j.jeconom.2021.03.008,paywalled,未找到开放获取副本
journal-of-econometrics,2020,Autoencoder asset pricing models,https://doi.org/10.1016/j.jeconom.2020.07.009,https://doi.org/10.1016/j.jeconom.2020.07.009,paywalled,未找到开放获取副本
journal-of-econometrics,2020,High-frequency factor models and regressions,https://doi.org/10.1016/j.jeconom.2020.01.007,https://doi.org/10.1016/j.jeconom.2020.01.007,paywalled,未找到开放获取副本
journal-of-econometrics,2020,Closed-form implied volatility surfaces for stochastic volatility models with jumps,https://doi.org/10.1016/j.jeconom.2020.07.006,https://doi.org/10.1016/j.jeconom.2020.07.006,paywalled,未找到开放获取副本
journal-of-econometrics,2020,Tail risk and return predictability for the Japanese equity market,https://doi.org/10.1016/j.jeconom.2020.07.005,https://doi.org/10.1016/j.jeconom.2020.07.005,failed,HTTP 403
journal-of-econometrics,2020,Volatility analysis with realized GARCH-Itô models,https://doi.org/10.1016/j.jeconom.2020.07.007,https://doi.org/10.1016/j.jeconom.2020.07.007,failed,HTTP 403
journal-of-econometrics,2020,Multivariate leverage effects and realized semicovariance GARCH models,https://doi.org/10.1016/j.jeconom.2019.12.011,https://doi.org/10.1016/j.jeconom.2019.12.011,failed,HTTP 403
journal-of-econometrics,2020,Volatility estimation and jump detection for drift–diffusion processes,https://doi.org/10.1016/j.jeconom.2019.12.004,https://doi.org/10.1016/j.jeconom.2019.12.004,failed,HTTP 403
journal-of-econometrics,2020,Identification of structural multivariate GARCH models,https://doi.org/10.1016/j.jeconom.2020.07.019,https://doi.org/10.1016/j.jeconom.2020.07.019,paywalled,non-pdf-content
journal-of-econometrics,2020,"Bootstrap inference on the boundary of the parameter space, with application to conditional volatility models",https://doi.org/10.1016/j.jeconom.2020.05.006,https://doi.org/10.1016/j.jeconom.2020.05.006,failed,HTTP 202
journal-of-econometrics,2020,Efficient estimation of multivariate semi-nonparametric GARCH filtered copula models,https://doi.org/10.1016/j.jeconom.2020.07.012,https://doi.org/10.1016/j.jeconom.2020.07.012,paywalled,non-pdf-content
journal-of-econometrics,2020,Predicting the VIX and the volatility risk premium: The role of short-run funding spreads Volatility Factors,https://doi.org/10.1016/j.jeconom.2020.04.006,https://doi.org/10.1016/j.jeconom.2020.04.006,paywalled,未找到开放获取副本
journal-of-econometrics,2020,Asset selection based on high frequency Sharpe ratio,https://doi.org/10.1016/j.jeconom.2020.05.007,https://doi.org/10.1016/j.jeconom.2020.05.007,paywalled,未找到开放获取副本
journal-of-econometrics,2020,A coupled component DCS-EGARCH model for intraday and overnight volatility,https://doi.org/10.1016/j.jeconom.2019.12.015,https://doi.org/10.1016/j.jeconom.2019.12.015,paywalled,non-pdf-content
journal-of-econometrics,2020,Testing capital asset pricing models using functional-coefficient panel data models with cross-sectional dependence,https://doi.org/10.1016/j.jeconom.2020.07.018,https://doi.org/10.1016/j.jeconom.2020.07.018,failed,网络错误 [Errno 60] Operation timed out
journal-of-econometrics,2020,Generalized aggregation of misspecified models: With an application to asset pricing,https://doi.org/10.1016/j.jeconom.2020.07.010,https://doi.org/10.1016/j.jeconom.2020.07.010,paywalled,未找到开放获取副本
journal-of-econometrics,2020,Testing the existence of moments for GARCH processes,https://doi.org/10.1016/j.jeconom.2020.05.009,https://doi.org/10.1016/j.jeconom.2020.05.009,failed,HTTP 403
journal-of-econometrics,2020,Small-sample tests for stock return predictability with possibly non-stationary regressors and GARCH-type effects,https://doi.org/10.1016/j.jeconom.2020.04.037,https://doi.org/10.1016/j.jeconom.2020.04.037,paywalled,non-pdf-content
journal-of-econometrics,2020,Level shift estimation in the presence of non-stationary volatility with an application to the unit root testing problem,https://doi.org/10.1016/j.jeconom.2020.03.008,https://doi.org/10.1016/j.jeconom.2020.03.008,paywalled,non-pdf-content
journal-of-econometrics,2020,"LADE-based inferences for autoregressive models with heavy-tailed G-GARCH(1, 1) noise",https://doi.org/10.1016/j.jeconom.2020.06.011,https://doi.org/10.1016/j.jeconom.2020.06.011,paywalled,未找到开放获取副本
journal-of-econometrics,2020,Occupation density estimation for noisy high-frequency data,https://doi.org/10.1016/j.jeconom.2020.05.013,https://doi.org/10.1016/j.jeconom.2020.05.013,paywalled,non-pdf-content
journal-of-econometrics,2020,Financially adaptive clinical trials via option pricing analysis,https://doi.org/10.1016/j.jeconom.2020.08.012,https://doi.org/10.1016/j.jeconom.2020.08.012,paywalled,未找到开放获取副本
journal-of-econometrics,2020,Variation and efficiency of high-frequency betas,https://doi.org/10.1016/j.jeconom.2020.05.022,https://doi.org/10.1016/j.jeconom.2020.05.022,paywalled,non-pdf-content
journal-of-empirical-finance,2026,Salience theory and cross-sectional corporate bond returns,https://doi.org/10.1016/j.jempfin.2026.101692,https://doi.org/10.1016/j.jempfin.2026.101692,paywalled,未找到开放获取副本
journal-of-empirical-finance,2026,Measuring daily systemic risk with intraday data: Evidence from foreign exchange market,https://doi.org/10.1016/j.jempfin.2026.101693,https://doi.org/10.1016/j.jempfin.2026.101693,paywalled,未找到开放获取副本
journal-of-empirical-finance,2026,Factors in the cross-section of Chinese corporate bonds: Evidence from reduced-rank analysis,https://doi.org/10.1016/j.jempfin.2026.101686,https://doi.org/10.1016/j.jempfin.2026.101686,paywalled,未找到开放获取副本
journal-of-empirical-finance,2026,A skew is a skill: Portfolio skewness of mutual fund holdings,https://doi.org/10.1016/j.jempfin.2026.101687,https://doi.org/10.1016/j.jempfin.2026.101687,paywalled,non-pdf-content
journal-of-empirical-finance,2026,Brown bonds in a green world: Are investors punishing high-carbon issuers with illiquidity?,https://doi.org/10.1016/j.jempfin.2026.101691,https://doi.org/10.1016/j.jempfin.2026.101691,paywalled,non-pdf-content
journal-of-empirical-finance,2026,Positivity and long-lasting momentum,https://doi.org/10.1016/j.jempfin.2026.101694,https://doi.org/10.1016/j.jempfin.2026.101694,paywalled,未找到开放获取副本
journal-of-empirical-finance,2026,Are the stylized features of stock returns the same in market downturns and upturns?,https://doi.org/10.1016/j.jempfin.2026.101695,https://doi.org/10.1016/j.jempfin.2026.101695,paywalled,未找到开放获取副本
journal-of-empirical-finance,2026,Firm location and the value-growth premium,https://doi.org/10.1016/j.jempfin.2026.101690,https://doi.org/10.1016/j.jempfin.2026.101690,paywalled,未找到开放获取副本
journal-of-empirical-finance,2026,Factor pricing across asset classes,https://doi.org/10.1016/j.jempfin.2026.101688,https://doi.org/10.1016/j.jempfin.2026.101688,paywalled,non-pdf-content
journal-of-empirical-finance,2026,Prospect theory and stock price behavior in retail trading booms,https://doi.org/10.1016/j.jempfin.2026.101706,https://doi.org/10.1016/j.jempfin.2026.101706,paywalled,未找到开放获取副本
journal-of-empirical-finance,2026,"Realized, expected and unexpected returns in asset pricing tests",https://doi.org/10.1016/j.jempfin.2026.101707,https://doi.org/10.1016/j.jempfin.2026.101707,paywalled,non-pdf-content
journal-of-empirical-finance,2026,Sparse heterogeneous auto-regressive model for volatility forecasting,https://doi.org/10.1016/j.jempfin.2026.101708,https://doi.org/10.1016/j.jempfin.2026.101708,paywalled,未找到开放获取副本
journal-of-empirical-finance,2026,Trust and momentum: International evidence,https://doi.org/10.1016/j.jempfin.2026.101710,https://doi.org/10.1016/j.jempfin.2026.101710,paywalled,未找到开放获取副本
journal-of-empirical-finance,2026,Peer effects in financial expectations,https://doi.org/10.1016/j.jempfin.2026.101712,https://doi.org/10.1016/j.jempfin.2026.101712,paywalled,未找到开放获取副本
journal-of-empirical-finance,2026,Economic conditions and portfolio tail risk: A probability-weighted simulation approach,https://doi.org/10.1016/j.jempfin.2026.101715,https://doi.org/10.1016/j.jempfin.2026.101715,paywalled,non-pdf-content
journal-of-empirical-finance,2026,Equity risk factors for the long and short run: Pricing and performance at different frequencies,https://doi.org/10.1016/j.jempfin.2026.101711,https://doi.org/10.1016/j.jempfin.2026.101711,paywalled,non-pdf-content
journal-of-empirical-finance,2026,Do shortages forecast aggregate and sectoral U.S. stock market realized variance? Evidence from a century of data,https://doi.org/10.1016/j.jempfin.2026.101726,https://doi.org/10.1016/j.jempfin.2026.101726,paywalled,non-pdf-content
journal-of-empirical-finance,2026,On the predictability of ETF returns with technical predictors,https://doi.org/10.1016/j.jempfin.2026.101729,https://doi.org/10.1016/j.jempfin.2026.101729,paywalled,non-pdf-content
journal-of-empirical-finance,2026,Don’t draw the downs apart – How to best simulate asset price drawdowns,https://doi.org/10.1016/j.jempfin.2026.101738,https://doi.org/10.1016/j.jempfin.2026.101738,paywalled,non-pdf-content
journal-of-empirical-finance,2026,Global currency volatility risk and currency return predictability,https://doi.org/10.1016/j.jempfin.2026.101740,https://doi.org/10.1016/j.jempfin.2026.101740,paywalled,未找到开放获取副本
journal-of-empirical-finance,2026,Option-implied variance asymmetry and stock market returns,https://doi.org/10.1016/j.jempfin.2026.101743,https://doi.org/10.1016/j.jempfin.2026.101743,paywalled,未找到开放获取副本
journal-of-empirical-finance,2026,"Corrigendum to “Positivity and Long-Lasting Momentum” [Journal of Empirical Finance, volume 87 (2026)/101694]",https://doi.org/10.1016/j.jempfin.2026.101744,https://doi.org/10.1016/j.jempfin.2026.101744,paywalled,未找到开放获取副本
journal-of-empirical-finance,2025,Climate change risk and green bond pricing,https://doi.org/10.1016/j.jempfin.2025.101616,https://doi.org/10.1016/j.jempfin.2025.101616,paywalled,未找到开放获取副本
journal-of-empirical-finance,2025,Is machine learning a necessity? A regression-based approach for stock return prediction,https://doi.org/10.1016/j.jempfin.2025.101598,https://doi.org/10.1016/j.jempfin.2025.101598,paywalled,未找到开放获取副本
journal-of-empirical-finance,2025,Maxing out short-term reversals in weekly stock returns,https://doi.org/10.1016/j.jempfin.2025.101608,https://doi.org/10.1016/j.jempfin.2025.101608,paywalled,未找到开放获取副本
journal-of-empirical-finance,2025,A system of time-varying models for predictive regressions,https://doi.org/10.1016/j.jempfin.2025.101622,https://doi.org/10.1016/j.jempfin.2025.101622,paywalled,未找到开放获取副本
journal-of-empirical-finance,2025,Do investors reach for yield? Evidence from corporate bond mutual fund flows,https://doi.org/10.1016/j.jempfin.2025.101625,https://doi.org/10.1016/j.jempfin.2025.101625,paywalled,未找到开放获取副本
journal-of-empirical-finance,2025,Option-implied idiosyncratic skewness and expected returns: Mind the long run,https://doi.org/10.1016/j.jempfin.2025.101642,https://doi.org/10.1016/j.jempfin.2025.101642,paywalled,未找到开放获取副本
journal-of-empirical-finance,2025,Forecasting multivariate volatilities with exogenous predictors: An application to industry diversification strategies,https://doi.org/10.1016/j.jempfin.2025.101595,https://doi.org/10.1016/j.jempfin.2025.101595,paywalled,non-pdf-content
journal-of-empirical-finance,2025,"Smart beta, “smarter” flows",https://doi.org/10.1016/j.jempfin.2025.101580,https://doi.org/10.1016/j.jempfin.2025.101580,paywalled,未找到开放获取副本
journal-of-empirical-finance,2025,Momentum is still there conditional on volatility-amplified pessimism,https://doi.org/10.1016/j.jempfin.2025.101653,https://doi.org/10.1016/j.jempfin.2025.101653,paywalled,未找到开放获取副本
journal-of-empirical-finance,2025,Understanding climate risk in Europe: Are transition and physical risk priced in equity and fixed-income markets?,https://doi.org/10.1016/j.jempfin.2025.101672,https://doi.org/10.1016/j.jempfin.2025.101672,paywalled,non-pdf-content
journal-of-empirical-finance,2025,Forecasting financial volatility: An approach based on Parkinson volatility measure with long memory stochastic range model,https://doi.org/10.1016/j.jempfin.2025.101617,https://doi.org/10.1016/j.jempfin.2025.101617,paywalled,未找到开放获取副本
journal-of-empirical-finance,2025,"CDS and credit: The effect of the bangs on credit insurance, lending and hedging",https://doi.org/10.1016/j.jempfin.2025.101583,https://doi.org/10.1016/j.jempfin.2025.101583,paywalled,non-pdf-content
journal-of-empirical-finance,2025,"A unified duration-based explanation of the value, profitability, and investment anomalies",https://doi.org/10.1016/j.jempfin.2025.101645,https://doi.org/10.1016/j.jempfin.2025.101645,paywalled,未找到开放获取副本
journal-of-empirical-finance,2025,Why does the Cochrane–Piazzesi model predict treasury returns?,https://doi.org/10.1016/j.jempfin.2025.101650,https://doi.org/10.1016/j.jempfin.2025.101650,paywalled,未找到开放获取副本
journal-of-empirical-finance,2025,The AH premium: A tale of “siamese twin” stocks,https://doi.org/10.1016/j.jempfin.2025.101599,https://doi.org/10.1016/j.jempfin.2025.101599,paywalled,未找到开放获取副本
journal-of-empirical-finance,2025,The economic value of equity implied volatility forecasting with machine learning,https://doi.org/10.1016/j.jempfin.2025.101618,https://doi.org/10.1016/j.jempfin.2025.101618,paywalled,未找到开放获取副本
journal-of-empirical-finance,2025,Improving information leadership share for measuring price discovery,https://doi.org/10.1016/j.jempfin.2025.101638,https://doi.org/10.1016/j.jempfin.2025.101638,paywalled,未找到开放获取副本
journal-of-empirical-finance,2025,Skilled active liquidity management: Evidence from shocks to fund flows,https://doi.org/10.1016/j.jempfin.2025.101579,https://doi.org/10.1016/j.jempfin.2025.101579,paywalled,未找到开放获取副本
journal-of-empirical-finance,2025,The role of macro-finance factors in predicting stock market volatility: A latent threshold dynamic model,https://doi.org/10.1016/j.jempfin.2025.101620,https://doi.org/10.1016/j.jempfin.2025.101620,paywalled,未找到开放获取副本
journal-of-empirical-finance,2025,A robust latent factor model for high-dimensional portfolio selection,https://doi.org/10.1016/j.jempfin.2025.101623,https://doi.org/10.1016/j.jempfin.2025.101623,paywalled,未找到开放获取副本
journal-of-empirical-finance,2025,Cross-market volatility forecasting with attention-based spatial–temporal graph convolutional networks,https://doi.org/10.1016/j.jempfin.2025.101639,https://doi.org/10.1016/j.jempfin.2025.101639,paywalled,未找到开放获取副本
journal-of-empirical-finance,2025,Tick size and firm financing decisions: Evidence from a natural experiment,https://doi.org/10.1016/j.jempfin.2025.101651,https://doi.org/10.1016/j.jempfin.2025.101651,paywalled,non-pdf-content
journal-of-empirical-finance,2025,Risk diversification and extreme risk mitigation,https://doi.org/10.1016/j.jempfin.2025.101649,https://doi.org/10.1016/j.jempfin.2025.101649,paywalled,未找到开放获取副本
journal-of-empirical-finance,2025,Identifying the underlying components of high-frequency data: Pure vs jump diffusion processes,https://doi.org/10.1016/j.jempfin.2025.101594,https://doi.org/10.1016/j.jempfin.2025.101594,failed,HTTP 401
journal-of-empirical-finance,2025,Do fees matter? Investor’s sensitivity to active management fees,https://doi.org/10.1016/j.jempfin.2025.101596,https://doi.org/10.1016/j.jempfin.2025.101596,paywalled,non-pdf-content
journal-of-empirical-finance,2025,Bear factor and hedge fund performance,https://doi.org/10.1016/j.jempfin.2025.101611,https://doi.org/10.1016/j.jempfin.2025.101611,paywalled,non-pdf-content
journal-of-empirical-finance,2025,Portfolio optimization with estimation errors—A robust linear regression approach,https://doi.org/10.1016/j.jempfin.2025.101619,https://doi.org/10.1016/j.jempfin.2025.101619,paywalled,未找到开放获取副本
journal-of-empirical-finance,2025,High frequency online inflation and term structure of interest rates: Evidence from China,https://doi.org/10.1016/j.jempfin.2025.101626,https://doi.org/10.1016/j.jempfin.2025.101626,paywalled,未找到开放获取副本
journal-of-empirical-finance,2025,"Behavioral biases, information frictions and interest rate expectations",https://doi.org/10.1016/j.jempfin.2025.101637,https://doi.org/10.1016/j.jempfin.2025.101637,paywalled,non-pdf-content
journal-of-empirical-finance,2025,On the profitability of influential carry-trade strategies: Data-snooping bias and post-publication performance,https://doi.org/10.1016/j.jempfin.2025.101640,https://doi.org/10.1016/j.jempfin.2025.101640,paywalled,未找到开放获取副本
journal-of-empirical-finance,2025,Does a sudden breakdown in public information search impair analyst forecast accuracy? Evidence from China,https://doi.org/10.1016/j.jempfin.2025.101643,https://doi.org/10.1016/j.jempfin.2025.101643,paywalled,未找到开放获取副本
journal-of-empirical-finance,2025,Unlocking predictive potential: The frequency-domain approach to equity premium forecasting,https://doi.org/10.1016/j.jempfin.2025.101648,https://doi.org/10.1016/j.jempfin.2025.101648,paywalled,未找到开放获取副本
journal-of-empirical-finance,2025,Predicting risk premiums: A constraint-based model,https://doi.org/10.1016/j.jempfin.2025.101647,https://doi.org/10.1016/j.jempfin.2025.101647,paywalled,未找到开放获取副本
journal-of-empirical-finance,2025,The stock return predictability of treasury bond yield in China,https://doi.org/10.1016/j.jempfin.2025.101654,https://doi.org/10.1016/j.jempfin.2025.101654,paywalled,未找到开放获取副本
journal-of-empirical-finance,2025,Insider trading and anomalies,https://doi.org/10.1016/j.jempfin.2025.101666,https://doi.org/10.1016/j.jempfin.2025.101666,paywalled,未找到开放获取副本
journal-of-empirical-finance,2025,Economic aggregation of return signals in global markets,https://doi.org/10.1016/j.jempfin.2025.101663,https://doi.org/10.1016/j.jempfin.2025.101663,paywalled,未找到开放获取副本
journal-of-empirical-finance,2025,Can mutual fund “stars” really pick stocks? New evidence from a wild bootstrap analysis,https://doi.org/10.1016/j.jempfin.2025.101673,https://doi.org/10.1016/j.jempfin.2025.101673,paywalled,未找到开放获取副本
journal-of-empirical-finance,2025,A GARCH model with two volatility components and two driving factors,https://doi.org/10.1016/j.jempfin.2025.101671,https://doi.org/10.1016/j.jempfin.2025.101671,paywalled,non-pdf-content
journal-of-empirical-finance,2025,On evaluating the style-selection skill of hedge funds,https://doi.org/10.1016/j.jempfin.2025.101683,https://doi.org/10.1016/j.jempfin.2025.101683,paywalled,non-pdf-content
journal-of-empirical-finance,2025,"Information salience, investor attention, and stock price crash risk",https://doi.org/10.1016/j.jempfin.2025.101670,https://doi.org/10.1016/j.jempfin.2025.101670,paywalled,未找到开放获取副本
journal-of-empirical-finance,2025,Volatility and jumps in the Chinese Yuan using Gumbel distribution during the trade war and COVID-19 pandemic,https://doi.org/10.1016/j.jempfin.2025.101669,https://doi.org/10.1016/j.jempfin.2025.101669,paywalled,未找到开放获取副本
journal-of-empirical-finance,2025,Global standard and bank liquidity creation: A case study of Basel III liquidity regulation,https://doi.org/10.1016/j.jempfin.2025.101684,https://doi.org/10.1016/j.jempfin.2025.101684,paywalled,未找到开放获取副本
journal-of-empirical-finance,2024,Non-standard errors in asset pricing: Mind your sorts,https://doi.org/10.1016/j.jempfin.2024.101517,https://doi.org/10.1016/j.jempfin.2024.101517,paywalled,non-pdf-content
journal-of-empirical-finance,2024,"An empirical review of dynamic extreme value models for forecasting value at risk, expected shortfall and expectile",https://doi.org/10.1016/j.jempfin.2024.101488,https://doi.org/10.1016/j.jempfin.2024.101488,paywalled,未找到开放获取副本
journal-of-empirical-finance,2024,Forecasting realized volatility: Does anything beat linear models?,https://doi.org/10.1016/j.jempfin.2024.101524,https://doi.org/10.1016/j.jempfin.2024.101524,paywalled,未找到开放获取副本
journal-of-empirical-finance,2024,"Policy uncertainty, bad news disclosure, and stock price crash risk",https://doi.org/10.1016/j.jempfin.2024.101512,https://doi.org/10.1016/j.jempfin.2024.101512,paywalled,未找到开放获取副本
journal-of-empirical-finance,2024,The risk–return tradeoff among equity factors,https://doi.org/10.1016/j.jempfin.2024.101518,https://doi.org/10.1016/j.jempfin.2024.101518,paywalled,未找到开放获取副本
journal-of-empirical-finance,2024,What drives robo-advice?,https://doi.org/10.1016/j.jempfin.2024.101574,https://doi.org/10.1016/j.jempfin.2024.101574,paywalled,non-pdf-content
journal-of-empirical-finance,2024,Are stablecoins the money market mutual funds of the future?,https://doi.org/10.1016/j.jempfin.2024.101557,https://doi.org/10.1016/j.jempfin.2024.101557,paywalled,non-pdf-content
journal-of-empirical-finance,2024,Information acquisition and processing skills of institutions and retail investors around information shocks,https://doi.org/10.1016/j.jempfin.2024.101495,https://doi.org/10.1016/j.jempfin.2024.101495,paywalled,non-pdf-content
journal-of-empirical-finance,2024,Does carbon risk exposure make funds more vulnerable?,https://doi.org/10.1016/j.jempfin.2024.101523,https://doi.org/10.1016/j.jempfin.2024.101523,paywalled,未找到开放获取副本
journal-of-empirical-finance,2024,The value of information in China’s connected market,https://doi.org/10.1016/j.jempfin.2024.101526,https://doi.org/10.1016/j.jempfin.2024.101526,paywalled,未找到开放获取副本
journal-of-empirical-finance,2024,Stock price synchronicity and stock liquidity: International evidence,https://doi.org/10.1016/j.jempfin.2024.101541,https://doi.org/10.1016/j.jempfin.2024.101541,paywalled,未找到开放获取副本
journal-of-empirical-finance,2024,"Tone or term: Machine-learning text analysis, featured vocabulary extraction, and evidence from bond pricing in China",https://doi.org/10.1016/j.jempfin.2024.101534,https://doi.org/10.1016/j.jempfin.2024.101534,paywalled,未找到开放获取副本
journal-of-empirical-finance,2024,Is firm-level political risk priced in the corporate bond market?,https://doi.org/10.1016/j.jempfin.2024.101562,https://doi.org/10.1016/j.jempfin.2024.101562,paywalled,non-pdf-content
journal-of-empirical-finance,2024,Certainty of uncertainty for asset pricing,https://doi.org/10.1016/j.jempfin.2024.101501,https://doi.org/10.1016/j.jempfin.2024.101501,paywalled,未找到开放获取副本
journal-of-empirical-finance,2024,Mispricing and Anomalies: An Exogenous Shock to Short Selling from JGTRRA,https://doi.org/10.1016/j.jempfin.2024.101537,https://doi.org/10.1016/j.jempfin.2024.101537,paywalled,未找到开放获取副本
journal-of-empirical-finance,2024,Influencer detection meets network autoregression — Influential regions in the bitcoin blockchain,https://doi.org/10.1016/j.jempfin.2024.101529,https://doi.org/10.1016/j.jempfin.2024.101529,paywalled,non-pdf-content
journal-of-empirical-finance,2024,Pooling and winsorizing machine learning forecasts to predict stock returns with high-dimensional data,https://doi.org/10.1016/j.jempfin.2024.101538,https://doi.org/10.1016/j.jempfin.2024.101538,paywalled,non-pdf-content
journal-of-empirical-finance,2024,Forecasting realized betas using predictors indicating structural breaks and asymmetric risk effects,https://doi.org/10.1016/j.jempfin.2024.101575,https://doi.org/10.1016/j.jempfin.2024.101575,paywalled,未找到开放获取副本
journal-of-empirical-finance,2024,Enhancing betting against beta with stochastic dominance,https://doi.org/10.1016/j.jempfin.2023.101465,https://doi.org/10.1016/j.jempfin.2023.101465,paywalled,non-pdf-content
journal-of-empirical-finance,2024,Equity markets volatility clustering: A multiscale analysis of intraday and overnight returns,https://doi.org/10.1016/j.jempfin.2024.101487,https://doi.org/10.1016/j.jempfin.2024.101487,paywalled,未找到开放获取副本
journal-of-empirical-finance,2024,The role of intermediaries in derivatives markets: Evidence from VIX options,https://doi.org/10.1016/j.jempfin.2024.101492,https://doi.org/10.1016/j.jempfin.2024.101492,paywalled,未找到开放获取副本
journal-of-empirical-finance,2024,Big portfolio selection by graph-based conditional moments method,https://doi.org/10.1016/j.jempfin.2024.101533,https://doi.org/10.1016/j.jempfin.2024.101533,paywalled,未找到开放获取副本
journal-of-empirical-finance,2024,"Short-term momentum and reversals, turnover, and a stock’s price-to-52-week-high ratio",https://doi.org/10.1016/j.jempfin.2024.101556,https://doi.org/10.1016/j.jempfin.2024.101556,paywalled,non-pdf-content
journal-of-empirical-finance,2024,Option valuation via nonaffine dynamics with realized volatility,https://doi.org/10.1016/j.jempfin.2024.101486,http://dx.doi.org/10.1016/j.jempfin.2024.101486,paywalled,未找到开放获取副本
journal-of-empirical-finance,2024,Empirical analysis of crude oil dynamics using affine vs. non-affine jump-diffusion models,https://doi.org/10.1016/j.jempfin.2024.101519,https://doi.org/10.1016/j.jempfin.2024.101519,paywalled,non-pdf-content
journal-of-empirical-finance,2024,Using the Bayesian sampling method to estimate corporate loss given default distribution,https://doi.org/10.1016/j.jempfin.2024.101540,https://doi.org/10.1016/j.jempfin.2024.101540,paywalled,未找到开放获取副本
journal-of-empirical-finance,2024,High-frequency realized stochastic volatility model,https://doi.org/10.1016/j.jempfin.2024.101559,https://doi.org/10.1016/j.jempfin.2024.101559,paywalled,未找到开放获取副本
journal-of-empirical-finance,2024,Trading volume shares and market quality: Pre- and post- zero commissions,https://doi.org/10.1016/j.jempfin.2024.101564,https://doi.org/10.1016/j.jempfin.2024.101564,paywalled,non-pdf-content
journal-of-empirical-finance,2024,"Margin-buying, short-selling, and stock valuation: Why is the effect reversed over time in China?",https://doi.org/10.1016/j.jempfin.2024.101476,https://doi.org/10.1016/j.jempfin.2024.101476,paywalled,未找到开放获取副本
journal-of-empirical-finance,2024,The ripple effect of all-star females: Knowledge spillover and improved analyst performance,https://doi.org/10.1016/j.jempfin.2024.101493,https://doi.org/10.1016/j.jempfin.2024.101493,paywalled,未找到开放获取副本
journal-of-empirical-finance,2024,Jump tail risk exposure and the cross-section of stock returns,https://doi.org/10.1016/j.jempfin.2024.101565,https://doi.org/10.1016/j.jempfin.2024.101565,paywalled,non-pdf-content
journal-of-empirical-finance,2024,Time-varying variance decomposition of macro-finance term structure models,https://doi.org/10.1016/j.jempfin.2024.101563,https://doi.org/10.1016/j.jempfin.2024.101563,paywalled,未找到开放获取副本
journal-of-empirical-finance,2024,Implied local volatility models,https://doi.org/10.1016/j.jempfin.2024.101567,https://doi.org/10.1016/j.jempfin.2024.101567,paywalled,未找到开放获取副本
journal-of-empirical-finance,2024,Local predictability of stock returns and cash flows,https://doi.org/10.1016/j.jempfin.2024.101485,https://doi.org/10.1016/j.jempfin.2024.101485,paywalled,未找到开放获取副本
journal-of-empirical-finance,2024,Persistent and transient variance components in option pricing models with variance-dependent Kernel,https://doi.org/10.1016/j.jempfin.2024.101531,https://doi.org/10.1016/j.jempfin.2024.101531,paywalled,non-pdf-content
journal-of-empirical-finance,2024,"Gold, platinum, and mutual fund flows",https://doi.org/10.1016/j.jempfin.2024.101552,https://doi.org/10.1016/j.jempfin.2024.101552,paywalled,non-pdf-content
journal-of-empirical-finance,2024,"Instantaneous volatility of the yield curve, variance risk premium and bond return predictability",https://doi.org/10.1016/j.jempfin.2024.101490,https://doi.org/10.1016/j.jempfin.2024.101490,paywalled,未找到开放获取副本
journal-of-empirical-finance,2024,Combining the MGHyp distribution with nonlinear shrinkage in modeling financial asset returns,https://doi.org/10.1016/j.jempfin.2024.101489,https://doi.org/10.1016/j.jempfin.2024.101489,paywalled,non-pdf-content
journal-of-empirical-finance,2024,"Options trading imbalance, cash-flow news, and discount-rate news",https://doi.org/10.1016/j.jempfin.2024.101491,https://doi.org/10.1016/j.jempfin.2024.101491,paywalled,未找到开放获取副本
journal-of-empirical-finance,2024,Why do firms with no leverage still have leverage and volatility feedback effects?,https://doi.org/10.1016/j.jempfin.2024.101516,https://doi.org/10.1016/j.jempfin.2024.101516,paywalled,未找到开放获取副本
journal-of-empirical-finance,2024,Aggregate portfolio choice,https://doi.org/10.1016/j.jempfin.2024.101494,http://dx.doi.org/10.1016/j.jempfin.2024.101494,paywalled,non-pdf-content
journal-of-empirical-finance,2024,The correlated trading and investment performance of individual investors,https://doi.org/10.1016/j.jempfin.2024.101522,http://dx.doi.org/10.1016/j.jempfin.2024.101522,paywalled,non-pdf-content
journal-of-empirical-finance,2024,"A portfolio-level, sum-of-the-parts approach to return predictability",https://doi.org/10.1016/j.jempfin.2024.101525,http://dx.doi.org/10.1016/j.jempfin.2024.101525,paywalled,未找到开放获取副本
journal-of-empirical-finance,2024,The 2008 short-selling ban’s impact on tail risk,https://doi.org/10.1016/j.jempfin.2024.101532,https://doi.org/10.1016/j.jempfin.2024.101532,failed,HTTP 403
journal-of-empirical-finance,2024,Estimation and inference in low frequency factor model regressions with overlapping observations,https://doi.org/10.1016/j.jempfin.2024.101536,https://doi.org/10.1016/j.jempfin.2024.101536,paywalled,未找到开放获取副本
journal-of-empirical-finance,2024,Time-varying relative risk aversion: Theoretical mechanism and empirical evidence,https://doi.org/10.1016/j.jempfin.2024.101535,http://dx.doi.org/10.1016/j.jempfin.2024.101535,paywalled,non-pdf-content
journal-of-empirical-finance,2024,How does bank opacity affect credit growth and return predictability?,https://doi.org/10.1016/j.jempfin.2024.101553,https://doi.org/10.1016/j.jempfin.2024.101553,paywalled,non-pdf-content
journal-of-empirical-finance,2024,On the performance of volatility-managed equity factors — International and further evidence,https://doi.org/10.1016/j.jempfin.2024.101560,https://doi.org/10.1016/j.jempfin.2024.101560,paywalled,non-pdf-content
journal-of-empirical-finance,2024,A revisit to bias-adjusted predictive regression,https://doi.org/10.1016/j.jempfin.2024.101578,https://doi.org/10.1016/j.jempfin.2024.101578,paywalled,未找到开放获取副本
journal-of-empirical-finance,2024,Market neutrality and beta crashes,https://doi.org/10.1016/j.jempfin.2024.101577,https://doi.org/10.1016/j.jempfin.2024.101577,paywalled,未找到开放获取副本
journal-of-empirical-finance,2023,Stock return predictability and cyclical movements in valuation ratios,https://doi.org/10.1016/j.jempfin.2023.02.004,https://doi.org/10.1016/j.jempfin.2023.02.004,paywalled,未找到开放获取副本
journal-of-empirical-finance,2023,Herding behavior and systemic risk in global stock markets,https://doi.org/10.1016/j.jempfin.2023.05.004,https://doi.org/10.1016/j.jempfin.2023.05.004,failed,HTTP 202
journal-of-empirical-finance,2023,Cross-sectional uncertainty and expected stock returns,https://doi.org/10.1016/j.jempfin.2023.04.001,https://doi.org/10.1016/j.jempfin.2023.04.001,paywalled,未找到开放获取副本
journal-of-empirical-finance,2023,Forecasting realized volatility with machine learning: Panel data perspective,https://doi.org/10.1016/j.jempfin.2023.07.003,https://doi.org/10.1016/j.jempfin.2023.07.003,paywalled,未找到开放获取副本
journal-of-empirical-finance,2023,Global political risk and international stock returns,https://doi.org/10.1016/j.jempfin.2023.03.004,https://doi.org/10.1016/j.jempfin.2023.03.004,failed,"网络错误 [Errno 8] nodename nor servname provided, or not known"
journal-of-empirical-finance,2023,The effect of investor attention on stock price crash risk,https://doi.org/10.1016/j.jempfin.2023.101456,https://doi.org/10.1016/j.jempfin.2023.101456,paywalled,未找到开放获取副本
journal-of-empirical-finance,2023,The effects of economic uncertainty on financial volatility: A comprehensive investigation,https://doi.org/10.1016/j.jempfin.2023.08.004,https://doi.org/10.1016/j.jempfin.2023.08.004,paywalled,未找到开放获取副本
journal-of-empirical-finance,2023,Is gold a hedge or a safe haven against stock markets? Evidence from conditional comoments,https://doi.org/10.1016/j.jempfin.2023.101439,https://doi.org/10.1016/j.jempfin.2023.101439,paywalled,未找到开放获取副本
journal-of-empirical-finance,2023,Forecasting tail risk measures for financial time series: An extreme value approach with covariates,https://doi.org/10.1016/j.jempfin.2023.01.002,https://doi.org/10.1016/j.jempfin.2023.01.002,paywalled,未找到开放获取副本
journal-of-empirical-finance,2023,The contributions of betas versus characteristics to the ESG premium,https://doi.org/10.1016/j.jempfin.2023.01.004,https://doi.org/10.1016/j.jempfin.2023.01.004,paywalled,non-pdf-content
journal-of-empirical-finance,2023,Automated stock picking using random forests,https://doi.org/10.1016/j.jempfin.2023.05.001,https://doi.org/10.1016/j.jempfin.2023.05.001,paywalled,non-pdf-content
journal-of-empirical-finance,2023,Forecasting realized volatility with wavelet decomposition,https://doi.org/10.1016/j.jempfin.2023.101432,https://doi.org/10.1016/j.jempfin.2023.101432,paywalled,non-pdf-content
journal-of-empirical-finance,2023,Factor momentum in the Chinese stock market,https://doi.org/10.1016/j.jempfin.2023.101458,https://doi.org/10.1016/j.jempfin.2023.101458,paywalled,未找到开放获取副本
journal-of-empirical-finance,2023,"Foreign institutions, local investors and momentum trading",https://doi.org/10.1016/j.jempfin.2023.05.005,https://doi.org/10.1016/j.jempfin.2023.05.005,paywalled,未找到开放获取副本
journal-of-empirical-finance,2023,Uncertainty in the Black–Litterman model: Empirical estimation of the equilibrium,https://doi.org/10.1016/j.jempfin.2023.03.009,https://doi.org/10.1016/j.jempfin.2023.03.009,paywalled,non-pdf-content
journal-of-empirical-finance,2023,Disseminating information across connected firms — Analyst site visits can help,https://doi.org/10.1016/j.jempfin.2023.04.010,https://doi.org/10.1016/j.jempfin.2023.04.010,paywalled,未找到开放获取副本
journal-of-empirical-finance,2023,The pricing of jump and diffusive risks in the cross-section of cryptocurrency returns,https://doi.org/10.1016/j.jempfin.2023.101420,https://doi.org/10.1016/j.jempfin.2023.101420,paywalled,未找到开放获取副本
journal-of-empirical-finance,2023,Option price implied information and REIT returns,https://doi.org/10.1016/j.jempfin.2022.12.013,https://doi.org/10.1016/j.jempfin.2022.12.013,paywalled,non-pdf-content
journal-of-empirical-finance,2023,"Using, taming or avoiding the factor zoo? A double-shrinkage estimator for covariance matrices",https://doi.org/10.1016/j.jempfin.2023.02.003,https://doi.org/10.1016/j.jempfin.2023.02.003,paywalled,未找到开放获取副本
journal-of-empirical-finance,2023,How price limit affects the market efficiency in a short-sale constrained market? Evidence from a quasi-natural experiment,https://doi.org/10.1016/j.jempfin.2023.05.003,https://doi.org/10.1016/j.jempfin.2023.05.003,paywalled,未找到开放获取副本
journal-of-empirical-finance,2023,Investor sentiment and global economic conditions,https://doi.org/10.1016/j.jempfin.2023.06.001,https://doi.org/10.1016/j.jempfin.2023.06.001,paywalled,non-pdf-content
journal-of-empirical-finance,2023,Tail risks and private equity performance,https://doi.org/10.1016/j.jempfin.2023.101457,https://doi.org/10.1016/j.jempfin.2023.101457,paywalled,non-pdf-content
journal-of-empirical-finance,2023,Empirical performance of component GARCH models in pricing VIX term structure and VIX futures,https://doi.org/10.1016/j.jempfin.2023.03.005,https://doi.org/10.1016/j.jempfin.2023.03.005,paywalled,未找到开放获取副本
journal-of-empirical-finance,2023,Carbon dioxide and asset pricing: Evidence from international stock markets,https://doi.org/10.1016/j.jempfin.2023.101461,https://doi.org/10.1016/j.jempfin.2023.101461,paywalled,未找到开放获取副本
journal-of-empirical-finance,2023,A seesaw effect in the cryptocurrency market: Understanding the return cross predictability of cryptocurrencies,https://doi.org/10.1016/j.jempfin.2023.101428,https://doi.org/10.1016/j.jempfin.2023.101428,paywalled,未找到开放获取副本
journal-of-empirical-finance,2023,Industry regulation and the comovement of stock returns,https://doi.org/10.1016/j.jempfin.2023.06.005,https://doi.org/10.1016/j.jempfin.2023.06.005,paywalled,未找到开放获取副本
journal-of-empirical-finance,2023,Intraday VaR: A copula-based approach,https://doi.org/10.1016/j.jempfin.2023.101419,https://doi.org/10.1016/j.jempfin.2023.101419,paywalled,未找到开放获取副本
journal-of-empirical-finance,2023,Expensive anomalies,https://doi.org/10.1016/j.jempfin.2023.101440,https://doi.org/10.1016/j.jempfin.2023.101440,paywalled,未找到开放获取副本
journal-of-empirical-finance,2023,"Disagreement, speculation, and the idiosyncratic volatility",https://doi.org/10.1016/j.jempfin.2023.03.011,https://doi.org/10.1016/j.jempfin.2023.03.011,paywalled,未找到开放获取副本
journal-of-empirical-finance,2023,Coreversal: The booms and busts of arbitrage activities in China,https://doi.org/10.1016/j.jempfin.2023.01.001,https://doi.org/10.1016/j.jempfin.2023.01.001,paywalled,未找到开放获取副本
journal-of-empirical-finance,2023,The PhD origins of finance faculty,https://doi.org/10.1016/j.jempfin.2023.01.003,https://doi.org/10.1016/j.jempfin.2023.01.003,paywalled,未找到开放获取副本
journal-of-empirical-finance,2023,Option gamma and stock returns,https://doi.org/10.1016/j.jempfin.2023.101442,https://doi.org/10.1016/j.jempfin.2023.101442,paywalled,non-pdf-content
journal-of-empirical-finance,2023,Technological disparity and its impact on market quality,https://doi.org/10.1016/j.jempfin.2023.101444,https://doi.org/10.1016/j.jempfin.2023.101444,paywalled,未找到开放获取副本
journal-of-empirical-finance,2023,Estimating and testing skewness in a stochastic volatility model,https://doi.org/10.1016/j.jempfin.2023.04.009,https://doi.org/10.1016/j.jempfin.2023.04.009,paywalled,未找到开放获取副本
journal-of-empirical-finance,2023,Advisory firm paths to side-by-side management and mutual fund performance,https://doi.org/10.1016/j.jempfin.2023.05.002,http://dx.doi.org/10.1016/j.jempfin.2023.05.002,paywalled,未找到开放获取副本
journal-of-empirical-finance,2023,US cross-listing and domestic high-frequency trading: Evidence from Canadian stocks,https://doi.org/10.1016/j.jempfin.2023.03.012,https://doi.org/10.1016/j.jempfin.2023.03.012,paywalled,未找到开放获取副本
journal-of-empirical-finance,2023,What drives the TIPS–Treasury bond mispricing?,https://doi.org/10.1016/j.jempfin.2023.101438,https://doi.org/10.1016/j.jempfin.2023.101438,paywalled,未找到开放获取副本
journal-of-empirical-finance,2023,Expected returns and risk in the stock market,https://doi.org/10.1016/j.jempfin.2023.03.002,https://doi.org/10.1016/j.jempfin.2023.03.002,paywalled,non-pdf-content
journal-of-empirical-finance,2023,Overlapping momentum portfolios,https://doi.org/10.1016/j.jempfin.2023.02.002,https://doi.org/10.1016/j.jempfin.2023.02.002,paywalled,未找到开放获取副本
journal-of-empirical-finance,2023,An adaptive long memory conditional correlation model,https://doi.org/10.1016/j.jempfin.2023.101463,https://doi.org/10.1016/j.jempfin.2023.101463,paywalled,non-pdf-content
journal-of-empirical-finance,2023,Allocation of attention and the delayed reaction of stock returns to liquidity shock: Global evidence,https://doi.org/10.1016/j.jempfin.2023.04.005,https://doi.org/10.1016/j.jempfin.2023.04.005,paywalled,未找到开放获取副本
journal-of-empirical-finance,2023,On the driving forces of real exchange rates: Is the Japanese Yen different?,https://doi.org/10.1016/j.jempfin.2023.101423,http://dx.doi.org/10.1016/j.jempfin.2023.101423,paywalled,non-pdf-content
journal-of-empirical-finance,2023,Futures contract collateralization and its implications,https://doi.org/10.1016/j.jempfin.2023.101422,https://doi.org/10.1016/j.jempfin.2023.101422,paywalled,non-pdf-content
journal-of-empirical-finance,2023,Co-illiquidity management,https://doi.org/10.1016/j.jempfin.2023.101429,https://doi.org/10.1016/j.jempfin.2023.101429,paywalled,未找到开放获取副本
journal-of-empirical-finance,2023,A financial modeling approach to industry exchange-traded funds selection,https://doi.org/10.1016/j.jempfin.2023.101441,https://doi.org/10.1016/j.jempfin.2023.101441,paywalled,未找到开放获取副本
journal-of-empirical-finance,2023,International asset pricing with heterogeneous agents: Estimation and inference,https://doi.org/10.1016/j.jempfin.2023.101459,https://doi.org/10.1016/j.jempfin.2023.101459,failed,HTTP 403
journal-of-empirical-finance,2022,Bitcoin unchained: Determinants of cryptocurrency exchange liquidity,https://doi.org/10.1016/j.jempfin.2022.08.004,https://doi.org/10.1016/j.jempfin.2022.08.004,paywalled,non-pdf-content
journal-of-empirical-finance,2022,Are cryptocurrencies a safe haven for stock investors? A regime-switching approach,https://doi.org/10.1016/j.jempfin.2022.12.010,https://doi.org/10.1016/j.jempfin.2022.12.010,paywalled,未找到开放获取副本
journal-of-empirical-finance,2022,Salience theory in price and trading volume: Evidence from China,https://doi.org/10.1016/j.jempfin.2022.11.005,https://doi.org/10.1016/j.jempfin.2022.11.005,paywalled,未找到开放获取副本
journal-of-empirical-finance,2022,Stock return prediction: Stacking a variety of models,https://doi.org/10.1016/j.jempfin.2022.04.001,https://doi.org/10.1016/j.jempfin.2022.04.001,paywalled,未找到开放获取副本
journal-of-empirical-finance,2022,Technology shocks and stock returns: A long-term perspective,https://doi.org/10.1016/j.jempfin.2022.06.002,https://doi.org/10.1016/j.jempfin.2022.06.002,failed,HTTP 202
journal-of-empirical-finance,2022,"Modeling and forecasting dynamic conditional correlations with opening, high, low, and closing prices",https://doi.org/10.1016/j.jempfin.2022.12.007,https://doi.org/10.1016/j.jempfin.2022.12.007,paywalled,non-pdf-content
journal-of-empirical-finance,2022,Reinsurance demand and liquidity creation: A search for bicausality,https://doi.org/10.1016/j.jempfin.2022.01.005,https://doi.org/10.1016/j.jempfin.2022.01.005,paywalled,non-pdf-content
journal-of-empirical-finance,2022,Is idiosyncratic risk priced? The international evidence,https://doi.org/10.1016/j.jempfin.2022.01.004,https://doi.org/10.1016/j.jempfin.2022.01.004,paywalled,未找到开放获取副本
journal-of-empirical-finance,2022,The diversification benefits and policy risks of accessing China’s stock market,https://doi.org/10.1016/j.jempfin.2022.01.001,https://doi.org/10.1016/j.jempfin.2022.01.001,paywalled,non-pdf-content
journal-of-empirical-finance,2022,The anatomy of a fee change — evidence from cryptocurrency markets,https://doi.org/10.1016/j.jempfin.2022.03.003,https://doi.org/10.1016/j.jempfin.2022.03.003,paywalled,未找到开放获取副本
journal-of-empirical-finance,2022,The contribution of jump signs and activity to forecasting stock price volatility,https://doi.org/10.1016/j.jempfin.2022.12.001,https://doi.org/10.1016/j.jempfin.2022.12.001,paywalled,non-pdf-content
journal-of-empirical-finance,2022,"Income, trading, and performance: Evidence from retail investors",https://doi.org/10.1016/j.jempfin.2022.01.006,https://doi.org/10.1016/j.jempfin.2022.01.006,paywalled,未找到开放获取副本
journal-of-empirical-finance,2022,Using covariates to improve the efficacy of univariate bubble detection methods,https://doi.org/10.1016/j.jempfin.2022.12.008,https://doi.org/10.1016/j.jempfin.2022.12.008,paywalled,non-pdf-content
journal-of-empirical-finance,2022,Out-of-sample equity premium prediction: The role of option-implied constraints,https://doi.org/10.1016/j.jempfin.2022.12.004,https://doi.org/10.1016/j.jempfin.2022.12.004,paywalled,未找到开放获取副本
journal-of-empirical-finance,2022,I only fear when I hear: How media affects insider trading in takeover targets,https://doi.org/10.1016/j.jempfin.2022.04.004,https://doi.org/10.1016/j.jempfin.2022.04.004,paywalled,non-pdf-content
journal-of-empirical-finance,2022,Economic evaluation of asset pricing models under predictability,https://doi.org/10.1016/j.jempfin.2022.06.001,https://doi.org/10.1016/j.jempfin.2022.06.001,paywalled,未找到开放获取副本
journal-of-empirical-finance,2022,The informativeness of regional GDP announcements: Evidence from China,https://doi.org/10.1016/j.jempfin.2022.03.001,https://doi.org/10.1016/j.jempfin.2022.03.001,paywalled,未找到开放获取副本
journal-of-empirical-finance,2022,The non-linear trade-off between return and risk and its determinants,https://doi.org/10.1016/j.jempfin.2022.03.002,https://doi.org/10.1016/j.jempfin.2022.03.002,paywalled,non-pdf-content
journal-of-empirical-finance,2022,Testing predictability of stock returns under possible bubbles,https://doi.org/10.1016/j.jempfin.2022.07.010,https://doi.org/10.1016/j.jempfin.2022.07.010,paywalled,未找到开放获取副本
journal-of-empirical-finance,2022,Mispricing chasing and hedge fund returns,https://doi.org/10.1016/j.jempfin.2022.05.002,https://doi.org/10.1016/j.jempfin.2022.05.002,failed,HTTP 202
journal-of-empirical-finance,2022,Partial moments and indexation investment strategies,https://doi.org/10.1016/j.jempfin.2022.01.007,https://doi.org/10.1016/j.jempfin.2022.01.007,paywalled,未找到开放获取副本
journal-of-empirical-finance,2022,A jumping index of jumping stocks? An MCMC analysis of continuous-time models for individual stocks,https://doi.org/10.1016/j.jempfin.2022.11.007,https://doi.org/10.1016/j.jempfin.2022.11.007,paywalled,non-pdf-content
journal-of-empirical-finance,2022,Conditional out-of-sample predictability of aggregate equity returns and aggregate equity return volatility using economic variables,https://doi.org/10.1016/j.jempfin.2022.11.009,https://doi.org/10.1016/j.jempfin.2022.11.009,paywalled,未找到开放获取副本
journal-of-empirical-finance,2022,Do connections pay off in the bitcoin market?,https://doi.org/10.1016/j.jempfin.2022.02.001,https://doi.org/10.1016/j.jempfin.2022.02.001,paywalled,未找到开放获取副本
journal-of-empirical-finance,2022,Managerial commitment and heterogeneity in target-date funds,https://doi.org/10.1016/j.jempfin.2022.05.001,https://doi.org/10.1016/j.jempfin.2022.05.001,failed,HTTP 202
journal-of-empirical-finance,2022,Enhancing the profitability of lottery strategies,https://doi.org/10.1016/j.jempfin.2022.09.003,https://doi.org/10.1016/j.jempfin.2022.09.003,paywalled,未找到开放获取副本
journal-of-empirical-finance,2022,A robust Glasso approach to portfolio selection in high dimensions,https://doi.org/10.1016/j.jempfin.2022.11.003,https://doi.org/10.1016/j.jempfin.2022.11.003,paywalled,未找到开放获取副本
journal-of-empirical-finance,2022,Forecasting intraday market risk: A marked self-exciting point process with exogenous renewals,https://doi.org/10.1016/j.jempfin.2022.12.005,https://doi.org/10.1016/j.jempfin.2022.12.005,paywalled,未找到开放获取副本
journal-of-empirical-finance,2022,Corporate hedging fragility in the over-the-counter market,https://doi.org/10.1016/j.jempfin.2022.04.003,https://doi.org/10.1016/j.jempfin.2022.04.003,paywalled,未找到开放获取副本
journal-of-empirical-finance,2022,Forecasting earnings with combination of analyst forecasts,https://doi.org/10.1016/j.jempfin.2022.07.003,https://doi.org/10.1016/j.jempfin.2022.07.003,failed,HTTP 202
journal-of-empirical-finance,2022,Long-horizon stock valuation and return forecasts based on demographic projections,https://doi.org/10.1016/j.jempfin.2022.07.001,https://doi.org/10.1016/j.jempfin.2022.07.001,paywalled,未找到开放获取副本
journal-of-empirical-finance,2022,Coskewness and reversal of momentum returns: The US and international evidence,https://doi.org/10.1016/j.jempfin.2022.10.004,https://doi.org/10.1016/j.jempfin.2022.10.004,paywalled,未找到开放获取副本
journal-of-empirical-finance,2022,Decision-based trades: An analysis of institutional investors’ information advantages,https://doi.org/10.1016/j.jempfin.2022.07.009,https://doi.org/10.1016/j.jempfin.2022.07.009,paywalled,未找到开放获取副本
journal-of-empirical-finance,2022,Limit order revisions across investor sophistication,https://doi.org/10.1016/j.jempfin.2022.11.006,https://doi.org/10.1016/j.jempfin.2022.11.006,paywalled,non-pdf-content
journal-of-empirical-finance,2022,Running a mutual fund: Performance and trading behavior of runner managers,https://doi.org/10.1016/j.jempfin.2022.07.011,https://doi.org/10.1016/j.jempfin.2022.07.011,paywalled,未找到开放获取副本
journal-of-empirical-finance,2022,Consumption risks in option returns,https://doi.org/10.1016/j.jempfin.2022.10.001,https://doi.org/10.1016/j.jempfin.2022.10.001,failed,HTTP 404
journal-of-empirical-finance,2022,New evidence on Bayesian tests of global factor pricing models,https://doi.org/10.1016/j.jempfin.2022.07.002,https://doi.org/10.1016/j.jempfin.2022.07.002,paywalled,未找到开放获取副本
journal-of-empirical-finance,2022,Capital mobility and the long-run return–risk trade-offs of industry portfolios,https://doi.org/10.1016/j.jempfin.2022.11.004,https://doi.org/10.1016/j.jempfin.2022.11.004,paywalled,未找到开放获取副本
journal-of-empirical-finance,2022,Mutual fund (sub)advisor connections and crowds,https://doi.org/10.1016/j.jempfin.2022.03.009,https://doi.org/10.1016/j.jempfin.2022.03.009,paywalled,未找到开放获取副本
journal-of-empirical-finance,2022,Acute illness symptoms among investment professionals and stock market dynamics: Evidence from New York City,https://doi.org/10.1016/j.jempfin.2022.12.003,https://doi.org/10.1016/j.jempfin.2022.12.003,paywalled,non-pdf-content
journal-of-empirical-finance,2022,Detecting jumps amidst prevalent zero returns: Evidence from the U.S. Treasury securities,https://doi.org/10.1016/j.jempfin.2022.12.006,https://doi.org/10.1016/j.jempfin.2022.12.006,paywalled,未找到开放获取副本
journal-of-empirical-finance,2021,Investor sentiment and stock returns: Global evidence,https://doi.org/10.1016/j.jempfin.2021.07.010,https://doi.org/10.1016/j.jempfin.2021.07.010,paywalled,non-pdf-content
journal-of-empirical-finance,2021,On the stability of stablecoins,https://doi.org/10.1016/j.jempfin.2021.09.002,https://doi.org/10.1016/j.jempfin.2021.09.002,paywalled,non-pdf-content
journal-of-empirical-finance,2021,Drivers of economic and financial integration: A machine learning approach,https://doi.org/10.1016/j.jempfin.2020.12.005,https://doi.org/10.1016/j.jempfin.2020.12.005,paywalled,未找到开放获取副本
journal-of-empirical-finance,2021,Trading activity and price discovery in Bitcoin futures markets,https://doi.org/10.1016/j.jempfin.2021.03.001,https://doi.org/10.1016/j.jempfin.2021.03.001,paywalled,未找到开放获取副本
journal-of-empirical-finance,2021,Whose money is smart? Individual and institutional investors’ trades based on analyst recommendations,https://doi.org/10.1016/j.jempfin.2021.04.001,https://doi.org/10.1016/j.jempfin.2021.04.001,paywalled,未找到开放获取副本
journal-of-empirical-finance,2021,Oil price shocks and the US stock market: A nonlinear approach,https://doi.org/10.1016/j.jempfin.2021.08.004,https://doi.org/10.1016/j.jempfin.2021.08.004,paywalled,未找到开放获取副本
journal-of-empirical-finance,2021,Does vega-neutral options trading contain information?,https://doi.org/10.1016/j.jempfin.2021.04.003,https://doi.org/10.1016/j.jempfin.2021.04.003,paywalled,未找到开放获取副本
journal-of-empirical-finance,2021,"Volatility timing, sentiment, and the short-term profitability of VIX-based cross-sectional trading strategies",https://doi.org/10.1016/j.jempfin.2021.05.003,https://doi.org/10.1016/j.jempfin.2021.05.003,failed,HTTP 403
journal-of-empirical-finance,2021,Volatility cascades in cryptocurrency trading,https://doi.org/10.1016/j.jempfin.2021.04.005,https://doi.org/10.1016/j.jempfin.2021.04.005,paywalled,未找到开放获取副本
journal-of-empirical-finance,2021,Tariff uncertainty and firm innovation: Evidence from the U.S.–China Permanent Normal Trade Relation,https://doi.org/10.1016/j.jempfin.2021.02.002,https://doi.org/10.1016/j.jempfin.2021.02.002,paywalled,未找到开放获取副本
journal-of-empirical-finance,2021,"Investment, idiosyncratic risk, and growth options",https://doi.org/10.1016/j.jempfin.2021.01.004,https://doi.org/10.1016/j.jempfin.2021.01.004,paywalled,未找到开放获取副本
journal-of-empirical-finance,2021,Forecasting Bitcoin realized volatility by exploiting measurement error under model uncertainty,https://doi.org/10.1016/j.jempfin.2021.03.003,https://doi.org/10.1016/j.jempfin.2021.03.003,paywalled,未找到开放获取副本
journal-of-empirical-finance,2021,Endogeneity in the mutual fund flow–performance relationship: An instrumental variables solution,https://doi.org/10.1016/j.jempfin.2021.09.003,https://doi.org/10.1016/j.jempfin.2021.09.003,paywalled,未找到开放获取副本
journal-of-empirical-finance,2021,Timing is money: The factor timing ability of hedge fund managers,https://doi.org/10.1016/j.jempfin.2021.04.007,https://doi.org/10.1016/j.jempfin.2021.04.007,paywalled,non-pdf-content
journal-of-empirical-finance,2021,Isolating momentum crashes,https://doi.org/10.1016/j.jempfin.2021.12.001,https://doi.org/10.1016/j.jempfin.2021.12.001,paywalled,未找到开放获取副本
journal-of-empirical-finance,2021,In search of retail investors: The effect of retail investor attention on odd lot trades,https://doi.org/10.1016/j.jempfin.2021.04.004,https://doi.org/10.1016/j.jempfin.2021.04.004,paywalled,未找到开放获取副本
journal-of-empirical-finance,2021,Gender and herding,https://doi.org/10.1016/j.jempfin.2021.10.005,https://doi.org/10.1016/j.jempfin.2021.10.005,failed,HTTP 403
journal-of-empirical-finance,2021,What does a term structure model imply about very long-term interest rates?,https://doi.org/10.1016/j.jempfin.2021.03.006,https://doi.org/10.1016/j.jempfin.2021.03.006,paywalled,non-pdf-content
journal-of-empirical-finance,2021,The valuation effect of stock dividends or splits: Evidence from a catering perspective,https://doi.org/10.1016/j.jempfin.2021.01.006,https://doi.org/10.1016/j.jempfin.2021.01.006,paywalled,未找到开放获取副本
journal-of-empirical-finance,2021,Trader positions in VIX futures,https://doi.org/10.1016/j.jempfin.2020.12.003,https://doi.org/10.1016/j.jempfin.2020.12.003,paywalled,未找到开放获取副本
journal-of-empirical-finance,2021,Forecasting volatility using double shrinkage methods,https://doi.org/10.1016/j.jempfin.2021.01.007,https://doi.org/10.1016/j.jempfin.2021.01.007,paywalled,未找到开放获取副本
journal-of-empirical-finance,2021,Can interest rate factors explain exchange rate fluctuations?,https://doi.org/10.1016/j.jempfin.2021.01.005,https://doi.org/10.1016/j.jempfin.2021.01.005,failed,HTTP 404
journal-of-empirical-finance,2021,Trading the foreign exchange market with technical analysis and Bayesian Statistics,https://doi.org/10.1016/j.jempfin.2021.07.006,https://doi.org/10.1016/j.jempfin.2021.07.006,failed,HTTP 404
journal-of-empirical-finance,2021,"Smoking hot portfolios? Trading behavior, investment biases, and self-control failure",https://doi.org/10.1016/j.jempfin.2021.05.006,https://doi.org/10.1016/j.jempfin.2021.05.006,paywalled,non-pdf-content
journal-of-empirical-finance,2021,Bankruptcy prediction of privately held SMEs using feature selection methods,https://doi.org/10.1016/j.jempfin.2026.101725,https://doi.org/10.1016/j.jempfin.2026.101725,paywalled,non-pdf-content
journal-of-empirical-finance,2021,Non-marketability and one-day selling lockup,https://doi.org/10.1016/j.jempfin.2021.10.006,https://doi.org/10.1016/j.jempfin.2021.10.006,paywalled,未找到开放获取副本
journal-of-empirical-finance,2021,Predicting corporate policies using downside risk: A machine learning approach,https://doi.org/10.1016/j.jempfin.2021.04.009,https://doi.org/10.1016/j.jempfin.2021.04.009,paywalled,未找到开放获取副本
journal-of-empirical-finance,2021,The predictive power of Nelson–Siegel factor loadings for the real economy,https://doi.org/10.1016/j.jempfin.2021.04.008,https://doi.org/10.1016/j.jempfin.2021.04.008,paywalled,未找到开放获取副本
journal-of-empirical-finance,2021,The time-varying bond risk premia in China,https://doi.org/10.1016/j.jempfin.2021.11.004,https://doi.org/10.1016/j.jempfin.2021.11.004,paywalled,未找到开放获取副本
journal-of-empirical-finance,2021,The impact of liquidity risk in the Chinese banking system on the global commodity markets,https://doi.org/10.1016/j.jempfin.2021.12.003,https://doi.org/10.1016/j.jempfin.2021.12.003,paywalled,未找到开放获取副本
journal-of-empirical-finance,2021,"Bank stocks, risk factors, and tail behavior",https://doi.org/10.1016/j.jempfin.2021.07.007,https://doi.org/10.1016/j.jempfin.2021.07.007,paywalled,未找到开放获取副本
journal-of-empirical-finance,2021,The transformed Gram Charlier distribution: Parametric properties and financial risk applications,https://doi.org/10.1016/j.jempfin.2021.07.004,https://doi.org/10.1016/j.jempfin.2021.07.004,failed,HTTP 403
journal-of-empirical-finance,2021,Value and momentum from investors’ perspective: Evidence from professionals’ risk-ratings,https://doi.org/10.1016/j.jempfin.2021.03.004,https://doi.org/10.1016/j.jempfin.2021.03.004,paywalled,non-pdf-content
journal-of-empirical-finance,2021,Investment restrictions and fund performance,https://doi.org/10.1016/j.jempfin.2021.10.001,https://doi.org/10.1016/j.jempfin.2021.10.001,paywalled,未找到开放获取副本
journal-of-empirical-finance,2021,Asymmetric effects of the limit order book on price dynamics,https://doi.org/10.1016/j.jempfin.2021.11.002,https://doi.org/10.1016/j.jempfin.2021.11.002,paywalled,non-pdf-content
journal-of-empirical-finance,2021,The price discovery role of day traders in futures market: Evidence from different types of day traders,https://doi.org/10.1016/j.jempfin.2021.08.001,https://doi.org/10.1016/j.jempfin.2021.08.001,paywalled,non-pdf-content
journal-of-empirical-finance,2021,Follow the leader: Index tracking with factor models,https://doi.org/10.1016/j.jempfin.2021.10.002,https://doi.org/10.1016/j.jempfin.2021.10.002,paywalled,未找到开放获取副本
journal-of-empirical-finance,2021,Exploring risk premium factors for country equity returns,https://doi.org/10.1016/j.jempfin.2021.07.003,https://doi.org/10.1016/j.jempfin.2021.07.003,failed,HTTP 202
journal-of-empirical-finance,2021,City goes dark: Dark trading and adverse selection in aggregate markets,https://doi.org/10.1016/j.jempfin.2021.08.002,https://doi.org/10.1016/j.jempfin.2021.08.002,paywalled,non-pdf-content
journal-of-empirical-finance,2021,"Stochastic volatility: A tale of co-jumps, non-normality, GMM and high frequency data",https://doi.org/10.1016/j.jempfin.2021.08.006,https://doi.org/10.1016/j.jempfin.2021.08.006,paywalled,未找到开放获取副本
journal-of-empirical-finance,2021,Tracking performance of VIX futures ETPs,https://doi.org/10.1016/j.jempfin.2021.01.002,https://doi.org/10.1016/j.jempfin.2021.01.002,paywalled,未找到开放获取副本
journal-of-empirical-finance,2021,Hedge funds and their prime broker analysts,https://doi.org/10.1016/j.jempfin.2021.03.005,https://doi.org/10.1016/j.jempfin.2021.03.005,paywalled,non-pdf-content
journal-of-empirical-finance,2021,Do leveraged warrants prompt individuals to speculate on stock price reversals?,https://doi.org/10.1016/j.jempfin.2021.07.001,https://doi.org/10.1016/j.jempfin.2021.07.001,paywalled,non-pdf-content
journal-of-empirical-finance,2021,Do financial variables help predict the conditional distribution of the market portfolio?,https://doi.org/10.1016/j.jempfin.2021.05.001,https://doi.org/10.1016/j.jempfin.2021.05.001,paywalled,未找到开放获取副本
journal-of-empirical-finance,2021,Risk optimizations on basis portfolios: The role of sorting,https://doi.org/10.1016/j.jempfin.2021.06.002,https://doi.org/10.1016/j.jempfin.2021.06.002,paywalled,non-pdf-content
journal-of-empirical-finance,2021,Reinforcement learning and risk preference in equity linked notes markets,https://doi.org/10.1016/j.jempfin.2021.09.004,https://doi.org/10.1016/j.jempfin.2021.09.004,failed,HTTP 403
journal-of-empirical-finance,2021,Small is beautiful? How the introduction of mini futures contracts affects the regular contracts,https://doi.org/10.1016/j.jempfin.2021.08.003,https://doi.org/10.1016/j.jempfin.2021.08.003,failed,HTTP 403
journal-of-empirical-finance,2021,Global equity market leadership positions through implied volatility measures,https://doi.org/10.1016/j.jempfin.2021.01.001,https://doi.org/10.1016/j.jempfin.2021.01.001,paywalled,未找到开放获取副本
journal-of-empirical-finance,2021,Time-dependent lottery preference and the cross-section of stock returns,https://doi.org/10.1016/j.jempfin.2021.09.005,https://doi.org/10.1016/j.jempfin.2021.09.005,paywalled,未找到开放获取副本
journal-of-empirical-finance,2021,Diversification in lottery-like features and portfolio pricing discount: Evidence from closed-end funds,https://doi.org/10.1016/j.jempfin.2021.02.001,https://doi.org/10.1016/j.jempfin.2021.02.001,paywalled,未找到开放获取副本
journal-of-empirical-finance,2021,Is convexity efficiently priced? Evidence from international swap markets,https://doi.org/10.1016/j.jempfin.2021.07.011,https://doi.org/10.1016/j.jempfin.2021.07.011,paywalled,未找到开放获取副本
journal-of-empirical-finance,2021,"Predictive regression with <mml:math xmlns:mml=""http://www.w3.org/1998/Math/MathML"" display=""inline"" id=""d1e3870"" altimg=""si413.svg""><mml:mi>p</mml:mi></mml:math>-lags and order-<mml:math xmlns:mml=""http://www.w3.org/1998/Math/MathML"" display=""inline"" id=""d1e3875"" altimg=""si140.svg""><mml:mi>q</mml:mi></mml:math> autoregressive predictors",https://doi.org/10.1016/j.jempfin.2021.04.006,https://doi.org/10.1016/j.jempfin.2021.04.006,paywalled,未找到开放获取副本
journal-of-empirical-finance,2020,Retail investor attention and herding behavior,https://doi.org/10.1016/j.jempfin.2020.09.005,https://doi.org/10.1016/j.jempfin.2020.09.005,paywalled,未找到开放获取副本
journal-of-empirical-finance,2020,Investigating tail-risk dependence in the cryptocurrency markets: A LASSO quantile regression approach,https://doi.org/10.1016/j.jempfin.2020.06.006,https://doi.org/10.1016/j.jempfin.2020.06.006,paywalled,non-pdf-content
journal-of-empirical-finance,2020,Artificial Intelligence Alter Egos: Who might benefit from robo-investing?,https://doi.org/10.1016/j.jempfin.2020.10.002,https://doi.org/10.1016/j.jempfin.2020.10.002,paywalled,non-pdf-content
journal-of-empirical-finance,2020,Entrepreneurship and household portfolio choice: Evidence from the China Household Finance Survey,https://doi.org/10.1016/j.jempfin.2020.10.005,https://doi.org/10.1016/j.jempfin.2020.10.005,paywalled,未找到开放获取副本
journal-of-empirical-finance,2020,Machine Learning for Realised Volatility Forecasting,https://doi.org/10.1016/j.jempfin.2026.101739,https://doi.org/10.1016/j.jempfin.2026.101739,paywalled,non-pdf-content
journal-of-empirical-finance,2020,Cash-flow or return predictability at long horizons? The case of earnings yield,https://doi.org/10.1016/j.jempfin.2020.10.001,https://doi.org/10.1016/j.jempfin.2020.10.001,paywalled,未找到开放获取副本
journal-of-empirical-finance,2020,Equity premium prediction and the state of the economy,https://doi.org/10.1016/j.jempfin.2020.05.004,https://doi.org/10.1016/j.jempfin.2020.05.004,failed,HTTP 404
journal-of-empirical-finance,2020,Dissecting the idiosyncratic volatility anomaly,https://doi.org/10.1016/j.jempfin.2020.10.004,https://doi.org/10.1016/j.jempfin.2020.10.004,paywalled,未找到开放获取副本
journal-of-empirical-finance,2020,Beta and firm age,https://doi.org/10.1016/j.jempfin.2020.05.003,https://doi.org/10.1016/j.jempfin.2020.05.003,paywalled,未找到开放获取副本
journal-of-empirical-finance,2020,Industry equi-correlation: A powerful predictor of stock returns,https://doi.org/10.1016/j.jempfin.2020.07.005,https://doi.org/10.1016/j.jempfin.2020.07.005,paywalled,未找到开放获取副本
journal-of-empirical-finance,2020,The information content of the term structure of risk-neutral skewness,https://doi.org/10.1016/j.jempfin.2020.06.003,https://doi.org/10.1016/j.jempfin.2020.06.003,paywalled,未找到开放获取副本
journal-of-empirical-finance,2020,Date-stamping multiple bubble regimes,https://doi.org/10.1016/j.jempfin.2020.06.004,https://doi.org/10.1016/j.jempfin.2020.06.004,failed,HTTP 403
journal-of-empirical-finance,2020,Combining a self-exciting point process with the truncated generalized Pareto distribution: An extreme risk analysis under price limits,https://doi.org/10.1016/j.jempfin.2020.03.003,https://doi.org/10.1016/j.jempfin.2020.03.003,paywalled,未找到开放获取副本
journal-of-empirical-finance,2020,Mispricing firm-level productivity,https://doi.org/10.1016/j.jempfin.2020.05.008,https://doi.org/10.1016/j.jempfin.2020.05.008,failed,HTTP 403
journal-of-empirical-finance,2020,The time-varying asymmetry of exchange rate returns: A stochastic volatility – stochastic skewness model,https://doi.org/10.1016/j.jempfin.2020.06.008,https://doi.org/10.1016/j.jempfin.2020.06.008,failed,HTTP 403
journal-of-empirical-finance,2020,"Volatility forecasts, proxies and loss functions",https://doi.org/10.1016/j.jempfin.2020.09.006,https://doi.org/10.1016/j.jempfin.2020.09.006,paywalled,未找到开放获取副本
journal-of-empirical-finance,2020,"Mutual fund performance: Using bespoke benchmarks to disentangle mandates, constraints and skill",https://doi.org/10.1016/j.jempfin.2020.12.001,https://doi.org/10.1016/j.jempfin.2020.12.001,failed,HTTP 202
journal-of-empirical-finance,2020,Non-parametric momentum based on ranks and signs,https://doi.org/10.1016/j.jempfin.2020.11.004,https://doi.org/10.1016/j.jempfin.2020.11.004,paywalled,未找到开放获取副本
journal-of-empirical-finance,2020,A comparison of non-Gaussian VaR estimation and portfolio construction techniques,https://doi.org/10.1016/j.jempfin.2020.07.001,https://doi.org/10.1016/j.jempfin.2020.07.001,paywalled,non-pdf-content
journal-of-empirical-finance,2020,Does program trading contribute to excess comovement of stock returns?,https://doi.org/10.1016/j.jempfin.2020.11.001,https://doi.org/10.1016/j.jempfin.2020.11.001,failed,HTTP 202
journal-of-empirical-finance,2020,Information shares in a two-tier FX market,https://doi.org/10.1016/j.jempfin.2020.05.001,https://doi.org/10.1016/j.jempfin.2020.05.001,paywalled,未找到开放获取副本
journal-of-empirical-finance,2020,Determinants of the bid-to-cover ratio in Eurozone sovereign debt auctions,https://doi.org/10.1016/j.jempfin.2020.05.005,https://doi.org/10.1016/j.jempfin.2020.05.005,paywalled,non-pdf-content
journal-of-empirical-finance,2020,Is the presidential premium spurious?,https://doi.org/10.1016/j.jempfin.2020.01.001,https://doi.org/10.1016/j.jempfin.2020.01.001,paywalled,未找到开放获取副本
journal-of-empirical-finance,2020,Disaggregation and the equity premium puzzle,https://doi.org/10.1016/j.jempfin.2020.05.002,https://doi.org/10.1016/j.jempfin.2020.05.002,paywalled,未找到开放获取副本
journal-of-empirical-finance,2020,Biased information weight processing in stock markets,https://doi.org/10.1016/j.jempfin.2020.04.002,https://doi.org/10.1016/j.jempfin.2020.04.002,paywalled,未找到开放获取副本
journal-of-empirical-finance,2020,Short trading and short investing,https://doi.org/10.1016/j.jempfin.2020.09.007,https://doi.org/10.1016/j.jempfin.2020.09.007,paywalled,未找到开放获取副本
journal-of-empirical-finance,2020,Modeling the cross-section of stock returns using sensible models in a model pool,https://doi.org/10.1016/j.jempfin.2020.11.003,https://doi.org/10.1016/j.jempfin.2020.11.003,paywalled,未找到开放获取副本
journal-of-empirical-finance,2020,"Conditional extreme risk, black swan hedging, and asset prices",https://doi.org/10.1016/j.jempfin.2020.07.002,https://doi.org/10.1016/j.jempfin.2020.07.002,paywalled,未找到开放获取副本
journal-of-finance,2026,Pricing of Climate Risk Insurance: Regulation and Cross‐Subsidies,https://doi.org/10.1111/jofi.70029,https://doi.org/10.1111/jofi.70029,paywalled,未找到开放获取副本
journal-of-finance,2026,Investor Composition and the Liquidity Component in the U.S. Corporate Bond Market,https://doi.org/10.1111/jofi.70024,https://doi.org/10.1111/jofi.70024,paywalled,未找到开放获取副本
journal-of-finance,2026,Model Ambiguity versus Model Misspecification in Dynamic Portfolio Choice,https://doi.org/10.1111/jofi.70027,https://doi.org/10.1111/jofi.70027,paywalled,non-pdf-content
journal-of-finance,2026,Dynamic Trading with Realization Utility,https://doi.org/10.1111/jofi.13472,https://doi.org/10.1111/jofi.13472,paywalled,未找到开放获取副本
journal-of-finance,2026,Corporate M&amp;As and Labor Market Concentration: Efficiency Gains or Power Grabs?,https://doi.org/10.1111/jofi.70035,https://doi.org/10.1111/jofi.70035,paywalled,未找到开放获取副本
journal-of-finance,2026,The Drivers and Implications of Retail Margin Trading,https://doi.org/10.1111/jofi.70049,https://doi.org/10.1111/jofi.70049,paywalled,未找到开放获取副本
journal-of-finance,2026,Detecting Informed Trading Risk from Undercutting Activity,https://doi.org/10.1111/jofi.70047,https://doi.org/10.1111/jofi.70047,failed,HTTP 403
journal-of-finance,2025,Forest through the Trees: Building Cross‐Sections of Stock Returns,https://doi.org/10.1111/jofi.13477,https://doi.org/10.1111/jofi.13477,failed,HTTP 403
journal-of-finance,2025,Feedback Effects and Systematic Risk Exposures,https://doi.org/10.1111/jofi.13427,https://doi.org/10.1111/jofi.13427,paywalled,未找到开放获取副本
journal-of-finance,2025,What Is the Cost of Privatization for Workers?,https://doi.org/10.1111/jofi.13462,https://doi.org/10.1111/jofi.13462,failed,HTTP 403
journal-of-finance,2025,Wealth and Insurance Choices: Evidence from U.S. Households,https://doi.org/10.1111/jofi.13426,https://doi.org/10.1111/jofi.13426,failed,HTTP 403
journal-of-finance,2025,The Propagation of Cyberattacks through the Financial System: Evidence from an Actual Event,https://doi.org/10.1111/jofi.13475,https://doi.org/10.1111/jofi.13475,paywalled,未找到开放获取副本
journal-of-finance,2025,War Discourse and the Cross Section of Expected Stock Returns,https://doi.org/10.1111/jofi.13482,https://doi.org/10.1111/jofi.13482,paywalled,未找到开放获取副本
journal-of-finance,2025,Anomalies and Their Short‐Sale Costs,https://doi.org/10.1111/jofi.13501,https://doi.org/10.1111/jofi.13501,failed,HTTP 403
journal-of-finance,2025,Segmented Arbitrage,https://doi.org/10.1111/jofi.13469,https://doi.org/10.1111/jofi.13469,paywalled,未找到开放获取副本
journal-of-finance,2025,Intrahousehold Disagreement about Macroeconomic Expectations,https://doi.org/10.1111/jofi.13437,https://doi.org/10.1111/jofi.13437,failed,HTTP 403
journal-of-finance,2025,Would Order‐By‐Order Auctions Be Competitive?,https://doi.org/10.1111/jofi.13449,https://doi.org/10.1111/jofi.13449,failed,HTTP 403
journal-of-finance,2025,The “Actual Retail Price” of Equity Trades,https://doi.org/10.1111/jofi.13467,https://doi.org/10.1111/jofi.13467,failed,HTTP 403
journal-of-finance,2025,FinTech Lending and Cashless Payments,https://doi.org/10.1111/jofi.70003,https://doi.org/10.1111/jofi.70003,failed,HTTP 403
journal-of-finance,2025,"CEO Stress, Aging, and Death",https://doi.org/10.1111/jofi.13497,https://doi.org/10.1111/jofi.13497,failed,HTTP 403
journal-of-finance,2025,Investment under Upstream and Downstream Uncertainty,https://doi.org/10.1111/jofi.70010,https://doi.org/10.1111/jofi.70010,paywalled,未找到开放获取副本
journal-of-finance,2025,The Stock Market and Bank Risk‐Taking,https://doi.org/10.1111/jofi.13502,https://doi.org/10.1111/jofi.13502,paywalled,未找到开放获取副本
journal-of-finance,2025,The Term Structure of Interest Rates in a Heterogeneous Monetary Union,https://doi.org/10.1111/jofi.13463,https://doi.org/10.1111/jofi.13463,paywalled,未找到开放获取副本
journal-of-finance,2025,Investor Factors,https://doi.org/10.1111/jofi.13474,https://doi.org/10.1111/jofi.13474,paywalled,未找到开放获取副本
journal-of-finance,2025,Superstar Returns? Spatial Heterogeneity in Returns to Housing,https://doi.org/10.1111/jofi.13479,https://doi.org/10.1111/jofi.13479,failed,HTTP 403
journal-of-finance,2025,Tyler Muir: Winner of the 2025 Fischer Black Prize,https://doi.org/10.1111/jofi.13487,https://doi.org/10.1111/jofi.13487,paywalled,未找到开放获取副本
journal-of-finance,2025,Asset Pricing and Risk‐Sharing Implications of Alternative Pension Plan Systems,https://doi.org/10.1111/jofi.13507,https://doi.org/10.1111/jofi.13507,failed,HTTP 403
journal-of-finance,2024,Carbon Returns across the Globe,https://doi.org/10.1111/jofi.13402,https://doi.org/10.1111/jofi.13402,failed,HTTP 403
journal-of-finance,2024,Business News and Business Cycles,https://doi.org/10.1111/jofi.13377,https://doi.org/10.1111/jofi.13377,failed,HTTP 403
journal-of-finance,2024,Dissecting the Long‐Term Performance of the Chinese Stock Market,https://doi.org/10.1111/jofi.13312,https://doi.org/10.1111/jofi.13312,paywalled,未找到开放获取副本
journal-of-finance,2024,Decentralized Exchange: The Uniswap Automated Market Maker,https://doi.org/10.1111/jofi.13405,https://doi.org/10.1111/jofi.13405,paywalled,未找到开放获取副本
journal-of-finance,2024,Informed Trading Intensity,https://doi.org/10.1111/jofi.13320,https://doi.org/10.1111/jofi.13320,paywalled,未找到开放获取副本
journal-of-finance,2024,A (Sub)penny for Your Thoughts: Tracking Retail Investor Activity in TAQ,https://doi.org/10.1111/jofi.13334,https://doi.org/10.1111/jofi.13334,failed,HTTP 403
journal-of-finance,2024,Money and Banking with Reserves and CBDC,https://doi.org/10.1111/jofi.13357,https://doi.org/10.1111/jofi.13357,paywalled,non-pdf-content
journal-of-finance,2024,Financial Sophistication and Consumer Spending,https://doi.org/10.1111/jofi.13393,https://doi.org/10.1111/jofi.13393,failed,HTTP 403
journal-of-finance,2024,The Portfolio‐Driven Disposition Effect,https://doi.org/10.1111/jofi.13378,https://doi.org/10.1111/jofi.13378,failed,HTTP 403
journal-of-finance,2024,Test Assets and Weak Factors,https://doi.org/10.1111/jofi.13415,https://doi.org/10.1111/jofi.13415,paywalled,未找到开放获取副本
journal-of-finance,2024,Choosing to Disagree: Endogenous Dismissiveness and Overconfidence in Financial Markets,https://doi.org/10.1111/jofi.13311,https://doi.org/10.1111/jofi.13311,paywalled,未找到开放获取副本
journal-of-finance,2024,Simplicity and Risk,https://doi.org/10.1111/jofi.13417,https://doi.org/10.1111/jofi.13417,paywalled,未找到开放获取副本
journal-of-finance,2024,Unobserved Performance of Hedge Funds,https://doi.org/10.1111/jofi.13368,https://doi.org/10.1111/jofi.13368,failed,HTTP 403
journal-of-finance,2024,Leverage Is a Double‐Edged Sword,https://doi.org/10.1111/jofi.13316,https://doi.org/10.1111/jofi.13316,failed,HTTP 403
journal-of-finance,2024,A Horizon‐Based Decomposition of Mutual Fund Value Added Using Transactions,https://doi.org/10.1111/jofi.13331,https://doi.org/10.1111/jofi.13331,failed,HTTP 403
journal-of-finance,2024,Equity Term Structures without Dividend Strips Data,https://doi.org/10.1111/jofi.13394,https://doi.org/10.1111/jofi.13394,paywalled,未找到开放获取副本
journal-of-finance,2024,The Dark Side of Circuit Breakers,https://doi.org/10.1111/jofi.13310,https://doi.org/10.1111/jofi.13310,failed,HTTP 403
journal-of-finance,2024,"Liquidity, Liquidity Everywhere, Not a Drop to Use: Why Flooding Banks with Central Bank Reserves May Not Expand Liquidity",https://doi.org/10.1111/jofi.13370,https://doi.org/10.1111/jofi.13370,failed,HTTP 403
journal-of-finance,2024,The Disappearing Index Effect,https://doi.org/10.1111/jofi.13410,https://doi.org/10.1111/jofi.13410,paywalled,未找到开放获取副本
journal-of-finance,2024,Countercyclical Income Risk and Portfolio Choices: Evidence from Sweden,https://doi.org/10.1111/jofi.13341,https://doi.org/10.1111/jofi.13341,paywalled,未找到开放获取副本
journal-of-finance,2024,Very Noisy Option Prices and Inference Regarding the Volatility Risk Premium,https://doi.org/10.1111/jofi.13365,https://doi.org/10.1111/jofi.13365,paywalled,未找到开放获取副本
journal-of-finance,2024,Anomaly Time,https://doi.org/10.1111/jofi.13372,https://doi.org/10.1111/jofi.13372,paywalled,未找到开放获取副本
journal-of-finance,2024,A q$q$ Theory of Internal Capital Markets,https://doi.org/10.1111/jofi.13318,https://doi.org/10.1111/jofi.13318,failed,HTTP 403
journal-of-finance,2024,The Global Credit Spread Puzzle,https://doi.org/10.1111/jofi.13409,https://doi.org/10.1111/jofi.13409,paywalled,未找到开放获取副本
journal-of-finance,2024,Liquidity Transformation and Fragility in the U.S. Banking Sector,https://doi.org/10.1111/jofi.13390,https://doi.org/10.1111/jofi.13390,paywalled,未找到开放获取副本
journal-of-finance,2024,Intermediary Leverage Shocks and Funding Conditions,https://doi.org/10.1111/jofi.13407,https://doi.org/10.1111/jofi.13407,failed,HTTP 403
journal-of-finance,2024,Meeting Targets in Competitive Product Markets,https://doi.org/10.1111/jofi.13369,https://doi.org/10.1111/jofi.13369,failed,HTTP 403
journal-of-finance,2024,Bonds versus Equities: Information for Investment,https://doi.org/10.1111/jofi.13396,https://doi.org/10.1111/jofi.13396,failed,HTTP 403
journal-of-finance,2024,Sending Out an SMS: Automatic Enrollment Experiments for Overdraft Alerts,https://doi.org/10.1111/jofi.13404,https://doi.org/10.1111/jofi.13404,failed,HTTP 403
journal-of-finance,2024,Ravi Jagannathan,https://doi.org/10.1111/jofi.13359,https://doi.org/10.1111/jofi.13359,failed,HTTP 403
journal-of-finance,2023,The Pollution Premium,https://doi.org/10.1111/jofi.13217,https://doi.org/10.1111/jofi.13217,failed,HTTP 403
journal-of-finance,2023,Is There a Replication Crisis in Finance?,https://doi.org/10.1111/jofi.13249,https://doi.org/10.1111/jofi.13249,failed,HTTP 403
journal-of-finance,2023,Equilibrium Bitcoin Pricing,https://doi.org/10.1111/jofi.13206,https://doi.org/10.1111/jofi.13206,failed,HTTP 403
journal-of-finance,2023,The Virtue of Complexity in Return Prediction,https://doi.org/10.1111/jofi.13298,https://doi.org/10.1111/jofi.13298,failed,HTTP 403
journal-of-finance,2023,Modeling Corporate Bond Returns,https://doi.org/10.1111/jofi.13233,https://doi.org/10.1111/jofi.13233,failed,HTTP 403
journal-of-finance,2023,(Re‐)Imag(in)ing Price Trends,https://doi.org/10.1111/jofi.13268,https://doi.org/10.1111/jofi.13268,failed,HTTP 403
journal-of-finance,2023,Duration‐Driven Returns,https://doi.org/10.1111/jofi.13216,https://doi.org/10.1111/jofi.13216,failed,HTTP 403
journal-of-finance,2023,Pockets of Predictability,https://doi.org/10.1111/jofi.13229,https://doi.org/10.1111/jofi.13229,failed,HTTP 403
journal-of-finance,2023,Front‐Page News: The Effect of News Positioning on Financial Markets,https://doi.org/10.1111/jofi.13287,https://doi.org/10.1111/jofi.13287,failed,HTTP 403
journal-of-finance,2023,Model Comparison with Transaction Costs,https://doi.org/10.1111/jofi.13225,https://doi.org/10.1111/jofi.13225,failed,HTTP 403
journal-of-finance,2023,Moral Hazard versus Liquidity in Household Bankruptcy,https://doi.org/10.1111/jofi.13263,https://doi.org/10.1111/jofi.13263,paywalled,未找到开放获取副本
journal-of-finance,2023,Selling Fast and Buying Slow: Heuristics and Trading Performance of Institutional Investors,https://doi.org/10.1111/jofi.13271,https://doi.org/10.1111/jofi.13271,failed,HTTP 403
journal-of-finance,2023,Who Owns What? A Factor Model for Direct Stockholding,https://doi.org/10.1111/jofi.13220,https://doi.org/10.1111/jofi.13220,failed,HTTP 403
journal-of-finance,2023,Attention Spillover in Asset Pricing,https://doi.org/10.1111/jofi.13281,https://doi.org/10.1111/jofi.13281,failed,HTTP 403
journal-of-finance,2023,Option Momentum,https://doi.org/10.1111/jofi.13279,https://doi.org/10.1111/jofi.13279,paywalled,未找到开放获取副本
journal-of-finance,2023,Do Municipal Bond Dealers Give Their Customers “Fair and Reasonable” Pricing?,https://doi.org/10.1111/jofi.13214,https://doi.org/10.1111/jofi.13214,failed,HTTP 403
journal-of-finance,2023,"Liquidity, Volume, and Order Imbalance Volatility",https://doi.org/10.1111/jofi.13248,https://doi.org/10.1111/jofi.13248,paywalled,non-pdf-content
journal-of-finance,2023,Integrating Factor Models,https://doi.org/10.1111/jofi.13226,https://doi.org/10.1111/jofi.13226,failed,HTTP 403
journal-of-finance,2023,Biased Auctioneers,https://doi.org/10.1111/jofi.13203,https://doi.org/10.1111/jofi.13203,failed,HTTP 403
journal-of-finance,2023,Operating Hedge and Gross Profitability Premium,https://doi.org/10.1111/jofi.13275,https://doi.org/10.1111/jofi.13275,failed,HTTP 403
journal-of-finance,2023,CLO Performance,https://doi.org/10.1111/jofi.13224,https://doi.org/10.1111/jofi.13224,failed,HTTP 403
journal-of-finance,2023,Disclosing to Informed Traders,https://doi.org/10.1111/jofi.13296,https://doi.org/10.1111/jofi.13296,failed,HTTP 403
journal-of-finance,2023,How Integrated are Credit and Equity Markets? Evidence from Index Options,https://doi.org/10.1111/jofi.13300,https://doi.org/10.1111/jofi.13300,failed,HTTP 403
journal-of-finance,2023,Discount‐Rate Risk in Private Equity: Evidence from Secondary Market Transactions,https://doi.org/10.1111/jofi.13202,https://doi.org/10.1111/jofi.13202,paywalled,未找到开放获取副本
journal-of-finance,2023,Foreign Exchange Fixings and Returns around the Clock,https://doi.org/10.1111/jofi.13306,https://doi.org/10.1111/jofi.13306,failed,HTTP 403
journal-of-finance,2023,Naïve <i>Buying</i> Diversification and Narrow Framing by Individual Investors,https://doi.org/10.1111/jofi.13222,https://doi.org/10.1111/jofi.13222,failed,HTTP 403
journal-of-finance,2023,Do Credit Markets Respond to Macroeconomic Shocks? The Case for Reverse Causality,https://doi.org/10.1111/jofi.13261,https://doi.org/10.1111/jofi.13261,failed,HTTP 403
journal-of-finance,2023,Household Liquidity Constraints and Labor Market Outcomes: Evidence from a Danish Mortgage Reform,https://doi.org/10.1111/jofi.13277,https://doi.org/10.1111/jofi.13277,failed,HTTP 403
journal-of-finance,2023,Neglected Risks in the Communication of Residential Mortgage‐Backed Securities Offerings,https://doi.org/10.1111/jofi.13278,https://doi.org/10.1111/jofi.13278,paywalled,未找到开放获取副本
journal-of-finance,2023,Retail Derivatives and Sentiment: A Sentiment Measure Constructed from Issuances of Retail Structured Equity Products,https://doi.org/10.1111/jofi.13253,https://doi.org/10.1111/jofi.13253,paywalled,未找到开放获取副本
journal-of-finance,2023,Information Aggregation via Contracting,https://doi.org/10.1111/jofi.13205,https://doi.org/10.1111/jofi.13205,failed,HTTP 403
journal-of-finance,2023,Johannes Stroebel: Winner of the 2023 Fischer Black Prize,https://doi.org/10.1111/jofi.13269,http://dx.doi.org/10.1111/jofi.13269,paywalled,未找到开放获取副本
journal-of-finance,2022,Attention‐Induced Trading and Returns: Evidence from Robinhood Users,https://doi.org/10.1111/jofi.13183,https://doi.org/10.1111/jofi.13183,paywalled,未找到开放获取副本
journal-of-finance,2022,The Wisdom of the Robinhood Crowd,https://doi.org/10.1111/jofi.13128,https://doi.org/10.1111/jofi.13128,paywalled,未找到开放获取副本
journal-of-finance,2022,Factor Momentum and the Momentum Factor,https://doi.org/10.1111/jofi.13131,https://doi.org/10.1111/jofi.13131,paywalled,未找到开放获取副本
journal-of-finance,2022,Belief Disagreement and Portfolio Choice,https://doi.org/10.1111/jofi.13179,https://doi.org/10.1111/jofi.13179,paywalled,未找到开放获取副本
journal-of-finance,2022,Do Firms Respond to Gender Pay Gap Transparency?,https://doi.org/10.1111/jofi.13136,https://doi.org/10.1111/jofi.13136,failed,HTTP 403
journal-of-finance,2022,Do Equity Markets Care <b>about Income Inequality? Evidence from Pay Ratio Disclosure</b>,https://doi.org/10.1111/jofi.13113,https://doi.org/10.1111/jofi.13113,paywalled,未找到开放获取副本
journal-of-finance,2022,Volatility Expectations and Returns,https://doi.org/10.1111/jofi.13120,https://doi.org/10.1111/jofi.13120,paywalled,未找到开放获取副本
journal-of-finance,2022,Testing Disagreement Models,https://doi.org/10.1111/jofi.13137,https://doi.org/10.1111/jofi.13137,failed,HTTP 403
journal-of-finance,2022,Stock Market's Assessment of Monetary Policy Transmission: The Cash Flow Effect,https://doi.org/10.1111/jofi.13163,https://doi.org/10.1111/jofi.13163,failed,HTTP 403
journal-of-finance,2022,A New Test of Risk Factor Relevance,https://doi.org/10.1111/jofi.13135,https://doi.org/10.1111/jofi.13135,paywalled,未找到开放获取副本
journal-of-finance,2022,Pricing Currency Risks,https://doi.org/10.1111/jofi.13190,https://doi.org/10.1111/jofi.13190,failed,HTTP 403
journal-of-finance,2022,Is There a Risk Premium in the Stock Lending Market? Evidence from Equity Options,https://doi.org/10.1111/jofi.13129,https://doi.org/10.1111/jofi.13129,paywalled,未找到开放获取副本
journal-of-finance,2022,Long‐Run Risk: Is It There?,https://doi.org/10.1111/jofi.13126,https://doi.org/10.1111/jofi.13126,paywalled,未找到开放获取副本
journal-of-finance,2022,Principal Portfolios,https://doi.org/10.1111/jofi.13199,https://doi.org/10.1111/jofi.13199,failed,HTTP 403
journal-of-finance,2022,Luck versus Skill in the Cross Section of Mutual Fund Returns: Reexamining the Evidence,https://doi.org/10.1111/jofi.13123,https://doi.org/10.1111/jofi.13123,failed,HTTP 403
journal-of-finance,2022,Payment System Externalities,https://doi.org/10.1111/jofi.13110,https://doi.org/10.1111/jofi.13110,paywalled,未找到开放获取副本
journal-of-finance,2022,Are Analyst Short‐Term Trade Ideas Valuable?,https://doi.org/10.1111/jofi.13130,https://doi.org/10.1111/jofi.13130,paywalled,未找到开放获取副本
journal-of-finance,2022,Beyond Basis Basics: Liquidity Demand and Deviations from the Law of One Price,https://doi.org/10.1111/jofi.13198,https://doi.org/10.1111/jofi.13198,failed,HTTP 403
journal-of-finance,2022,Asset Pricing with Cohort‐Based Trading in MBS Markets,https://doi.org/10.1111/jofi.13180,https://doi.org/10.1111/jofi.13180,failed,HTTP 403
journal-of-finance,2022,The Price of Higher Order Catastrophe Insurance: The Case of VIX Options,https://doi.org/10.1111/jofi.13182,https://doi.org/10.1111/jofi.13182,paywalled,未找到开放获取副本
journal-of-finance,2022,International Yield Curves and Currency Puzzles,https://doi.org/10.1111/jofi.13191,https://doi.org/10.1111/jofi.13191,paywalled,未找到开放获取副本
journal-of-finance,2022,How Risky Are U.S. Corporate Assets?,https://doi.org/10.1111/jofi.13196,https://doi.org/10.1111/jofi.13196,paywalled,未找到开放获取副本
journal-of-finance,2022,Beliefs Aggregation and Return Predictability,https://doi.org/10.1111/jofi.13195,https://doi.org/10.1111/jofi.13195,failed,"网络错误 [Errno 8] nodename nor servname provided, or not known"
journal-of-finance,2022,A Theory of Equivalent Expectation Measures for Contingent Claim Returns,https://doi.org/10.1111/jofi.13172,https://doi.org/10.1111/jofi.13172,failed,HTTP 403
journal-of-finance,2022,Learning by Owning in a Lemons Market,https://doi.org/10.1111/jofi.13125,https://doi.org/10.1111/jofi.13125,paywalled,未找到开放获取副本
journal-of-finance,2022,Monetary Policy and Asset Valuation,https://doi.org/10.1111/jofi.13107,https://doi.org/10.1111/jofi.13107,failed,HTTP 403
journal-of-finance,2021,Tracking Retail Investor Activity,https://doi.org/10.1111/jofi.13033,https://doi.org/10.1111/jofi.13033,paywalled,non-pdf-content
journal-of-finance,2021,Banking on Deposits: Maturity Transformation without Interest Rate Risk,https://doi.org/10.1111/jofi.13013,https://doi.org/10.1111/jofi.13013,failed,HTTP 403
journal-of-finance,2021,Foreign Safe Asset Demand and the Dollar Exchange Rate,https://doi.org/10.1111/jofi.13003,https://doi.org/10.1111/jofi.13003,failed,HTTP 403
journal-of-finance,2021,Weathering Cash Flow Shocks,https://doi.org/10.1111/jofi.13024,https://doi.org/10.1111/jofi.13024,failed,HTTP 403
journal-of-finance,2021,Anomalies and the Expected Market Return,https://doi.org/10.1111/jofi.13099,https://doi.org/10.1111/jofi.13099,paywalled,未找到开放获取副本
journal-of-finance,2021,Subjective Cash Flow and Discount Rate Expectations,https://doi.org/10.1111/jofi.13016,https://doi.org/10.1111/jofi.13016,paywalled,未找到开放获取副本
journal-of-finance,2021,Prospect Theory and Stock Market Anomalies,https://doi.org/10.1111/jofi.13061,https://doi.org/10.1111/jofi.13061,failed,HTTP 403
journal-of-finance,2021,Do Intermediaries Matter for Aggregate Asset Prices?,https://doi.org/10.1111/jofi.13086,https://doi.org/10.1111/jofi.13086,failed,HTTP 403
journal-of-finance,2021,Fire‐Sale Spillovers in Debt Markets,https://doi.org/10.1111/jofi.13078,https://doi.org/10.1111/jofi.13078,paywalled,未找到开放获取副本
journal-of-finance,2021,Time Variation of the Equity Term Structure,https://doi.org/10.1111/jofi.13020,https://doi.org/10.1111/jofi.13020,paywalled,未找到开放获取副本
journal-of-finance,2021,Valuing Private Equity Investments Strip by Strip,https://doi.org/10.1111/jofi.13073,https://doi.org/10.1111/jofi.13073,paywalled,未找到开放获取副本
journal-of-finance,2021,What Explains Differences in Finance Research Productivity during the Pandemic?,https://doi.org/10.1111/jofi.13028,https://doi.org/10.1111/jofi.13028,failed,HTTP 403
journal-of-finance,2021,"Skill, Scale, and Value Creation in the Mutual Fund Industry",https://doi.org/10.1111/jofi.13096,https://doi.org/10.1111/jofi.13096,paywalled,non-pdf-content
journal-of-finance,2021,"Non‐Deal Roadshows, Informed Trading, and Analyst Conflicts of Interest",https://doi.org/10.1111/jofi.13089,https://doi.org/10.1111/jofi.13089,paywalled,未找到开放获取副本
journal-of-finance,2021,Trading Costs and Informational Efficiency,https://doi.org/10.1111/jofi.13008,https://doi.org/10.1111/jofi.13008,paywalled,未找到开放获取副本
journal-of-finance,2021,Reinvestment Risk and the Equity Term Structure,https://doi.org/10.1111/jofi.13035,https://doi.org/10.1111/jofi.13035,paywalled,未找到开放获取副本
journal-of-finance,2021,Don't Take Their Word for It: The Misclassification of Bond Mutual Funds,https://doi.org/10.1111/jofi.13023,https://doi.org/10.1111/jofi.13023,failed,HTTP 403
journal-of-finance,2021,Forced Entrepreneurs,https://doi.org/10.1111/jofi.13097,https://doi.org/10.1111/jofi.13097,paywalled,未找到开放获取副本
journal-of-finance,2021,Asset Managers: Institutional Performance and Factor Exposures,https://doi.org/10.1111/jofi.13026,https://doi.org/10.1111/jofi.13026,paywalled,未找到开放获取副本
journal-of-finance,2021,The Limits of <i>p</i>‐Hacking: Some Thought Experiments,https://doi.org/10.1111/jofi.13036,https://doi.org/10.1111/jofi.13036,paywalled,未找到开放获取副本
journal-of-finance,2021,Asset Pricing and Sports Betting,https://doi.org/10.1111/jofi.13082,https://doi.org/10.1111/jofi.13082,paywalled,未找到开放获取副本
journal-of-finance,2021,Late to Recessions: Stocks and the Business Cycle,https://doi.org/10.1111/jofi.13100,https://doi.org/10.1111/jofi.13100,paywalled,未找到开放获取副本
journal-of-finance,2021,"Inventory Management, Dealers' Connections, and Prices in Over‐the‐Counter Markets",https://doi.org/10.1111/jofi.13034,https://doi.org/10.1111/jofi.13034,paywalled,未找到开放获取副本
journal-of-finance,2021,Leveraged Funds and the Shadow Cost of Leverage Constraints,https://doi.org/10.1111/jofi.13012,https://doi.org/10.1111/jofi.13012,paywalled,未找到开放获取副本
journal-of-finance,2021,Risk Management in Financial Institutions: A Replication,https://doi.org/10.1111/jofi.13063,https://doi.org/10.1111/jofi.13063,failed,HTTP 403
journal-of-finance,2020,Lazy Prices,https://doi.org/10.1111/jofi.12885,https://doi.org/10.1111/jofi.12885,paywalled,未找到开放获取副本
journal-of-finance,2020,Presidential Address: Social Transmission Bias in Economics and Finance,https://doi.org/10.1111/jofi.12906,https://doi.org/10.1111/jofi.12906,failed,HTTP 403
journal-of-finance,2020,What Matters to Individual Investors? Evidence from the Horse's Mouth,https://doi.org/10.1111/jofi.12895,https://doi.org/10.1111/jofi.12895,paywalled,未找到开放获取副本
journal-of-finance,2020,The Misguided Beliefs of Financial Advisors,https://doi.org/10.1111/jofi.12995,https://doi.org/10.1111/jofi.12995,paywalled,未找到开放获取副本
journal-of-finance,2020,"Every Cloud Has a Silver Lining: Fast Trading, Microwave Connectivity, and Trading Costs",https://doi.org/10.1111/jofi.12969,https://doi.org/10.1111/jofi.12969,paywalled,未找到开放获取副本
journal-of-finance,2020,The Causal Effect of Limits to Arbitrage on Asset Pricing Anomalies,https://doi.org/10.1111/jofi.12947,https://doi.org/10.1111/jofi.12947,paywalled,未找到开放获取副本
journal-of-finance,2020,Low‐Risk Anomalies?,https://doi.org/10.1111/jofi.12910,https://doi.org/10.1111/jofi.12910,failed,HTTP 403
journal-of-finance,2020,The Mismatch Between Mutual Fund Scale and Skill,https://doi.org/10.1111/jofi.12950,https://doi.org/10.1111/jofi.12950,paywalled,未找到开放获取副本
journal-of-finance,2020,Measuring Mutual Fund Flow Pressure as Shock to Stock Returns,https://doi.org/10.1111/jofi.12962,https://doi.org/10.1111/jofi.12962,paywalled,未找到开放获取副本
journal-of-finance,2020,Information Consumption and Asset Pricing,https://doi.org/10.1111/jofi.12975,https://doi.org/10.1111/jofi.12975,failed,HTTP 403
journal-of-finance,2020,Understanding Systematic Risk: A High‐Frequency Approach,https://doi.org/10.1111/jofi.12898,https://doi.org/10.1111/jofi.12898,paywalled,未找到开放获取副本
journal-of-finance,2020,Liquidity Supply in the Corporate Bond Market,https://doi.org/10.1111/jofi.12991,https://doi.org/10.1111/jofi.12991,paywalled,未找到开放获取副本
journal-of-finance,2020,"Inalienable Customer Capital, Corporate Liquidity, and Stock Returns",https://doi.org/10.1111/jofi.12960,https://doi.org/10.1111/jofi.12960,failed,HTTP 403
journal-of-finance,2020,Insider Investment Horizon,https://doi.org/10.1111/jofi.12878,https://doi.org/10.1111/jofi.12878,paywalled,未找到开放获取副本
journal-of-finance,2020,"No Job, No Money, No Refi: Frictions to Refinancing in a Recession",https://doi.org/10.1111/jofi.12952,https://doi.org/10.1111/jofi.12952,paywalled,未找到开放获取副本
journal-of-finance,2020,The Banking View of Bond Risk Premia,https://doi.org/10.1111/jofi.12949,https://doi.org/10.1111/jofi.12949,failed,HTTP 403
journal-of-finance,2020,Model‐Free International Stochastic Discount Factors,https://doi.org/10.1111/jofi.12970,https://doi.org/10.1111/jofi.12970,paywalled,未找到开放获取副本
journal-of-finance,2020,The Value of Central Clearing,https://doi.org/10.1111/jofi.12902,https://doi.org/10.1111/jofi.12902,paywalled,未找到开放获取副本
journal-of-finance,2020,Star Ratings and the Incentives of Mutual Funds,https://doi.org/10.1111/jofi.12888,https://doi.org/10.1111/jofi.12888,paywalled,未找到开放获取副本
journal-of-finance,2020,Cash Flow News and Stock Price Dynamics,https://doi.org/10.1111/jofi.12901,https://doi.org/10.1111/jofi.12901,paywalled,未找到开放获取副本
journal-of-finance,2020,Option Profit and Loss Attribution and Pricing: A New Framework,https://doi.org/10.1111/jofi.12894,https://doi.org/10.1111/jofi.12894,paywalled,未找到开放获取副本
journal-of-finance,2020,Information Inertia,https://doi.org/10.1111/jofi.12979,https://doi.org/10.1111/jofi.12979,failed,HTTP 403
journal-of-finance,2020,Necessary and Sufficient Conditions for Existence and Uniqueness of Recursive Utilities,https://doi.org/10.1111/jofi.12877,https://doi.org/10.1111/jofi.12877,failed,HTTP 403
journal-of-finance,2020,"Mutual Fund Holdings of Credit Default Swaps: Liquidity, Yield, and Risk",https://doi.org/10.1111/jofi.12996,https://doi.org/10.1111/jofi.12996,paywalled,未找到开放获取副本
journal-of-finance,2020,Limited Risk Sharing and International Equity Returns,https://doi.org/10.1111/jofi.12994,https://doi.org/10.1111/jofi.12994,paywalled,未找到开放获取副本
journal-of-financial-and-quantitative-analysis,2026,The Crash Risk in Individual Stocks Embedded in Skewness Swap Returns,https://doi.org/10.1017/s0022109025102445,https://doi.org/10.1017/s0022109025102445,paywalled,non-pdf-content
journal-of-financial-and-quantitative-analysis,2026,Match to Grow,https://doi.org/10.1017/s0022109026102579,https://doi.org/10.1017/s0022109026102579,paywalled,未找到开放获取副本
journal-of-financial-and-quantitative-analysis,2026,Is the Value Premium Dead? Forecasting Value–Growth Cycles with the Implied Value Premium,https://doi.org/10.1017/s0022109026102609,https://doi.org/10.1017/s0022109026102609,paywalled,non-pdf-content
journal-of-financial-and-quantitative-analysis,2026,A Shared Interest: Do Bonds Strengthen Equity Monitoring?,https://doi.org/10.1017/s002210902610266x,https://doi.org/10.1017/s002210902610266x,paywalled,non-pdf-content
journal-of-financial-and-quantitative-analysis,2026,Dr Jekyll and Mr Hyde: Feedback and Welfare When Hedgers Can Acquire Information,https://doi.org/10.1017/s0022109026102671,https://doi.org/10.1017/s0022109026102671,paywalled,non-pdf-content
journal-of-financial-and-quantitative-analysis,2026,Investment Functions with <i>q</i> in the Presence of Unobserved Persistent Shocks,https://doi.org/10.1017/s0022109026102695,https://doi.org/10.1017/s0022109026102695,paywalled,未找到开放获取副本
journal-of-financial-and-quantitative-analysis,2026,Expected and Realized Returns on Volatility,https://doi.org/10.1017/s0022109026102683,https://doi.org/10.1017/s0022109026102683,paywalled,未找到开放获取副本
journal-of-financial-and-quantitative-analysis,2026,"Real Disinvestments and the Distress Anomaly: Evidence from Stocks, Bonds, and Loans",https://doi.org/10.1017/s0022109026102701,https://doi.org/10.1017/s0022109026102701,failed,HTTP 404
journal-of-financial-and-quantitative-analysis,2026,Swimming Against the Current: Contrarian Retail Trading,https://doi.org/10.1017/s0022109026102737,https://doi.org/10.1017/s0022109026102737,paywalled,non-pdf-content
journal-of-financial-and-quantitative-analysis,2026,Rewriting CRSP’s History: Impact of Altered Monthly Returns on Asset Pricing,https://doi.org/10.1017/s0022109026102774,https://doi.org/10.1017/s0022109026102774,paywalled,non-pdf-content
journal-of-financial-and-quantitative-analysis,2026,Attentive Options Traders: Textual Changes to 10-Ks and Option Volatility Smirk,https://doi.org/10.1017/s0022109026102804,https://doi.org/10.1017/s0022109026102804,paywalled,未找到开放获取副本
journal-of-financial-and-quantitative-analysis,2026,Intra-Household Risk Sharing in Collective Portfolio Choice Models,https://doi.org/10.1017/s0022109026102920,https://doi.org/10.1017/s0022109026102920,paywalled,non-pdf-content
journal-of-financial-and-quantitative-analysis,2026,Evaluating Selection Bias in Early-Stage Investment Returns – CORRIGENDUM,https://doi.org/10.1017/s0022109026102828,https://doi.org/10.1017/s0022109026102828,paywalled,non-pdf-content
journal-of-financial-and-quantitative-analysis,2025,Cryptocurrency Pump-and-Dump Schemes,https://doi.org/10.1017/s0022109025000201,https://doi.org/10.1017/s0022109025000201,paywalled,未找到开放获取副本
journal-of-financial-and-quantitative-analysis,2025,Investor Corporate Visits and Predictable Returns,https://doi.org/10.1017/s0022109024000528,https://doi.org/10.1017/s0022109024000528,paywalled,未找到开放获取副本
journal-of-financial-and-quantitative-analysis,2025,Investor Attention and Insider Trading,https://doi.org/10.1017/s0022109024000450,https://doi.org/10.1017/s0022109024000450,paywalled,non-pdf-content
journal-of-financial-and-quantitative-analysis,2025,Gambling on Crypto Tokens?,https://doi.org/10.1017/s0022109024000681,https://doi.org/10.1017/s0022109024000681,paywalled,未找到开放获取副本
journal-of-financial-and-quantitative-analysis,2025,Optimal Portfolio Choice with Fat Tails and Parameter Uncertainty,https://doi.org/10.1017/s0022109025101622,https://doi.org/10.1017/s0022109025101622,paywalled,未找到开放获取副本
journal-of-financial-and-quantitative-analysis,2025,Does Disagreement Facilitate Informed Trading?,https://doi.org/10.1017/s0022109025101762,https://doi.org/10.1017/s0022109025101762,paywalled,未找到开放获取副本
journal-of-financial-and-quantitative-analysis,2025,ETF Sampling and Index Arbitrage,https://doi.org/10.1017/s0022109025102378,https://doi.org/10.1017/s0022109025102378,paywalled,non-pdf-content
journal-of-financial-and-quantitative-analysis,2025,"Labor Links, Comovement, and Predictable Returns",https://doi.org/10.1017/s0022109025101610,https://doi.org/10.1017/s0022109025101610,paywalled,non-pdf-content
journal-of-financial-and-quantitative-analysis,2025,Local Labor Markets and Corporate Innovation,https://doi.org/10.1017/s0022109025000158,https://doi.org/10.1017/s0022109025000158,paywalled,non-pdf-content
journal-of-financial-and-quantitative-analysis,2025,Idiosyncratic Volatility and the ICAPM Covariance Risk,https://doi.org/10.1017/s0022109025000195,https://doi.org/10.1017/s0022109025000195,paywalled,未找到开放获取副本
journal-of-financial-and-quantitative-analysis,2025,Tackling the Volatility Paradox: Spillover Persistence and Systemic Risk,https://doi.org/10.1017/s002210902400070x,https://doi.org/10.1017/s002210902400070x,paywalled,未找到开放获取副本
journal-of-financial-and-quantitative-analysis,2025,A Bayesian Stochastic Discount Factor for the Cross-Section of Individual Equity Options,https://doi.org/10.1017/s0022109025102251,https://doi.org/10.1017/s0022109025102251,paywalled,non-pdf-content
journal-of-financial-and-quantitative-analysis,2025,Is It all Noise? The Microstructure Implications of Corporate Recurring Advertisements,https://doi.org/10.1017/s0022109024000814,https://doi.org/10.1017/s0022109024000814,paywalled,未找到开放获取副本
journal-of-financial-and-quantitative-analysis,2025,Disagreement and Scheduled Announcements: Explaining the Pre-Announcement Drift,https://doi.org/10.1017/s0022109025102160,https://doi.org/10.1017/s0022109025102160,paywalled,未找到开放获取副本
journal-of-financial-and-quantitative-analysis,2025,Consistent Backtesting Systemic Risk Measures,https://doi.org/10.1017/s0022109025102421,https://doi.org/10.1017/s0022109025102421,paywalled,未找到开放获取副本
journal-of-financial-and-quantitative-analysis,2025,Outside Employment Opportunities and Tournament Incentives,https://doi.org/10.1017/s002210902510166x,https://doi.org/10.1017/s002210902510166x,paywalled,non-pdf-content
journal-of-financial-and-quantitative-analysis,2025,Price-Path Convexity and Short-Horizon Return Predictability,https://doi.org/10.1017/s0022109025101725,https://doi.org/10.1017/s0022109025101725,paywalled,non-pdf-content
journal-of-financial-and-quantitative-analysis,2025,Trading in Crowded Markets,https://doi.org/10.1017/s0022109025101683,https://doi.org/10.1017/s0022109025101683,paywalled,未找到开放获取副本
journal-of-financial-and-quantitative-analysis,2025,Active Mutual Fund Common Owners’ Returns and Proxy Voting Behavior,https://doi.org/10.1017/s0022109025102214,https://doi.org/10.1017/s0022109025102214,paywalled,未找到开放获取副本
journal-of-financial-and-quantitative-analysis,2025,Index Investing and Asset Pricing Under Information Asymmetry and Ambiguity Aversion,https://doi.org/10.1017/s0022109025101798,https://doi.org/10.1017/s0022109025101798,paywalled,未找到开放获取副本
journal-of-financial-and-quantitative-analysis,2025,Option Factor Momentum,https://doi.org/10.1017/s0022109025000225,https://doi.org/10.1017/s0022109025000225,paywalled,non-pdf-content
journal-of-financial-and-quantitative-analysis,2025,Default Costs and Repayment of Underwater Mortgages,https://doi.org/10.1017/s0022109025101774,https://doi.org/10.1017/s0022109025101774,paywalled,non-pdf-content
journal-of-financial-and-quantitative-analysis,2025,Skewness Risk Premia and the Cross Section of Currency Returns,https://doi.org/10.1017/s0022109025102123,https://doi.org/10.1017/s0022109025102123,paywalled,non-pdf-content
journal-of-financial-and-quantitative-analysis,2025,Strategic Mutual Fund Tournaments,https://doi.org/10.1017/s0022109024000590,https://doi.org/10.1017/s0022109024000590,paywalled,未找到开放获取副本
journal-of-financial-and-quantitative-analysis,2025,Why Do Investors Hold Overpriced Shares?,https://doi.org/10.1017/s0022109025102196,https://doi.org/10.1017/s0022109025102196,paywalled,non-pdf-content
journal-of-financial-and-quantitative-analysis,2025,Climate-Triggered Institutional Price Pressure: Does It Affect Firms’ Cost of Equity?,https://doi.org/10.1017/s0022109025102226,https://doi.org/10.1017/s0022109025102226,paywalled,未找到开放获取副本
journal-of-financial-and-quantitative-analysis,2025,Decoding Momentum Spillover Effects,https://doi.org/10.1017/s002210902510238x,https://doi.org/10.1017/s002210902510238x,paywalled,non-pdf-content
journal-of-financial-and-quantitative-analysis,2025,Capital Allocation and the Market for Mutual Funds: Inspecting the Mechanism,https://doi.org/10.1017/s0022109025102408,https://doi.org/10.1017/s0022109025102408,paywalled,non-pdf-content
journal-of-financial-and-quantitative-analysis,2025,Optimal Ownership and Capital Structure with Agency Conflicts,https://doi.org/10.1017/s0022109025101671,https://doi.org/10.1017/s0022109025101671,paywalled,未找到开放获取副本
journal-of-financial-and-quantitative-analysis,2025,Real(istic) Time-Varying Probability of Consumption Disasters,https://doi.org/10.1017/s0022109025101853,https://doi.org/10.1017/s0022109025101853,paywalled,未找到开放获取副本
journal-of-financial-and-quantitative-analysis,2025,Optimal Portfolio Size Under Parameter Uncertainty,https://doi.org/10.1017/s0022109025102457,https://doi.org/10.1017/s0022109025102457,paywalled,non-pdf-content
journal-of-financial-and-quantitative-analysis,2025,Price Rigidities and Credit Risk,https://doi.org/10.1017/s0022109025102512,https://doi.org/10.1017/s0022109025102512,paywalled,non-pdf-content
journal-of-financial-and-quantitative-analysis,2024,Retail Trading and Return Predictability in China,https://doi.org/10.1017/s0022109024000085,https://doi.org/10.1017/s0022109024000085,paywalled,未找到开放获取副本
journal-of-financial-and-quantitative-analysis,2024,"ETFs, Creation and Redemption Processes, and Bond Liquidity",https://doi.org/10.1017/s0022109024000346,https://doi.org/10.1017/s0022109024000346,paywalled,未找到开放获取副本
journal-of-financial-and-quantitative-analysis,2024,Factor Model Comparisons with Conditioning Information,https://doi.org/10.1017/s002210902400005x,https://doi.org/10.1017/s002210902400005x,paywalled,non-pdf-content
journal-of-financial-and-quantitative-analysis,2024,Market Liquidity in a Natural Experiment: Evidence from CDS Standard Coupons,https://doi.org/10.1017/s0022109024000176,https://doi.org/10.1017/s0022109024000176,paywalled,未找到开放获取副本
journal-of-financial-and-quantitative-analysis,2024,Predictability Puzzles,https://doi.org/10.1017/s0022109024000218,https://doi.org/10.1017/s0022109024000218,paywalled,non-pdf-content
journal-of-financial-and-quantitative-analysis,2024,Privatization and Bank Liquidity Creation,https://doi.org/10.1017/s0022109026102853,https://doi.org/10.1017/s0022109026102853,failed,HTTP 403
journal-of-financial-and-quantitative-analysis,2024,Loss-Driven Activism,https://doi.org/10.1017/s0022109024000127,https://doi.org/10.1017/s0022109024000127,paywalled,未找到开放获取副本
journal-of-financial-and-quantitative-analysis,2023,Government Stock Purchase Undermines Price Informativeness: Evidence from China’s “National Team”,https://doi.org/10.1017/s0022109023000637,https://doi.org/10.1017/s0022109023000637,paywalled,未找到开放获取副本
journal-of-financial-and-quantitative-analysis,2023,Options Trading and Stock Price Informativeness,https://doi.org/10.1017/s0022109023000327,https://doi.org/10.1017/s0022109023000327,paywalled,non-pdf-content
journal-of-financial-and-quantitative-analysis,2023,Do Capital Markets Punish Managerial Myopia? Evidence from Myopic Research and Development Cuts,https://doi.org/10.1017/s0022109023001205,https://doi.org/10.1017/s0022109023001205,paywalled,未找到开放获取副本
journal-of-financial-and-quantitative-analysis,2023,"Why Naive $ 1/N $ Diversification Is Not So Naive, and How to Beat It?",https://doi.org/10.1017/s0022109023001175,https://doi.org/10.1017/s0022109023001175,paywalled,未找到开放获取副本
journal-of-financial-and-quantitative-analysis,2023,Innovation Under Ambiguity and Risk,https://doi.org/10.1017/s002210902300128x,https://doi.org/10.1017/s002210902300128x,paywalled,未找到开放获取副本
journal-of-financial-and-quantitative-analysis,2023,Double Machine Learning: Explaining the Post-Earnings Announcement Drift,https://doi.org/10.1017/s0022109023000133,https://doi.org/10.1017/s0022109023000133,paywalled,未找到开放获取副本
journal-of-financial-and-quantitative-analysis,2023,Trader Competition in Fragmented Markets: Liquidity Supply Versus Picking-Off Risk,https://doi.org/10.1017/s0022109022001521,https://doi.org/10.1017/s0022109022001521,paywalled,未找到开放获取副本
journal-of-financial-and-quantitative-analysis,2023,Fast Filtering with Large Option Panels: Implications for Asset Pricing,https://doi.org/10.1017/s0022109023000753,https://doi.org/10.1017/s0022109023000753,paywalled,未找到开放获取副本
journal-of-financial-and-quantitative-analysis,2023,One Vol to Rule Them All: Common Volatility Dynamics in Factor Returns,https://doi.org/10.1017/s0022109023000443,https://doi.org/10.1017/s0022109023000443,paywalled,未找到开放获取副本
journal-of-financial-and-quantitative-analysis,2023,"Business Cycles, Regime Shifts, and Return Predictability",https://doi.org/10.1017/s0022109023000261,https://doi.org/10.1017/s0022109023000261,paywalled,未找到开放获取副本
journal-of-financial-and-quantitative-analysis,2023,"Credit Default Swaps, Fire-Sale Risk, and the Liquidity Provision in the Bond Market",https://doi.org/10.1017/s0022109023000844,http://dx.doi.org/10.1017/s0022109023000844,paywalled,未找到开放获取副本
journal-of-financial-and-quantitative-analysis,2023,The Real Effects of Financing and Trading Frictions,https://doi.org/10.1017/s0022109023001217,https://doi.org/10.1017/s0022109023001217,paywalled,未找到开放获取副本
journal-of-financial-and-quantitative-analysis,2023,"Currency Carry, Momentum, and Global Interest Rate Volatility",https://doi.org/10.1017/s0022109023001485,https://doi.org/10.1017/s0022109023001485,paywalled,未找到开放获取副本
journal-of-financial-and-quantitative-analysis,2023,The Only Constant Is Change: Nonconstant Volatility and Implied Volatility Spreads,https://doi.org/10.1017/s0022109023000182,http://dx.doi.org/10.1017/s0022109023000182,paywalled,未找到开放获取副本
journal-of-financial-and-quantitative-analysis,2023,Borrowing Stigma and Lender of Last Resort Policies,https://doi.org/10.1017/s0022109023001187,https://doi.org/10.1017/s0022109023001187,paywalled,未找到开放获取副本
journal-of-financial-and-quantitative-analysis,2023,Derivatives and Market (Il)liquidity,https://doi.org/10.1017/s0022109023000224,https://doi.org/10.1017/s0022109023000224,paywalled,non-pdf-content
journal-of-financial-and-quantitative-analysis,2023,Overcoming Arbitrage Limits: Option Trading and Momentum Returns,https://doi.org/10.1017/s002210902300114x,https://doi.org/10.1017/s002210902300114x,paywalled,未找到开放获取副本
journal-of-financial-and-quantitative-analysis,2023,Anomaly Discovery and Arbitrage Trading,https://doi.org/10.1017/s0022109023000145,https://doi.org/10.1017/s0022109023000145,paywalled,non-pdf-content
journal-of-financial-and-quantitative-analysis,2023,The Sensitivity of Cash Saving to the Cost of Capital,https://doi.org/10.1017/s0022109026102877,https://doi.org/10.1017/s0022109026102877,failed,HTTP 403
journal-of-financial-and-quantitative-analysis,2023,When Is the Price of Analysts’ Disagreement Risk Positive?,https://doi.org/10.1017/s0022109026102956,https://doi.org/10.1017/s0022109026102956,failed,HTTP 403
journal-of-financial-and-quantitative-analysis,2022,"ESG Preference, Institutional Trading, and Stock Return Patterns",https://doi.org/10.1017/s0022109022000916,https://doi.org/10.1017/s0022109022000916,paywalled,non-pdf-content
journal-of-financial-and-quantitative-analysis,2022,"Retail Attention, Institutional Attention",https://doi.org/10.1017/s0022109022000734,https://doi.org/10.1017/s0022109022000734,paywalled,未找到开放获取副本
journal-of-financial-and-quantitative-analysis,2022,Do Natural Disaster Experiences Limit Stock Market Participation?,https://doi.org/10.1017/s0022109022000680,https://doi.org/10.1017/s0022109022000680,paywalled,未找到开放获取副本
journal-of-financial-and-quantitative-analysis,2022,Machine Learning and the Stock Market,https://doi.org/10.1017/s0022109022001120,https://doi.org/10.1017/s0022109022001120,paywalled,未找到开放获取副本
journal-of-financial-and-quantitative-analysis,2022,Taxing the Disposition Effect: The Impact of Tax Awareness on Investor Behavior,https://doi.org/10.1017/s0022109022000564,https://doi.org/10.1017/s0022109022000564,failed,HTTP 403
journal-of-financial-and-quantitative-analysis,2022,When Bigger is Better: The Impact of a Tiny Tick Size on Undercutting Behavior,https://doi.org/10.1017/s0022109022001077,https://doi.org/10.1017/s0022109022001077,paywalled,未找到开放获取副本
journal-of-financial-and-quantitative-analysis,2022,Selection Bias in Mutual Fund Fire Sales,https://doi.org/10.1017/s0022109022001223,https://doi.org/10.1017/s0022109022001223,paywalled,未找到开放获取副本
journal-of-financial-and-quantitative-analysis,2022,Investor Behavior at the 52-Week High,https://doi.org/10.1017/s002210902200148x,https://doi.org/10.1017/s002210902200148x,paywalled,未找到开放获取副本
journal-of-financial-and-quantitative-analysis,2022,FIEs and the Transmission of Global Financial Uncertainty: Evidence from China,https://doi.org/10.1017/s0022109022000163,https://doi.org/10.1017/s0022109022000163,paywalled,未找到开放获取副本
journal-of-financial-and-quantitative-analysis,2022,Market Return Around the Clock: A Puzzle,https://doi.org/10.1017/s0022109022000783,https://doi.org/10.1017/s0022109022000783,paywalled,未找到开放获取副本
journal-of-financial-and-quantitative-analysis,2022,Political Uncertainty and Firm Investment: Project-Level Evidence from M&amp;A Activity,https://doi.org/10.1017/s0022109022000904,https://doi.org/10.1017/s0022109022000904,paywalled,未找到开放获取副本
journal-of-financial-and-quantitative-analysis,2022,International Yield Comovements,https://doi.org/10.1017/s0022109022000515,https://doi.org/10.1017/s0022109022000515,paywalled,未找到开放获取副本
journal-of-financial-and-quantitative-analysis,2022,"Delegated Monitoring, Institutional Ownership, and Corporate Misconduct Spillovers",https://doi.org/10.1017/s0022109022000886,https://doi.org/10.1017/s0022109022000886,paywalled,未找到开放获取副本
journal-of-financial-and-quantitative-analysis,2022,Recovery with Applications to Forecasting Equity Disaster Probability and Testing the Spanning Hypothesis in the Treasury Market,https://doi.org/10.1017/s0022109022000758,https://doi.org/10.1017/s0022109022000758,paywalled,未找到开放获取副本
journal-of-financial-and-quantitative-analysis,2022,Investor Heterogeneity and Liquidity,https://doi.org/10.1017/s0022109022000217,https://doi.org/10.1017/s0022109022000217,paywalled,未找到开放获取副本
journal-of-financial-and-quantitative-analysis,2022,Financial Costs of Judicial Inexperience: Evidence From Corporate Bankruptcies,https://doi.org/10.1017/s002210902200062x,https://doi.org/10.1017/s002210902200062x,failed,"网络错误 [Errno 8] nodename nor servname provided, or not known"
journal-of-financial-and-quantitative-analysis,2022,Fragmentation and Strategic Market-Making,https://doi.org/10.1017/s0022109022000394,https://doi.org/10.1017/s0022109022000394,paywalled,non-pdf-content
journal-of-financial-and-quantitative-analysis,2022,Mining the Short Side: Institutional Investors and Stock Market Anomalies,https://doi.org/10.1017/s0022109022000527,https://doi.org/10.1017/s0022109022000527,paywalled,未找到开放获取副本
journal-of-financial-and-quantitative-analysis,2022,"Private Funds for Ordinary People: Fees, Flows, and Performance",https://doi.org/10.1017/s0022109022000242,https://doi.org/10.1017/s0022109022000242,paywalled,non-pdf-content
journal-of-financial-and-quantitative-analysis,2022,"Collateral Constraints, Financial Constraints, and Risk Management: Evidence From Anti-Recharacterization Laws",https://doi.org/10.1017/s0022109022000254,https://doi.org/10.1017/s0022109022000254,paywalled,未找到开放获取副本
journal-of-financial-and-quantitative-analysis,2022,Uncovering Sparsity and Heterogeneity in Firm-Level Return Predictability Using Machine Learning,https://doi.org/10.1017/s0022109022001028,https://doi.org/10.1017/s0022109022001028,paywalled,未找到开放获取副本
journal-of-financial-and-quantitative-analysis,2022,"Skin in the Game: Operating Growth, Firm Performance, and Future Stock Returns",https://doi.org/10.1017/s0022109022000576,https://doi.org/10.1017/s0022109022000576,paywalled,未找到开放获取副本
journal-of-financial-and-quantitative-analysis,2022,Hedging Commodity Price Risk,https://doi.org/10.1017/s0022109022001478,https://doi.org/10.1017/s0022109022001478,paywalled,未找到开放获取副本
journal-of-financial-and-quantitative-analysis,2022,Regulating Commission-Based Financial Advice: Evidence from a Natural Experiment,https://doi.org/10.1017/s0022109022000898,https://doi.org/10.1017/s0022109022000898,paywalled,未找到开放获取副本
journal-of-financial-and-quantitative-analysis,2022,Bank Lines of Credit as a Source of Long-Term Finance,https://doi.org/10.1017/s002210902200117x,https://doi.org/10.1017/s002210902200117x,failed,HTTP 405
journal-of-financial-and-quantitative-analysis,2022,Discounting Restricted Securities,https://doi.org/10.1017/s0022109022000862,https://doi.org/10.1017/s0022109022000862,paywalled,未找到开放获取副本
journal-of-financial-and-quantitative-analysis,2022,Identifying the Effects of Macroeconomic Attention Through Foreign Investor Distraction,https://doi.org/10.1017/s0022109022001430,https://doi.org/10.1017/s0022109022001430,paywalled,未找到开放获取副本
journal-of-financial-and-quantitative-analysis,2022,Equity Trading Activity and Treasury Bond Risk Premia,https://doi.org/10.1017/s0022109022000497,https://doi.org/10.1017/s0022109022000497,paywalled,未找到开放获取副本
journal-of-financial-and-quantitative-analysis,2022,Out of Sync: Dispersed Short Selling and the Correction of Mispricing,https://doi.org/10.1017/s0022109022001089,https://doi.org/10.1017/s0022109022001089,paywalled,non-pdf-content
journal-of-financial-and-quantitative-analysis,2022,Betting Against the Crowd: Option Trading and Market Risk Premium,https://doi.org/10.1017/s0022109026102889,https://doi.org/10.1017/s0022109026102889,failed,HTTP 403
journal-of-financial-and-quantitative-analysis,2022,Business Cycle Variation in Short Selling Strategies: Picking During Expansions and Timing During Recessions,https://doi.org/10.1017/s0022109022000540,https://doi.org/10.1017/s0022109022000540,failed,HTTP 403
journal-of-financial-and-quantitative-analysis,2021,Investor Attention and Stock Returns,https://doi.org/10.1017/s0022109021000090,https://doi.org/10.1017/s0022109021000090,paywalled,未找到开放获取副本
journal-of-financial-and-quantitative-analysis,2021,Flattening the Illiquidity Curve: Retail Trading During the COVID-19 Lockdown,https://doi.org/10.1017/s0022109021000387,https://doi.org/10.1017/s0022109021000387,paywalled,未找到开放获取副本
journal-of-financial-and-quantitative-analysis,2021,Benchmark Discrepancies and Mutual Fund Performance Evaluation,https://doi.org/10.1017/s0022109021000119,https://doi.org/10.1017/s0022109021000119,paywalled,未找到开放获取副本
journal-of-financial-and-quantitative-analysis,2021,Corporate R&amp;D and Stock Returns: International Evidence,https://doi.org/10.1017/s002210902100020x,https://doi.org/10.1017/s002210902100020x,paywalled,non-pdf-content
journal-of-financial-and-quantitative-analysis,2021,The COVID-19 Crisis and the Allocation of Capital,https://doi.org/10.1017/s0022109021000557,https://doi.org/10.1017/s0022109021000557,paywalled,未找到开放获取副本
journal-of-financial-and-quantitative-analysis,2021,Crowding and Tail Risk in Momentum Returns,https://doi.org/10.1017/s0022109021000624,https://doi.org/10.1017/s0022109021000624,paywalled,non-pdf-content
journal-of-financial-and-quantitative-analysis,2021,Maturity Driven Mispricing of Options,https://doi.org/10.1017/s002210902100003x,https://doi.org/10.1017/s002210902100003x,paywalled,non-pdf-content
journal-of-financial-and-quantitative-analysis,2021,"Underwriter Reputation, Issuer–Underwriter Matching, and SEO Performance",https://doi.org/10.1017/s002210902100065x,https://doi.org/10.1017/s002210902100065x,paywalled,non-pdf-content
journal-of-financial-and-quantitative-analysis,2021,Naïve Style-Level Feedback Trading in Passive Funds,https://doi.org/10.1017/s0022109021000247,https://doi.org/10.1017/s0022109021000247,paywalled,未找到开放获取副本
journal-of-financial-and-quantitative-analysis,2021,Short-Selling Equity Exchange Traded Funds and Its Effect on Stock Market Liquidity,https://doi.org/10.1017/s0022109021000181,https://doi.org/10.1017/s0022109021000181,paywalled,non-pdf-content
journal-of-financial-and-quantitative-analysis,2021,Active Technological Similarity and Mutual Fund Performance,https://doi.org/10.1017/s0022109021000685,https://doi.org/10.1017/s0022109021000685,paywalled,non-pdf-content
journal-of-financial-and-quantitative-analysis,2021,Better Kept in the Dark? Portfolio Disclosure and Agency Problems in Mutual Funds,https://doi.org/10.1017/s0022109021000041,https://doi.org/10.1017/s0022109021000041,paywalled,未找到开放获取副本
journal-of-financial-and-quantitative-analysis,2021,An American Call <i>Is</i> Worth More Than a European Call: The Value of American Exercise When the Market Is Not Perfectly Liquid,https://doi.org/10.1017/s0022109021000272,https://doi.org/10.1017/s0022109021000272,paywalled,未找到开放获取副本
journal-of-financial-and-quantitative-analysis,2021,The Role of the Discount Rate in Investment and Employment Decisions,https://doi.org/10.1017/s0022109021000715,https://doi.org/10.1017/s0022109021000715,failed,"网络错误 [Errno 8] nodename nor servname provided, or not known"
journal-of-financial-and-quantitative-analysis,2021,"Institutional Investors, Households, and the Time-Variation in Expected Stock Returns",https://doi.org/10.1017/s0022109021000727,https://doi.org/10.1017/s0022109021000727,paywalled,未找到开放获取副本
journal-of-financial-and-quantitative-analysis,2020,Climate Change News Risk and Corporate Bond Returns,https://doi.org/10.1017/s0022109020000757,https://doi.org/10.1017/s0022109020000757,paywalled,non-pdf-content
journal-of-financial-and-quantitative-analysis,2020,FinTechs and the Market for Financial Analysis,https://doi.org/10.1017/s0022109020000721,https://doi.org/10.1017/s0022109020000721,paywalled,未找到开放获取副本
journal-of-financial-and-quantitative-analysis,2020,The Effects of Cultural Values on Bank Failures around the World,https://doi.org/10.1017/s0022109020000150,https://doi.org/10.1017/s0022109020000150,paywalled,未找到开放获取副本
journal-of-financial-and-quantitative-analysis,2020,The Macroeconomic Uncertainty Premium in the Corporate Bond Market,https://doi.org/10.1017/s0022109020000538,https://doi.org/10.1017/s0022109020000538,paywalled,未找到开放获取副本
journal-of-financial-and-quantitative-analysis,2020,Algorithmic Trading and Market Quality: International Evidence,https://doi.org/10.1017/s0022109020000782,https://doi.org/10.1017/s0022109020000782,paywalled,non-pdf-content
journal-of-financial-and-quantitative-analysis,2020,Searching for Gambles: Gambling Sentiment and Stock Market Outcomes,https://doi.org/10.1017/s0022109020000496,https://doi.org/10.1017/s0022109020000496,failed,HTTP 202
journal-of-financial-and-quantitative-analysis,2020,Dynamic Liquidity Management by Corporate Bond Mutual Funds,https://doi.org/10.1017/s0022109020000460,https://doi.org/10.1017/s0022109020000460,paywalled,未找到开放获取副本
journal-of-financial-and-quantitative-analysis,2020,Emerging Markets Are Catching Up: Economic or Financial Integration?,https://doi.org/10.1017/s0022109019000681,https://doi.org/10.1017/s0022109019000681,paywalled,未找到开放获取副本
journal-of-financial-and-quantitative-analysis,2020,"A Global Macroeconomic Risk Model for Value, Momentum, and Other Asset Classes",https://doi.org/10.1017/s0022109020000824,https://doi.org/10.1017/s0022109020000824,paywalled,non-pdf-content
journal-of-financial-and-quantitative-analysis,2020,"Risk-Neutral Skewness, Informed Trading, and the Cross Section of Stock Returns",https://doi.org/10.1017/s0022109020000551,https://doi.org/10.1017/s0022109020000551,failed,HTTP 202
journal-of-financial-and-quantitative-analysis,2020,Informed Trading in the Stock Market and Option-Price Discovery,https://doi.org/10.1017/s0022109020000629,https://doi.org/10.1017/s0022109020000629,paywalled,non-pdf-content
journal-of-financial-and-quantitative-analysis,2020,Option-Based Estimation of the Price of Coskewness and Cokurtosis Risk,https://doi.org/10.1017/s002210902000023x,https://doi.org/10.1017/s002210902000023x,failed,HTTP 403
journal-of-financial-and-quantitative-analysis,2020,Dynamics of Arbitrage,https://doi.org/10.1017/s0022109020000204,https://doi.org/10.1017/s0022109020000204,paywalled,未找到开放获取副本
journal-of-financial-and-quantitative-analysis,2020,Inferring Stock Duration Around FOMC Surprises: Estimates and Implications,https://doi.org/10.1017/s0022109020000940,https://doi.org/10.1017/s0022109020000940,paywalled,未找到开放获取副本
journal-of-financial-and-quantitative-analysis,2020,Does Securitization Weaken Screening Incentives?,https://doi.org/10.1017/s0022109020000873,https://doi.org/10.1017/s0022109020000873,paywalled,未找到开放获取副本
journal-of-financial-and-quantitative-analysis,2020,Investing in Low-Trust Countries: On the Role of Social Trust in the Global Mutual Fund Industry,https://doi.org/10.1017/s0022109020000848,https://doi.org/10.1017/s0022109020000848,failed,HTTP 403
journal-of-financial-and-quantitative-analysis,2020,Economic Policy Uncertainty and Self-Control: Evidence from Unhealthy Choices,https://doi.org/10.1017/s0022109020000265,https://doi.org/10.1017/s0022109020000265,paywalled,未找到开放获取副本
journal-of-financial-and-quantitative-analysis,2020,Liquidity Regulation and Financial Intermediaries,https://doi.org/10.1017/s0022109020000654,https://doi.org/10.1017/s0022109020000654,paywalled,non-pdf-content
journal-of-financial-and-quantitative-analysis,2020,"Government Employment Guarantee, Labor Supply, and Firms’ Reaction: Evidence from the Largest Public Workfare Program in the World",https://doi.org/10.1017/s0022109020000186,https://doi.org/10.1017/s0022109020000186,paywalled,未找到开放获取副本
journal-of-financial-and-quantitative-analysis,2020,Where Does the Predictability from Sorting on Returns of Economically Linked Firms Come From?,https://doi.org/10.1017/s0022109020000885,https://doi.org/10.1017/s0022109020000885,failed,HTTP 403
journal-of-financial-and-quantitative-analysis,2020,Publicizing Arbitrage,https://doi.org/10.1017/s0022109020000101,https://doi.org/10.1017/s0022109020000101,paywalled,non-pdf-content
journal-of-financial-and-quantitative-analysis,2020,Quoting Activity and the Cost of Capital,https://doi.org/10.1017/s002210902000071x,https://doi.org/10.1017/s002210902000071x,paywalled,未找到开放获取副本
journal-of-financial-and-quantitative-analysis,2020,Overconfident Institutions and Their Self-Attribution Bias: Evidence from Earnings Announcements,https://doi.org/10.1017/s002210902000037x,https://doi.org/10.1017/s002210902000037x,paywalled,non-pdf-content
journal-of-financial-and-quantitative-analysis,2020,Does Financial Market Structure Affect the Cost of Raising Capital?,https://doi.org/10.1017/s0022109020000381,https://doi.org/10.1017/s0022109020000381,paywalled,non-pdf-content
journal-of-financial-and-quantitative-analysis,2020,Funding Liquidity Risk and the Dynamics of Hedge Fund Lockups,https://doi.org/10.1017/s0022109020000393,https://doi.org/10.1017/s0022109020000393,paywalled,未找到开放获取副本
journal-of-financial-and-quantitative-analysis,2020,Does Corporate Investment Respond to the Time-Varying Cost of Capital? Empirical Evidence,https://doi.org/10.1017/s0022109020000939,https://doi.org/10.1017/s0022109020000939,paywalled,未找到开放获取副本
journal-of-financial-and-quantitative-analysis,2020,Asset Variance Risk Premium and Capital Structure,https://doi.org/10.1017/s0022109020000228,https://doi.org/10.1017/s0022109020000228,paywalled,未找到开放获取副本
journal-of-financial-and-quantitative-analysis,2020,"Portfolio Choice: Familiarity, Hedging, and Industry Bias",https://doi.org/10.1017/s0022109020000708,https://doi.org/10.1017/s0022109020000708,paywalled,未找到开放获取副本
journal-of-financial-and-quantitative-analysis,2020,When Are Stocks Less Volatile in the Long Run?,https://doi.org/10.1017/s002210902000054x,https://doi.org/10.1017/s002210902000054x,paywalled,non-pdf-content
journal-of-financial-and-quantitative-analysis,2020,Dynamic Compensation Under Uncertainty Shocks and Limited Commitment,https://doi.org/10.1017/s0022109020000642,https://doi.org/10.1017/s0022109020000642,paywalled,未找到开放获取副本
journal-of-financial-and-quantitative-analysis,2020,A Liberalization Spillover: From Equities to Loans,https://doi.org/10.1017/s0022109022001466,https://doi.org/10.1017/s0022109022001466,paywalled,non-pdf-content
journal-of-financial-econometrics,2026,Optimal Bandwidth Selection for Forecasting under Parameter Instability,https://doi.org/10.1093/jjfinec/nbag001,https://doi.org/10.1093/jjfinec/nbag001,paywalled,未找到开放获取副本
journal-of-financial-econometrics,2026,Learning the Shrinkage Intensity: A Data-Driven Approach for Risk-Optimized Portfolios,https://doi.org/10.1093/jjfinec/nbag002,https://doi.org/10.1093/jjfinec/nbag002,failed,HTTP 403
journal-of-financial-econometrics,2026,Nonlinear Fore(Back)Casting and Innovation Filtering for Causal–Noncausal VAR Models,https://doi.org/10.1093/jjfinec/nbag005,https://doi.org/10.1093/jjfinec/nbag005,paywalled,未找到开放获取副本
journal-of-financial-econometrics,2026,Efficiently Weighted Estimation of Tail and Interquantile Expectations,https://doi.org/10.1093/jjfinec/nbag003,https://doi.org/10.1093/jjfinec/nbag003,failed,HTTP 403
journal-of-financial-econometrics,2026,"A Non-Gaussian, Structure-Preserving Stochastic Volatility and Option Pricing Model in Discrete Time",https://doi.org/10.1093/jjfinec/nbag004,https://doi.org/10.1093/jjfinec/nbag004,failed,HTTP 403
journal-of-financial-econometrics,2026,Hedge Fund Investment: Optimal Portfolios with Regime-Switching,https://doi.org/10.1093/jjfinec/nbag009,https://doi.org/10.1093/jjfinec/nbag009,paywalled,未找到开放获取副本
journal-of-financial-econometrics,2026,Fast Bayesian Calibration of Option Pricing Models Based on Sequential Monte Carlo Methods and Deep Learning,https://doi.org/10.1093/jjfinec/nbag011,https://doi.org/10.1093/jjfinec/nbag011,paywalled,未找到开放获取副本
journal-of-financial-econometrics,2026,Enforcing an Admissible Parameter Space for Vector Multiplicative Error Models: The Fundamental Role of Matrix Inequality Constraints,https://doi.org/10.1093/jjfinec/nbag008,https://doi.org/10.1093/jjfinec/nbag008,failed,HTTP 403
journal-of-financial-econometrics,2025,Jump Risk Implicit in Options Market,https://doi.org/10.1093/jjfinec/nbaf002,https://doi.org/10.1093/jjfinec/nbaf002,paywalled,未找到开放获取副本
journal-of-financial-econometrics,2025,Heterogeneity in Household Inflation Expectations and Monetary Policy,https://doi.org/10.1093/jjfinec/nbae034,https://doi.org/10.1093/jjfinec/nbae034,paywalled,未找到开放获取副本
journal-of-financial-econometrics,2025,Domain Stabilization for Model-Free Option Implied Moment Estimation,https://doi.org/10.1093/jjfinec/nbae037,https://doi.org/10.1093/jjfinec/nbae037,paywalled,未找到开放获取副本
journal-of-financial-econometrics,2025,Macroeconomic Drivers of Inflation Expectations and Inflation Risk Premia,https://doi.org/10.1093/jjfinec/nbae032,https://doi.org/10.1093/jjfinec/nbae032,paywalled,non-pdf-content
journal-of-financial-econometrics,2025,Structural Volatility Impulse Response Analysis,https://doi.org/10.1093/jjfinec/nbae036,https://doi.org/10.1093/jjfinec/nbae036,failed,HTTP 403
journal-of-financial-econometrics,2025,Time-Varying Risk Aversion and Inflation-Consumption Correlation in an Equilibrium Term Structure Model,https://doi.org/10.1093/jjfinec/nbae038,https://doi.org/10.1093/jjfinec/nbae038,paywalled,未找到开放获取副本
journal-of-financial-econometrics,2025,Accounting for Changes in Long-Term Interest Rates: Evidence from Canada,https://doi.org/10.1093/jjfinec/nbaf006,https://doi.org/10.1093/jjfinec/nbaf006,paywalled,未找到开放获取副本
journal-of-financial-econometrics,2025,Loss-Based Bayesian Sequential Prediction of Value-at-Risk with a Long-Memory and Non-Linear Realized Volatility Model,https://doi.org/10.1093/jjfinec/nbaf017,https://doi.org/10.1093/jjfinec/nbaf017,paywalled,未找到开放获取副本
journal-of-financial-econometrics,2025,A Unified Predictability Test Using Weighted Inference and Random Weighted Bootstrap,https://doi.org/10.1093/jjfinec/nbaf003,https://doi.org/10.1093/jjfinec/nbaf003,paywalled,未找到开放获取副本
journal-of-financial-econometrics,2025,Gaussian Inference in Predictive Regressions for Stock Returns,https://doi.org/10.1093/jjfinec/nbaf004,https://doi.org/10.1093/jjfinec/nbaf004,paywalled,未找到开放获取副本
journal-of-financial-econometrics,2025,How Optimal was U.S. Monetary Policy at the Zero Lower Bound?,https://doi.org/10.1093/jjfinec/nbaf001,https://doi.org/10.1093/jjfinec/nbaf001,paywalled,未找到开放获取副本
journal-of-financial-econometrics,2025,Adaptive Risk Preferences: Unraveling the Impact of Monetary Policy on Output,https://doi.org/10.1093/jjfinec/nbaf009,https://doi.org/10.1093/jjfinec/nbaf009,failed,HTTP 403
journal-of-financial-econometrics,2025,Empirical Evaluation of Competing High-Frequency Estimators of Quadratic Variation,https://doi.org/10.1093/jjfinec/nbaf007,https://doi.org/10.1093/jjfinec/nbaf007,failed,HTTP 403
journal-of-financial-econometrics,2025,A spatial analysis of contagion in sovereign credit default swaps,https://doi.org/10.1093/jjfinec/nbaf011,https://doi.org/10.1093/jjfinec/nbaf011,paywalled,未找到开放获取副本
journal-of-financial-econometrics,2025,Modeling and Forecasting Serially Dependent Yield Curves,https://doi.org/10.1093/jjfinec/nbaf012,https://doi.org/10.1093/jjfinec/nbaf012,paywalled,未找到开放获取副本
journal-of-financial-econometrics,2025,A Modified ADMM Approach for the Sparse Large-Dimensional Vector Estimation with Application to Portfolio Management,https://doi.org/10.1093/jjfinec/nbaf014,https://doi.org/10.1093/jjfinec/nbaf014,paywalled,未找到开放获取副本
journal-of-financial-econometrics,2025,One Asset Does Not Fit All: Inflation Hedging by Index and Horizon,https://doi.org/10.1093/jjfinec/nbaf008,https://doi.org/10.1093/jjfinec/nbaf008,paywalled,未找到开放获取副本
journal-of-financial-econometrics,2025,Finding Inflation Uncertainty Factors: A Sparse Stochastic Volatility Approach,https://doi.org/10.1093/jjfinec/nbaf016,https://doi.org/10.1093/jjfinec/nbaf016,paywalled,未找到开放获取副本
journal-of-financial-econometrics,2025,Extreme Conditional Expectile Estimation for Heavy-Tailed ARMA-GARCH Models,https://doi.org/10.1093/jjfinec/nbaf015,https://doi.org/10.1093/jjfinec/nbaf015,paywalled,未找到开放获取副本
journal-of-financial-econometrics,2025,Efficient Pricing and Model Calibration With Large Panels of Options,https://doi.org/10.1093/jjfinec/nbaf019,https://doi.org/10.1093/jjfinec/nbaf019,paywalled,未找到开放获取副本
journal-of-financial-econometrics,2025,A Stepwise Cauchy Combination Test for Multiple Testing Problems with Financial Applications,https://doi.org/10.1093/jjfinec/nbaf020,https://doi.org/10.1093/jjfinec/nbaf020,failed,HTTP 403
journal-of-financial-econometrics,2025,"(Quantile) Spillover Indexes: Simulation-Based Evidence, Confidence Intervals and a Decomposition",https://doi.org/10.1093/jjfinec/nbaf021,https://doi.org/10.1093/jjfinec/nbaf021,failed,HTTP 403
journal-of-financial-econometrics,2025,Optimal Candlestick-Based Spot Volatility Estimation: New Tricks and Feasible Inference Procedures,https://doi.org/10.1093/jjfinec/nbaf023,https://doi.org/10.1093/jjfinec/nbaf023,failed,HTTP 403
journal-of-financial-econometrics,2024,Graph-Based Methods for Forecasting Realized Covariances,https://doi.org/10.1093/jjfinec/nbae026,https://doi.org/10.1093/jjfinec/nbae026,failed,HTTP 403
journal-of-financial-econometrics,2024,A Sparse Approximate Factor Model for High-Dimensional Covariance Matrix Estimation and Portfolio Selection,https://doi.org/10.1093/jjfinec/nbae017,https://doi.org/10.1093/jjfinec/nbae017,failed,HTTP 403
journal-of-financial-econometrics,2024,An L-Moment Approach for Portfolio Choice under Non-Expected Utility,https://doi.org/10.1093/jjfinec/nbae027,https://doi.org/10.1093/jjfinec/nbae027,failed,HTTP 403
journal-of-financial-econometrics,2024,Large-Dimensional Portfolio Selection with a High-Frequency-Based Dynamic Factor Model,https://doi.org/10.1093/jjfinec/nbae018,https://doi.org/10.1093/jjfinec/nbae018,paywalled,未找到开放获取副本
journal-of-financial-econometrics,2024,Measures of Model Risk for Continuous-Time Finance Models,https://doi.org/10.1093/jjfinec/nbae001,http://dx.doi.org/10.1093/jjfinec/nbae001,failed,HTTP 403
journal-of-financial-econometrics,2024,Bootstrap Inference for Group Factor Models,https://doi.org/10.1093/jjfinec/nbae020,https://doi.org/10.1093/jjfinec/nbae020,failed,HTTP 403
journal-of-financial-econometrics,2024,The Network Factor of Equity Pricing: A Signed Graph Laplacian Approach,https://doi.org/10.1093/jjfinec/nbae010,https://doi.org/10.1093/jjfinec/nbae010,paywalled,未找到开放获取副本
journal-of-financial-econometrics,2024,Empirical Asset Pricing with Many Test Assets,https://doi.org/10.1093/jjfinec/nbae002,https://doi.org/10.1093/jjfinec/nbae002,failed,HTTP 403
journal-of-financial-econometrics,2024,Do Recessions and Bear Markets Occur Concurrently across Countries? A Multinomial Logistic Approach,https://doi.org/10.1093/jjfinec/nbae003,http://dx.doi.org/10.1093/jjfinec/nbae003,failed,HTTP 403
journal-of-financial-econometrics,2024,A Multicountry Model of the Term Structures of Interest Rates with a GVAR,https://doi.org/10.1093/jjfinec/nbae008,https://doi.org/10.1093/jjfinec/nbae008,paywalled,non-pdf-content
journal-of-financial-econometrics,2024,"Jump Clustering, Information Flows, and Stock Price Efficiency",https://doi.org/10.1093/jjfinec/nbae009,https://doi.org/10.1093/jjfinec/nbae009,failed,HTTP 403
journal-of-financial-econometrics,2024,FX Comovements and Their Economic Determinants,https://doi.org/10.1093/jjfinec/nbae031,https://doi.org/10.1093/jjfinec/nbae031,paywalled,未找到开放获取副本
journal-of-financial-econometrics,2024,"Volatility Shocks, Leverage Effects, and Time-Varying Conditional Skewness",https://doi.org/10.1093/jjfinec/nbae013,https://doi.org/10.1093/jjfinec/nbae013,paywalled,未找到开放获取副本
journal-of-financial-econometrics,2024,A Structural Break in the Aggregate Earnings–Returns Relation,https://doi.org/10.1093/jjfinec/nbae015,https://doi.org/10.1093/jjfinec/nbae015,paywalled,未找到开放获取副本
journal-of-financial-econometrics,2024,Statistical Predictions of Trading Strategies in Electronic Markets,https://doi.org/10.1093/jjfinec/nbae025,https://doi.org/10.1093/jjfinec/nbae025,failed,HTTP 403
journal-of-financial-econometrics,2024,Multi-Factor Timing with Deep Learning,https://doi.org/10.1093/jjfinec/nbag006,https://doi.org/10.1093/jjfinec/nbag006,failed,HTTP 403
journal-of-financial-econometrics,2024,Factor IV Estimation in Conditional Moment Models with an Application to Inflation Dynamics,https://doi.org/10.1093/jjfinec/nbae004,http://dx.doi.org/10.1093/jjfinec/nbae004,failed,HTTP 403
journal-of-financial-econometrics,2024,Measuring and Testing Systemic Risk from the Cross-Section of Stock Returns,https://doi.org/10.1093/jjfinec/nbae005,http://dx.doi.org/10.1093/jjfinec/nbae005,failed,HTTP 403
journal-of-financial-econometrics,2024,COAALA: A Novel Approach to Understanding Extreme Stock–Bond Comovement,https://doi.org/10.1093/jjfinec/nbae006,http://dx.doi.org/10.1093/jjfinec/nbae006,failed,HTTP 403
journal-of-financial-econometrics,2024,Large Sample Estimators of the Stochastic Discount Factor,https://doi.org/10.1093/jjfinec/nbae012,https://doi.org/10.1093/jjfinec/nbae012,paywalled,未找到开放获取副本
journal-of-financial-econometrics,2024,Finite Lag Estimation of Non-Markovian Processes,https://doi.org/10.1093/jjfinec/nbae011,http://dx.doi.org/10.1093/jjfinec/nbae011,paywalled,未找到开放获取副本
journal-of-financial-econometrics,2024,Comments on: “Bootstrap Inference for Group Factor Models”,https://doi.org/10.1093/jjfinec/nbae022,https://doi.org/10.1093/jjfinec/nbae022,paywalled,未找到开放获取副本
journal-of-financial-econometrics,2024,Comments on: “Bootstrap Inference for Group Factor Models”,https://doi.org/10.1093/jjfinec/nbae021,https://doi.org/10.1093/jjfinec/nbae021,paywalled,未找到开放获取副本
journal-of-financial-econometrics,2024,The Conditional Autoregressive <i>F</i>-Riesz Model for Realized Covariance Matrices,https://doi.org/10.1093/jjfinec/nbae023,https://doi.org/10.1093/jjfinec/nbae023,failed,HTTP 403
journal-of-financial-econometrics,2024,Empirical Asset Pricing with Score-Driven Conditional Betas,https://doi.org/10.1093/jjfinec/nbae007,http://dx.doi.org/10.1093/jjfinec/nbae007,paywalled,未找到开放获取副本
journal-of-financial-econometrics,2024,SMARTboost Learning for Tabular Data,https://doi.org/10.1093/jjfinec/nbae028,https://doi.org/10.1093/jjfinec/nbae028,failed,HTTP 403
journal-of-financial-econometrics,2024,The U.S. Treasury Term Premia in a Low Interest Rate Regime,https://doi.org/10.1093/jjfinec/nbae030,https://doi.org/10.1093/jjfinec/nbae030,paywalled,未找到开放获取副本
journal-of-financial-econometrics,2024,Bayesian SAR Model with Stochastic Volatility and Multiple Time-Varying Weights,https://doi.org/10.1093/jjfinec/nbae035,https://doi.org/10.1093/jjfinec/nbae035,paywalled,non-pdf-content
journal-of-financial-econometrics,2023,Real-Time Identification and High-Frequency Analysis of Deposits Outflows,https://doi.org/10.1093/jjfinec/nbad012,https://doi.org/10.1093/jjfinec/nbad012,paywalled,未找到开放获取副本
journal-of-financial-econometrics,2023,Volatility Forecasting with Machine Learning and Intraday Commonality,https://doi.org/10.1093/jjfinec/nbad005,https://doi.org/10.1093/jjfinec/nbad005,failed,HTTP 403
journal-of-financial-econometrics,2023,Forecasting Value-at-Risk Using Deep Neural Network Quantile Regression,https://doi.org/10.1093/jjfinec/nbad014,https://doi.org/10.1093/jjfinec/nbad014,failed,HTTP 403
journal-of-financial-econometrics,2023,Testing for Alpha in Linear Factor Pricing Models with a Large Number of Securities,https://doi.org/10.1093/jjfinec/nbad002,https://doi.org/10.1093/jjfinec/nbad002,failed,HTTP 403
journal-of-financial-econometrics,2023,Effect of the U.S.–China Trade War on Stock Markets: A Financial Contagion Perspective,https://doi.org/10.1093/jjfinec/nbad016,https://doi.org/10.1093/jjfinec/nbad016,failed,HTTP 403
journal-of-financial-econometrics,2023,Eigenvalue Tests for the Number of Latent Factors in Short Panels,https://doi.org/10.1093/jjfinec/nbad024,https://doi.org/10.1093/jjfinec/nbad024,failed,HTTP 403
journal-of-financial-econometrics,2023,Modeling Price and Variance Jump Clustering Using the Marked Hawkes Process,https://doi.org/10.1093/jjfinec/nbad007,https://doi.org/10.1093/jjfinec/nbad007,failed,HTTP 403
journal-of-financial-econometrics,2023,SGMM: Stochastic Approximation to Generalized Method of Moments,https://doi.org/10.1093/jjfinec/nbad027,https://doi.org/10.1093/jjfinec/nbad027,paywalled,未找到开放获取副本
journal-of-financial-econometrics,2023,Estimation of an Order Book Dependent Hawkes Process for Large Datasets,https://doi.org/10.1093/jjfinec/nbad021,http://dx.doi.org/10.1093/jjfinec/nbad021,failed,HTTP 403
journal-of-financial-econometrics,2023,When Safe-Haven Asset Is Less than a Safe-Haven Play,https://doi.org/10.1093/jjfinec/nbad009,https://doi.org/10.1093/jjfinec/nbad009,paywalled,未找到开放获取副本
journal-of-financial-econometrics,2023,A Stochastic Price Duration Model for Estimating High-Frequency Volatility,https://doi.org/10.1093/jjfinec/nbad029,https://doi.org/10.1093/jjfinec/nbad029,paywalled,未找到开放获取副本
journal-of-financial-econometrics,2023,Score-Driven Modeling with Jumps: An Application to S&amp;P500 Returns and Options,https://doi.org/10.1093/jjfinec/nbad001,https://doi.org/10.1093/jjfinec/nbad001,failed,HTTP 403
journal-of-financial-econometrics,2023,Dynamic Covariance Matrix Estimation and Portfolio Analysis with High-Frequency Data,https://doi.org/10.1093/jjfinec/nbad003,https://doi.org/10.1093/jjfinec/nbad003,paywalled,未找到开放获取副本
journal-of-financial-econometrics,2023,Disagreement in Market Index Options,https://doi.org/10.1093/jjfinec/nbad017,https://doi.org/10.1093/jjfinec/nbad017,paywalled,non-pdf-content
journal-of-financial-econometrics,2023,Beyond Co-integration: New Tools for Inference on Co-movements,https://doi.org/10.1093/jjfinec/nbad010,https://doi.org/10.1093/jjfinec/nbad010,failed,HTTP 403
journal-of-financial-econometrics,2023,A Tale of Two Tails: A New Unique Information Share Measure Based on Copulas,https://doi.org/10.1093/jjfinec/nbad023,https://doi.org/10.1093/jjfinec/nbad023,paywalled,未找到开放获取副本
journal-of-financial-econometrics,2023,Comment on: Eigenvalue Tests for the Number of Latent Factors in Short Panels,https://doi.org/10.1093/jjfinec/nbad028,https://doi.org/10.1093/jjfinec/nbad028,paywalled,未找到开放获取副本
journal-of-financial-econometrics,2023,A New Test on Asset Return Predictability with Structural Breaks,https://doi.org/10.1093/jjfinec/nbad018,http://dx.doi.org/10.1093/jjfinec/nbad018,paywalled,未找到开放获取副本
journal-of-financial-econometrics,2023,Test for Trading Costs Effect in a Portfolio Selection Problem with Recursive Utility,https://doi.org/10.1093/jjfinec/nbad015,http://dx.doi.org/10.1093/jjfinec/nbad015,paywalled,未找到开放获取副本
journal-of-financial-econometrics,2023,Endogenous Volatility in the Foreign Exchange Market,https://doi.org/10.1093/jjfinec/nbad008,https://doi.org/10.1093/jjfinec/nbad008,paywalled,未找到开放获取副本
journal-of-financial-econometrics,2023,Powers Correlation Analysis of Returns with a Non-stationary Zero-Process,https://doi.org/10.1093/jjfinec/nbad025,https://doi.org/10.1093/jjfinec/nbad025,paywalled,未找到开放获取副本
journal-of-financial-econometrics,2023,Unifying Estimation and Inference for Linear Regression with Stationary and Integrated or Near-Integrated Variables,https://doi.org/10.1093/jjfinec/nbad030,https://doi.org/10.1093/jjfinec/nbad030,paywalled,未找到开放获取副本
journal-of-financial-econometrics,2023,Composite Likelihood for Stochastic Migration Model with Unobserved Factor,https://doi.org/10.1093/jjfinec/nbad031,http://dx.doi.org/10.1093/jjfinec/nbad031,paywalled,未找到开放获取副本
journal-of-financial-econometrics,2023,Factor Overnight GARCH-Itô Models,https://doi.org/10.1093/jjfinec/nbad032,https://doi.org/10.1093/jjfinec/nbad032,paywalled,未找到开放获取副本
journal-of-financial-econometrics,2023,Correction to: Score-driven modeling with jumps: An application to S&amp;P500 returns and options,https://doi.org/10.1093/jjfinec/nbad004,https://doi.org/10.1093/jjfinec/nbad004,failed,HTTP 403
journal-of-financial-econometrics,2023,Correction to: A New Test on Asset Return Predictability with Structural Breaks,https://doi.org/10.1093/jjfinec/nbad019,https://doi.org/10.1093/jjfinec/nbad019,failed,HTTP 403
journal-of-financial-econometrics,2023,Comment on: Eigenvalue Tests for the Number of Latent Factors in Short Panels,https://doi.org/10.1093/jjfinec/nbad026,https://doi.org/10.1093/jjfinec/nbad026,paywalled,未找到开放获取副本
journal-of-financial-econometrics,2022,Ask BERT: How Regulatory Disclosure of Transition and Physical Climate Risks Affects the CDS Term Structure,https://doi.org/10.1093/jjfinec/nbac027,https://doi.org/10.1093/jjfinec/nbac027,failed,HTTP 405
journal-of-financial-econometrics,2022,Arbitrage Pricing Theory for Idiosyncratic Variance Factors,https://doi.org/10.1093/jjfinec/nbac008,https://doi.org/10.1093/jjfinec/nbac008,failed,HTTP 403
journal-of-financial-econometrics,2022,Identification Robust Testing of Risk Premia in Finite Samples,https://doi.org/10.1093/jjfinec/nbac010,https://doi.org/10.1093/jjfinec/nbac010,failed,HTTP 403
journal-of-financial-econometrics,2022,Identifying Risk Factors and Their Premia: A Study on Electricity Prices,https://doi.org/10.1093/jjfinec/nbac019,https://doi.org/10.1093/jjfinec/nbac019,failed,HTTP 403
journal-of-financial-econometrics,2022,Time-Transformed Test for Bubbles under Non-stationary Volatility,https://doi.org/10.1093/jjfinec/nbac004,https://doi.org/10.1093/jjfinec/nbac004,paywalled,未找到开放获取副本
journal-of-financial-econometrics,2022,Estimation and Inference of Quantile Impulse Response Functions by Local Projections: With Applications to VaR Dynamics,https://doi.org/10.1093/jjfinec/nbac026,https://doi.org/10.1093/jjfinec/nbac026,paywalled,未找到开放获取副本
journal-of-financial-econometrics,2022,"Market Maker Inventory, Bid–Ask Spreads, and the Computation of Option Implied Risk Measures",https://doi.org/10.1093/jjfinec/nbac025,https://doi.org/10.1093/jjfinec/nbac025,paywalled,未找到开放获取副本
journal-of-financial-econometrics,2022,"News Arrival, Time-Varying Jump Intensity, and Realized Volatility: Conditional Testing Approach",https://doi.org/10.1093/jjfinec/nbac015,https://doi.org/10.1093/jjfinec/nbac015,paywalled,未找到开放获取副本
journal-of-financial-econometrics,2022,A Joint Model for the Term Structure of Interest Rates and Realized Volatility,https://doi.org/10.1093/jjfinec/nbac001,https://doi.org/10.1093/jjfinec/nbac001,paywalled,未找到开放获取副本
journal-of-financial-econometrics,2022,Modeling and Forecasting Volatilities of Financial Assets with an Asymmetric Zero-Drift GARCH Model,https://doi.org/10.1093/jjfinec/nbac005,https://doi.org/10.1093/jjfinec/nbac005,paywalled,未找到开放获取副本
journal-of-financial-econometrics,2022,Co-Skewness across Return Horizons,https://doi.org/10.1093/jjfinec/nbac013,https://doi.org/10.1093/jjfinec/nbac013,failed,HTTP 403
journal-of-financial-econometrics,2022,A New Test for Multiple Predictive Regression,https://doi.org/10.1093/jjfinec/nbac030,https://doi.org/10.1093/jjfinec/nbac030,paywalled,未找到开放获取副本
journal-of-financial-econometrics,2022,Modeling Realized Covariance Matrices: A Class of Hadamard Exponential Models,https://doi.org/10.1093/jjfinec/nbac007,https://doi.org/10.1093/jjfinec/nbac007,paywalled,non-pdf-content
journal-of-financial-econometrics,2022,Maximum-Likelihood Estimation Using the Zig-Zag Algorithm,https://doi.org/10.1093/jjfinec/nbac006,https://doi.org/10.1093/jjfinec/nbac006,failed,HTTP 403
journal-of-financial-econometrics,2022,Integrating Structural and Reduced-Form Methods in Empirical Finance,https://doi.org/10.1093/jjfinec/nbac036,https://doi.org/10.1093/jjfinec/nbac036,paywalled,未找到开放获取副本
journal-of-financial-econometrics,2022,The Determinants of Volatility Timing Performance,https://doi.org/10.1093/jjfinec/nbac002,https://doi.org/10.1093/jjfinec/nbac002,failed,HTTP 403
journal-of-financial-econometrics,2022,A Consistent and Robust Test for Autocorrelated Jump Occurrences,https://doi.org/10.1093/jjfinec/nbac031,https://doi.org/10.1093/jjfinec/nbac031,failed,HTTP 403
journal-of-financial-econometrics,2022,Dynamic Nonparametric Clustering of Multivariate Panel Data,https://doi.org/10.1093/jjfinec/nbac038,https://doi.org/10.1093/jjfinec/nbac038,failed,HTTP 403
journal-of-financial-econometrics,2022,Arbitrage Pricing with Heterogeneous Spatial Effects and Heteroscedastic Disturbances,https://doi.org/10.1093/jjfinec/nbab032,https://doi.org/10.1093/jjfinec/nbab032,paywalled,未找到开放获取副本
journal-of-financial-econometrics,2022,Time Variation in Cash Flows and Discount Rates,https://doi.org/10.1093/jjfinec/nbac016,https://doi.org/10.1093/jjfinec/nbac016,paywalled,未找到开放获取副本
journal-of-financial-econometrics,2022,Empirical Asset Pricing with Functional Factors,https://doi.org/10.1093/jjfinec/nbac003,https://doi.org/10.1093/jjfinec/nbac003,failed,HTTP 403
journal-of-financial-econometrics,2022,Estimating Unobserved Soft Adjustment in Credit Rating Models: Before and after the Dodd–Frank Act,https://doi.org/10.1093/jjfinec/nbac024,https://doi.org/10.1093/jjfinec/nbac024,paywalled,未找到开放获取副本
journal-of-financial-econometrics,2022,An Enhanced Factor Model for Portfolio Selection in High Dimensions,https://doi.org/10.1093/jjfinec/nbac029,https://doi.org/10.1093/jjfinec/nbac029,paywalled,未找到开放获取副本
journal-of-financial-econometrics,2022,How Does Post-Earnings Announcement Sentiment Affect Firms’ Dynamics? New Evidence from Causal Machine Learning,https://doi.org/10.1093/jjfinec/nbac018,https://doi.org/10.1093/jjfinec/nbac018,paywalled,non-pdf-content
journal-of-financial-econometrics,2022,Testing Hypotheses on the Innovations Distribution in Semi-Parametric Conditional Volatility Models,https://doi.org/10.1093/jjfinec/nbac011,https://doi.org/10.1093/jjfinec/nbac011,paywalled,未找到开放获取副本
journal-of-financial-econometrics,2022,Estimating a Non-parametric Memory Kernel for Mutually Exciting Point Processes,https://doi.org/10.1093/jjfinec/nbac022,https://doi.org/10.1093/jjfinec/nbac022,failed,HTTP 403
journal-of-financial-econometrics,2022,Discussion of Identification Robust Testing of Risk Premia in Finite Samples,https://doi.org/10.1093/jjfinec/nbac014,https://doi.org/10.1093/jjfinec/nbac014,paywalled,未找到开放获取副本
journal-of-financial-econometrics,2022,Rejoinder on: Identification Robust Testing of Risk Premia in Finite Samples,https://doi.org/10.1093/jjfinec/nbac009,https://doi.org/10.1093/jjfinec/nbac009,failed,HTTP 403
journal-of-financial-econometrics,2022,Comment on: Identification Robust Testing of Risk Premia in Finite Samples,https://doi.org/10.1093/jjfinec/nbac012,https://doi.org/10.1093/jjfinec/nbac012,failed,HTTP 403
journal-of-financial-econometrics,2022,Geographic Dependence and Diversification in House Price Returns: The Role of Leverage,https://doi.org/10.1093/jjfinec/nbac037,https://doi.org/10.1093/jjfinec/nbac037,paywalled,non-pdf-content
journal-of-financial-econometrics,2021,Forecasting Loan Default in Europe with Machine Learning,https://doi.org/10.1093/jjfinec/nbab010,https://doi.org/10.1093/jjfinec/nbab010,failed,HTTP 403
journal-of-financial-econometrics,2021,Realized Semi(co)variation: Signs That All Volatilities are Not Created Equal,https://doi.org/10.1093/jjfinec/nbab025,https://doi.org/10.1093/jjfinec/nbab025,paywalled,未找到开放获取副本
journal-of-financial-econometrics,2021,CUSUM-Based Monitoring for Explosive Episodes in Financial Data in the Presence of Time-Varying Volatility,https://doi.org/10.1093/jjfinec/nbab009,https://doi.org/10.1093/jjfinec/nbab009,failed,HTTP 403
journal-of-financial-econometrics,2021,Common Bubble Detection in Large Dimensional Financial Systems,https://doi.org/10.1093/jjfinec/nbab027,https://doi.org/10.1093/jjfinec/nbab027,paywalled,non-pdf-content
journal-of-financial-econometrics,2021,Increasing the information content of realized volatility forecasts,https://doi.org/10.1093/jjfinec/nbab028,https://doi.org/10.1093/jjfinec/nbab028,paywalled,未找到开放获取副本
journal-of-financial-econometrics,2021,Intraday Market Predictability: A Machine Learning Approach,https://doi.org/10.1093/jjfinec/nbab007,https://doi.org/10.1093/jjfinec/nbab007,paywalled,未找到开放获取副本
journal-of-financial-econometrics,2021,Risk Reduction and Efficiency Increase in Large Portfolios: Gross-Exposure Constraints and Shrinkage of the Covariance Matrix,https://doi.org/10.1093/jjfinec/nbab001,https://doi.org/10.1093/jjfinec/nbab001,paywalled,未找到开放获取副本
journal-of-financial-econometrics,2021,Estimating the Speed of Adjustment of Leverage in the Presence of Interactive Effects,https://doi.org/10.1093/jjfinec/nbab002,https://doi.org/10.1093/jjfinec/nbab002,failed,HTTP 403
journal-of-financial-econometrics,2021,Risk Premia and Lévy Jumps: Theory and Evidence,https://doi.org/10.1093/jjfinec/nbab020,https://doi.org/10.1093/jjfinec/nbab020,paywalled,non-pdf-content
journal-of-financial-econometrics,2021,Estimation with Errors in Variables via the Characteristic Function,https://doi.org/10.1093/jjfinec/nbab011,https://doi.org/10.1093/jjfinec/nbab011,paywalled,未找到开放获取副本
journal-of-financial-econometrics,2021,A New Tail-Based Correlation Measure and Its Application in Global Equity Markets,https://doi.org/10.1093/jjfinec/nbab026,https://doi.org/10.1093/jjfinec/nbab026,paywalled,未找到开放获取副本
journal-of-financial-econometrics,2021,Intraday Trades Profile Estimation: An Intensity Approach,https://doi.org/10.1093/jjfinec/nbab014,https://doi.org/10.1093/jjfinec/nbab014,failed,HTTP 403
journal-of-financial-econometrics,2021,Asset Pricing with Endogenous Beliefs-Dependent Risk Aversion,https://doi.org/10.1093/jjfinec/nbab003,https://doi.org/10.1093/jjfinec/nbab003,paywalled,non-pdf-content
journal-of-financial-econometrics,2021,An Application of Damped Diffusion for Modeling Volatility Dynamics,https://doi.org/10.1093/jjfinec/nbab018,https://doi.org/10.1093/jjfinec/nbab018,paywalled,未找到开放获取副本
journal-of-financial-econometrics,2021,Introduction to the 2018 Hal White Memorial Lecture,https://doi.org/10.1093/jjfinec/nbab019,https://doi.org/10.1093/jjfinec/nbab019,paywalled,未找到开放获取副本
journal-of-financial-econometrics,2021,Comment on: Identification Robust Testing of Risk Premia in Finite Samples,https://doi.org/10.1093/jjfinec/nbab024,https://doi.org/10.1093/jjfinec/nbab024,paywalled,未找到开放获取副本
journal-of-financial-econometrics,2021,Correction to: Bayesian Inference of Multivariate Regression Models with Endogenous Markov Regime-Switching Parameters,https://doi.org/10.1093/jjfinec/nbab012,https://doi.org/10.1093/jjfinec/nbab012,failed,HTTP 403
journal-of-financial-econometrics,2020,Regression-Based Expected Shortfall Backtesting,https://doi.org/10.1093/jjfinec/nbaa013,https://doi.org/10.1093/jjfinec/nbaa013,failed,HTTP 403
journal-of-financial-econometrics,2020,News and Idiosyncratic Volatility: The Public Information Processing Hypothesis*,https://doi.org/10.1093/jjfinec/nbaa038,https://doi.org/10.1093/jjfinec/nbaa038,paywalled,未找到开放获取副本
journal-of-financial-econometrics,2020,A Descriptive Study of High-Frequency Trade and Quote Option Data*,https://doi.org/10.1093/jjfinec/nbaa036,https://doi.org/10.1093/jjfinec/nbaa036,paywalled,non-pdf-content
journal-of-financial-econometrics,2020,Oops! I Shrunk the Sample Covariance Matrix Again: Blockbuster Meets Shrinkage,https://doi.org/10.1093/jjfinec/nbaa020,https://doi.org/10.1093/jjfinec/nbaa020,paywalled,未找到开放获取副本
journal-of-financial-econometrics,2020,Bayesian Semi-Parametric Realized Conditional Autoregressive Expectile Models for Tail Risk Forecasting,https://doi.org/10.1093/jjfinec/nbaa002,https://doi.org/10.1093/jjfinec/nbaa002,paywalled,未找到开放获取副本
journal-of-financial-econometrics,2020,Risk Estimation with a Time-Varying Probability of Zero Returns,https://doi.org/10.1093/jjfinec/nbaa014,https://doi.org/10.1093/jjfinec/nbaa014,paywalled,non-pdf-content
journal-of-financial-econometrics,2020,On the Autocorrelation of the Stock Market*,https://doi.org/10.1093/jjfinec/nbaa033,https://doi.org/10.1093/jjfinec/nbaa033,failed,HTTP 403
journal-of-financial-econometrics,2020,Testing for Regime Changes in Portfolios with a Large Number of Assets: A Robust Approach to Factor Heteroskedasticity,https://doi.org/10.1093/jjfinec/nbaa046,https://doi.org/10.1093/jjfinec/nbaa046,paywalled,未找到开放获取副本
journal-of-financial-econometrics,2020,Bayesian Selection of Asset Pricing Factors Using Individual Stocks,https://doi.org/10.1093/jjfinec/nbaa045,https://doi.org/10.1093/jjfinec/nbaa045,paywalled,未找到开放获取副本
journal-of-financial-econometrics,2020,Regulatory Capital and Incentives for Risk Model Choice under Basel 3*,https://doi.org/10.1093/jjfinec/nbaa029,https://doi.org/10.1093/jjfinec/nbaa029,paywalled,未找到开放获取副本
journal-of-financial-econometrics,2020,Implied Default Probabilities and Losses Given Default from Option Prices*,https://doi.org/10.1093/jjfinec/nbaa017,https://doi.org/10.1093/jjfinec/nbaa017,paywalled,未找到开放获取副本
journal-of-financial-econometrics,2020,Realized Variance Modeling: Decoupling Forecasting from Estimation*,https://doi.org/10.1093/jjfinec/nbaa009,https://doi.org/10.1093/jjfinec/nbaa009,failed,网络错误 [Errno 60] Operation timed out
journal-of-financial-econometrics,2020,Local-Linear Estimation of Time-Varying-Parameter GARCH Models and Associated Risk Measures,https://doi.org/10.1093/jjfinec/nbaa026,https://doi.org/10.1093/jjfinec/nbaa026,paywalled,未找到开放获取副本
journal-of-financial-econometrics,2020,Mixed-Frequency Macro–Finance Factor Models: Theory and Applications*,https://doi.org/10.1093/jjfinec/nbaa015,https://doi.org/10.1093/jjfinec/nbaa015,paywalled,未找到开放获取副本
journal-of-financial-econometrics,2020,Bayesian Inference of Multivariate Regression Models with Endogenous Markov Regime-Switching Parameters,https://doi.org/10.1093/jjfinec/nbaa021,https://doi.org/10.1093/jjfinec/nbaa021,paywalled,未找到开放获取副本
journal-of-financial-econometrics,2020,"Modeling Time-Varying Tail Dependence, with Application to Systemic Risk Forecasting",https://doi.org/10.1093/jjfinec/nbaa043,https://doi.org/10.1093/jjfinec/nbaa043,paywalled,未找到开放获取副本
journal-of-financial-econometrics,2020,Multilevel and Tail Risk Management,https://doi.org/10.1093/jjfinec/nbaa044,https://doi.org/10.1093/jjfinec/nbaa044,paywalled,non-pdf-content
journal-of-financial-econometrics,2020,Hedging Long-Term Liabilities,https://doi.org/10.1093/jjfinec/nbaa027,https://doi.org/10.1093/jjfinec/nbaa027,failed,HTTP 403
journal-of-financial-econometrics,2020,From Which Consumption-Based Asset Pricing Models Can Investors Profit? Evidence from Model-Based Priors,https://doi.org/10.1093/jjfinec/nbaa023,https://doi.org/10.1093/jjfinec/nbaa023,paywalled,未找到开放获取副本
journal-of-financial-econometrics,2020,Statistical Inference of Spot Correlation and Spot Market Beta under Infinite Variation Jumps,https://doi.org/10.1093/jjfinec/nbaa028,https://doi.org/10.1093/jjfinec/nbaa028,paywalled,未找到开放获取副本
journal-of-financial-econometrics,2020,Using the Extremal Index for Value-at-Risk Backtesting*,https://doi.org/10.1093/jjfinec/nbaa011,https://doi.org/10.1093/jjfinec/nbaa011,paywalled,non-pdf-content
journal-of-financial-econometrics,2020,Option Prices and the Probability of Success of Cash Mergers,https://doi.org/10.1093/jjfinec/nbaa048,https://doi.org/10.1093/jjfinec/nbaa048,paywalled,未找到开放获取副本
journal-of-financial-econometrics,2020,"Predictive Modeling, Volatility, and Risk Management in Financial Markets: In Memory of Peter F. Christoffersen (Part I)",https://doi.org/10.1093/jjfinec/nbaa024,https://doi.org/10.1093/jjfinec/nbaa024,paywalled,未找到开放获取副本
journal-of-financial-econometrics,2020,Rejoinder on: Pseudo-True SDFs in Conditional Asset Pricing Models*,https://doi.org/10.1093/jjfinec/nbaa019,https://doi.org/10.1093/jjfinec/nbaa019,paywalled,未找到开放获取副本
journal-of-financial-econometrics,2020,Comment on: Pseudo-True SDFs in Conditional Asset Pricing Models,https://doi.org/10.1093/jjfinec/nbaa001,https://doi.org/10.1093/jjfinec/nbaa001,paywalled,未找到开放获取副本
journal-of-financial-econometrics,2020,Testing for Endogeneity of Covid-19 Patient Assignments,https://doi.org/10.1093/jjfinec/nbaa047,https://doi.org/10.1093/jjfinec/nbaa047,failed,HTTP 403
journal-of-financial-econometrics,2020,Comment on: Pseudo-True SDFs in Conditional Asset Pricing Models,https://doi.org/10.1093/jjfinec/nbaa003,https://doi.org/10.1093/jjfinec/nbaa003,failed,HTTP 403
journal-of-financial-econometrics,2020,Dynamics of Equity Factor Returns and Asset Pricing,https://doi.org/10.1093/jjfinec/nbaa031,https://doi.org/10.1093/jjfinec/nbaa031,paywalled,未找到开放获取副本
journal-of-financial-econometrics,2020,Introduction to the 2017 Hal White Memorial Lecture,https://doi.org/10.1093/jjfinec/nbaa040,https://doi.org/10.1093/jjfinec/nbaa040,paywalled,未找到开放获取副本
journal-of-financial-econometrics,2020,"Comment on: Price Discovery in High Resolution, Comment on: Pseudo-True SDFs in Conditional Asset Pricing Models, and Comment on: Pseudo-True SDFs in Conditional Asset Pricing Models.Comparing Fixed-versus Vanishing-Bandwidth Estimators of Pseudo-True SDFs",https://doi.org/10.1093/jjfinec/nbz042,https://doi.org/10.1093/jjfinec/nbz042,failed,HTTP 403
journal-of-financial-econometrics,2020,Editorial Announcement,https://doi.org/10.1093/jjfinec/nbaa035,https://doi.org/10.1093/jjfinec/nbaa035,paywalled,未找到开放获取副本
journal-of-financial-economics,2026,Index rebalancing and stock market composition: Do indexes time the market?,https://doi.org/10.1016/j.jfineco.2025.104229,https://doi.org/10.1016/j.jfineco.2025.104229,paywalled,non-pdf-content
journal-of-financial-economics,2026,Deep surrogates for finance: With an application to option pricing,https://doi.org/10.1016/j.jfineco.2025.104222,https://doi.org/10.1016/j.jfineco.2025.104222,paywalled,未找到开放获取副本
journal-of-financial-economics,2026,Retail option traders and the implied volatility surface,https://doi.org/10.1016/j.jfineco.2026.104238,https://doi.org/10.1016/j.jfineco.2026.104238,paywalled,未找到开放获取副本
journal-of-financial-economics,2026,Dual peer effects and cross-stock predictability,https://doi.org/10.1016/j.jfineco.2026.104274,https://doi.org/10.1016/j.jfineco.2026.104274,paywalled,未找到开放获取副本
journal-of-financial-economics,2026,Hidden alpha,https://doi.org/10.1016/j.jfineco.2025.104225,https://doi.org/10.1016/j.jfineco.2025.104225,paywalled,non-pdf-content
journal-of-financial-economics,2026,Committing to trade: A theory of intermediation,https://doi.org/10.1016/j.jfineco.2026.104249,https://doi.org/10.1016/j.jfineco.2026.104249,paywalled,non-pdf-content
journal-of-financial-economics,2026,Which investors drive anomaly returns and how?,https://doi.org/10.1016/j.jfineco.2026.104257,https://doi.org/10.1016/j.jfineco.2026.104257,paywalled,未找到开放获取副本
journal-of-financial-economics,2026,Liquidity characteristics of market anomalies and institutional trading,https://doi.org/10.1016/j.jfineco.2026.104254,https://doi.org/10.1016/j.jfineco.2026.104254,paywalled,未找到开放获取副本
journal-of-financial-economics,2026,Market feedback: Evidence from the horse’s mouth,https://doi.org/10.1016/j.jfineco.2026.104255,https://doi.org/10.1016/j.jfineco.2026.104255,paywalled,未找到开放获取副本
journal-of-financial-economics,2026,Face-to-face social interactions and local informational advantage,https://doi.org/10.1016/j.jfineco.2026.104280,https://doi.org/10.1016/j.jfineco.2026.104280,paywalled,non-pdf-content
journal-of-financial-economics,2026,Past is prologue: Inference from the cross section of returns around an event,https://doi.org/10.1016/j.jfineco.2026.104278,https://doi.org/10.1016/j.jfineco.2026.104278,paywalled,未找到开放获取副本
journal-of-financial-economics,2026,Operational shorting and ETF liquidity provision,https://doi.org/10.1016/j.jfineco.2026.104241,https://doi.org/10.1016/j.jfineco.2026.104241,paywalled,未找到开放获取副本
journal-of-financial-economics,2026,Bonding with risk: Corporate investment and savings in risky financial assets,https://doi.org/10.1016/j.jfineco.2026.104283,https://doi.org/10.1016/j.jfineco.2026.104283,paywalled,未找到开放获取副本
journal-of-financial-economics,2025,CRISK: Measuring the climate risk exposure of the financial system,https://doi.org/10.1016/j.jfineco.2025.104076,https://doi.org/10.1016/j.jfineco.2025.104076,paywalled,未找到开放获取副本
journal-of-financial-economics,2025,Growing the efficient frontier on panel trees,https://doi.org/10.1016/j.jfineco.2025.104024,https://doi.org/10.1016/j.jfineco.2025.104024,failed,HTTP 403
journal-of-financial-economics,2025,Conditional risk and the pricing kernel,https://doi.org/10.1016/j.jfineco.2025.104106,https://doi.org/10.1016/j.jfineco.2025.104106,paywalled,non-pdf-content
journal-of-financial-economics,2025,Trust as an entry barrier: Evidence from FinTech adoption,https://doi.org/10.1016/j.jfineco.2025.104062,https://doi.org/10.1016/j.jfineco.2025.104062,paywalled,non-pdf-content
journal-of-financial-economics,2025,Policy uncertainty reduces green innovation,https://doi.org/10.1016/j.jfineco.2025.104189,https://doi.org/10.1016/j.jfineco.2025.104189,paywalled,non-pdf-content
journal-of-financial-economics,2025,Why do portfolio choice models predict inelastic demand?,https://doi.org/10.1016/j.jfineco.2025.104096,https://doi.org/10.1016/j.jfineco.2025.104096,paywalled,non-pdf-content
journal-of-financial-economics,2025,The volatility puzzle of the beta anomaly,https://doi.org/10.1016/j.jfineco.2025.103994,https://doi.org/10.1016/j.jfineco.2025.103994,paywalled,未找到开放获取副本
journal-of-financial-economics,2025,Constrained liquidity provision in currency markets,https://doi.org/10.1016/j.jfineco.2025.104028,https://doi.org/10.1016/j.jfineco.2025.104028,paywalled,non-pdf-content
journal-of-financial-economics,2025,The real and financial effects of internal liquidity: Evidence from the Tax Cuts and Jobs Act,https://doi.org/10.1016/j.jfineco.2025.104006,https://doi.org/10.1016/j.jfineco.2025.104006,paywalled,未找到开放获取副本
journal-of-financial-economics,2025,Expected idiosyncratic volatility,https://doi.org/10.1016/j.jfineco.2025.104023,https://doi.org/10.1016/j.jfineco.2025.104023,paywalled,未找到开放获取副本
journal-of-financial-economics,2025,Strategic digitization in currency and payment competition,https://doi.org/10.1016/j.jfineco.2025.104055,https://doi.org/10.1016/j.jfineco.2025.104055,paywalled,non-pdf-content
journal-of-financial-economics,2025,Economic links from bonds and cross-stock return predictability,https://doi.org/10.1016/j.jfineco.2025.104110,https://doi.org/10.1016/j.jfineco.2025.104110,paywalled,未找到开放获取副本
journal-of-financial-economics,2025,Why does options market information predict stock returns?,https://doi.org/10.1016/j.jfineco.2025.104153,https://doi.org/10.1016/j.jfineco.2025.104153,paywalled,non-pdf-content
journal-of-financial-economics,2025,Central bank liquidity reallocation and bank lending: Evidence from the tiering system,https://doi.org/10.1016/j.jfineco.2025.104058,https://doi.org/10.1016/j.jfineco.2025.104058,paywalled,non-pdf-content
journal-of-financial-economics,2025,Fed information effects: Evidence from the equity term structure,https://doi.org/10.1016/j.jfineco.2024.103988,https://doi.org/10.1016/j.jfineco.2024.103988,paywalled,未找到开放获取副本
journal-of-financial-economics,2025,Self-Declared benchmarks and fund manager intent: “Cheating” or competing?,https://doi.org/10.1016/j.jfineco.2024.103975,https://doi.org/10.1016/j.jfineco.2024.103975,paywalled,未找到开放获取副本
journal-of-financial-economics,2025,The impact of prices on analyst cash flow expectations: Reconciling subjective beliefs data with rational discount rate variation,https://doi.org/10.1016/j.jfineco.2025.104095,https://doi.org/10.1016/j.jfineco.2025.104095,paywalled,non-pdf-content
journal-of-financial-economics,2025,Machine learning from a “Universe” of signals: The role of feature engineering,https://doi.org/10.1016/j.jfineco.2025.104138,https://doi.org/10.1016/j.jfineco.2025.104138,paywalled,未找到开放获取副本
journal-of-financial-economics,2025,Optimal illiquidity,https://doi.org/10.1016/j.jfineco.2025.103996,https://doi.org/10.1016/j.jfineco.2025.103996,paywalled,未找到开放获取副本
journal-of-financial-economics,2025,"Asymmetric information, disagreement, and the valuation of debt and equity",https://doi.org/10.1016/j.jfineco.2025.103995,https://doi.org/10.1016/j.jfineco.2025.103995,paywalled,non-pdf-content
journal-of-financial-economics,2025,Global volatility and firm-level capital flows,https://doi.org/10.1016/j.jfineco.2025.104078,https://doi.org/10.1016/j.jfineco.2025.104078,paywalled,non-pdf-content
journal-of-financial-economics,2025,Entrepreneurial spillovers across coworkers,https://doi.org/10.1016/j.jfineco.2025.104077,https://doi.org/10.1016/j.jfineco.2025.104077,paywalled,未找到开放获取副本
journal-of-financial-economics,2025,Equity duration and predictability,https://doi.org/10.1016/j.jfineco.2025.104114,https://doi.org/10.1016/j.jfineco.2025.104114,paywalled,non-pdf-content
journal-of-financial-economics,2025,Inflation and Trading,https://doi.org/10.1016/j.jfineco.2025.104166,https://doi.org/10.1016/j.jfineco.2025.104166,paywalled,non-pdf-content
journal-of-financial-economics,2025,Taking sides on return predictability,https://doi.org/10.1016/j.jfineco.2025.104158,https://doi.org/10.1016/j.jfineco.2025.104158,paywalled,未找到开放获取副本
journal-of-financial-economics,2025,Central Bank–Driven Mispricing,https://doi.org/10.1016/j.jfineco.2025.104004,https://doi.org/10.1016/j.jfineco.2025.104004,paywalled,non-pdf-content
journal-of-financial-economics,2025,Government bond risk and return in the US and China,https://doi.org/10.1016/j.jfineco.2025.104224,https://doi.org/10.1016/j.jfineco.2025.104224,paywalled,未找到开放获取副本
journal-of-financial-economics,2025,"Firm uncertainty and households: Spending, savings, and risks",https://doi.org/10.1016/j.jfineco.2025.104143,https://doi.org/10.1016/j.jfineco.2025.104143,paywalled,non-pdf-content
journal-of-financial-economics,2025,Reaching for yield: Evidence from households,https://doi.org/10.1016/j.jfineco.2025.104057,https://doi.org/10.1016/j.jfineco.2025.104057,paywalled,non-pdf-content
journal-of-financial-economics,2025,Liquidity picking and fund performance,https://doi.org/10.1016/j.jfineco.2025.104085,https://doi.org/10.1016/j.jfineco.2025.104085,paywalled,未找到开放获取副本
journal-of-financial-economics,2025,The benchmark greenium,https://doi.org/10.1016/j.jfineco.2025.104217,https://doi.org/10.1016/j.jfineco.2025.104217,paywalled,未找到开放获取副本
journal-of-financial-economics,2025,Differential access to dark markets and execution outcomes,https://doi.org/10.1016/j.jfineco.2025.104086,https://doi.org/10.1016/j.jfineco.2025.104086,paywalled,non-pdf-content
journal-of-financial-economics,2025,When do short sellers trade? Evidence from intraday data and implications for informed trading models,https://doi.org/10.1016/j.jfineco.2025.104148,https://doi.org/10.1016/j.jfineco.2025.104148,paywalled,未找到开放获取副本
journal-of-financial-economics,2025,Receiving investors in the block market for corporate bonds,https://doi.org/10.1016/j.jfineco.2025.104061,https://doi.org/10.1016/j.jfineco.2025.104061,paywalled,未找到开放获取副本
journal-of-financial-economics,2025,Diversification driven demand for large stock,https://doi.org/10.1016/j.jfineco.2025.104109,https://doi.org/10.1016/j.jfineco.2025.104109,paywalled,non-pdf-content
journal-of-financial-economics,2025,The trade imbalance network and currency returns,https://doi.org/10.1016/j.jfineco.2025.104112,https://doi.org/10.1016/j.jfineco.2025.104112,paywalled,non-pdf-content
journal-of-financial-economics,2025,Stakes and investor behaviors,https://doi.org/10.1016/j.jfineco.2025.104146,https://doi.org/10.1016/j.jfineco.2025.104146,paywalled,未找到开放获取副本
journal-of-financial-economics,2025,Climbing and falling off the ladder: Asset pricing implications of labor market event risk,https://doi.org/10.1016/j.jfineco.2025.104131,https://doi.org/10.1016/j.jfineco.2025.104131,paywalled,未找到开放获取副本
journal-of-financial-economics,2025,Prospect theory in the field: Revealed preferences from mutual fund flows,https://doi.org/10.1016/j.jfineco.2025.104221,https://doi.org/10.1016/j.jfineco.2025.104221,paywalled,non-pdf-content
journal-of-financial-economics,2025,Michael C. Jensen’s empirical work,https://doi.org/10.1016/j.jfineco.2025.104119,https://doi.org/10.1016/j.jfineco.2025.104119,paywalled,未找到开放获取副本
journal-of-financial-economics,2025,Investor learning about monetary-policy transmission and the stock market,https://doi.org/10.1016/j.jfineco.2025.104154,https://doi.org/10.1016/j.jfineco.2025.104154,paywalled,未找到开放获取副本
journal-of-financial-economics,2025,Pricing and constructing international government bond portfolios,https://doi.org/10.1016/j.jfineco.2025.104152,https://doi.org/10.1016/j.jfineco.2025.104152,paywalled,non-pdf-content
journal-of-financial-economics,2025,How valuable is corporate adaptation to crisis? Estimates from Covid-19 work-from-home announcements,https://doi.org/10.1016/j.jfineco.2025.104168,https://doi.org/10.1016/j.jfineco.2025.104168,paywalled,non-pdf-content
journal-of-financial-economics,2025,Implicit extrapolation and the beliefs channel of investment demand,https://doi.org/10.1016/j.jfineco.2025.104172,https://doi.org/10.1016/j.jfineco.2025.104172,paywalled,未找到开放获取副本
journal-of-financial-economics,2025,Institutions’ return expectations across assets and time,https://doi.org/10.1016/j.jfineco.2025.104188,https://doi.org/10.1016/j.jfineco.2025.104188,paywalled,non-pdf-content
journal-of-financial-economics,2025,"Richer earnings dynamics, consumption and portfolio choice over the life cycle",https://doi.org/10.1016/j.jfineco.2025.104206,https://doi.org/10.1016/j.jfineco.2025.104206,paywalled,未找到开放获取副本
journal-of-financial-economics,2025,Do teams alleviate or exacerbate overreaction in beliefs?,https://doi.org/10.1016/j.jfineco.2025.104219,https://doi.org/10.1016/j.jfineco.2025.104219,paywalled,未找到开放获取副本
journal-of-financial-economics,2025,Discount factors and monetary policy: Evidence from dual-listed stocks,https://doi.org/10.1016/j.jfineco.2025.104190,https://doi.org/10.1016/j.jfineco.2025.104190,paywalled,未找到开放获取副本
journal-of-financial-economics,2024,From Man vs. Machine to Man + Machine: The art and AI of stock analyses,https://doi.org/10.1016/j.jfineco.2024.103910,https://doi.org/10.1016/j.jfineco.2024.103910,paywalled,non-pdf-content
journal-of-financial-economics,2024,The social signal,https://doi.org/10.1016/j.jfineco.2024.103870,https://doi.org/10.1016/j.jfineco.2024.103870,paywalled,未找到开放获取副本
journal-of-financial-economics,2024,Sustainability or performance? Ratings and fund managers’ incentives,https://doi.org/10.1016/j.jfineco.2024.103831,https://doi.org/10.1016/j.jfineco.2024.103831,paywalled,non-pdf-content
journal-of-financial-economics,2024,Charting by machines,https://doi.org/10.1016/j.jfineco.2024.103791,https://doi.org/10.1016/j.jfineco.2024.103791,paywalled,未找到开放获取副本
journal-of-financial-economics,2024,"When the markets get CO.V.I.D: COntagion, Viruses, and Information Diffusion",https://doi.org/10.1016/j.jfineco.2024.103850,https://doi.org/10.1016/j.jfineco.2024.103850,paywalled,non-pdf-content
journal-of-financial-economics,2024,The moral preferences of investors: Experimental evidence,https://doi.org/10.1016/j.jfineco.2024.103955,https://doi.org/10.1016/j.jfineco.2024.103955,paywalled,未找到开放获取副本
journal-of-financial-economics,2024,The passive ownership share is double what you think it is,https://doi.org/10.1016/j.jfineco.2024.103860,https://doi.org/10.1016/j.jfineco.2024.103860,paywalled,未找到开放获取副本
journal-of-financial-economics,2024,Fearing the Fed: How wall street reads main street,https://doi.org/10.1016/j.jfineco.2024.103790,https://doi.org/10.1016/j.jfineco.2024.103790,paywalled,未找到开放获取副本
journal-of-financial-economics,2024,Robo advisors and access to wealth management,https://doi.org/10.1016/j.jfineco.2024.103829,https://doi.org/10.1016/j.jfineco.2024.103829,failed,HTTP 403
journal-of-financial-economics,2024,In-sample and out-of-sample Sharpe ratios of multi-factor asset pricing models,https://doi.org/10.1016/j.jfineco.2024.103837,https://doi.org/10.1016/j.jfineco.2024.103837,paywalled,未找到开放获取副本
journal-of-financial-economics,2024,Production complementarity and information transmission across industries,https://doi.org/10.1016/j.jfineco.2024.103812,https://doi.org/10.1016/j.jfineco.2024.103812,paywalled,未找到开放获取副本
journal-of-financial-economics,2024,"Efficient estimation of bid–ask spreads from open, high, low, and close prices",https://doi.org/10.1016/j.jfineco.2024.103916,https://doi.org/10.1016/j.jfineco.2024.103916,paywalled,non-pdf-content
journal-of-financial-economics,2024,"Broken promises, competition, and capital allocation in the mutual fund industry",https://doi.org/10.1016/j.jfineco.2024.103948,https://doi.org/10.1016/j.jfineco.2024.103948,paywalled,non-pdf-content
journal-of-financial-economics,2024,Delayed creative destruction: How uncertainty shapes corporate assets,https://doi.org/10.1016/j.jfineco.2024.103786,https://doi.org/10.1016/j.jfineco.2024.103786,paywalled,未找到开放获取副本
journal-of-financial-economics,2024,Corporate responses to stock price fragility,https://doi.org/10.1016/j.jfineco.2024.103795,https://doi.org/10.1016/j.jfineco.2024.103795,paywalled,未找到开放获取副本
journal-of-financial-economics,2024,Siphoned apart: A portfolio perspective on order flow segmentation,https://doi.org/10.1016/j.jfineco.2024.103807,https://doi.org/10.1016/j.jfineco.2024.103807,paywalled,non-pdf-content
journal-of-financial-economics,2024,Portfolio pumping in mutual fund families,https://doi.org/10.1016/j.jfineco.2024.103839,https://doi.org/10.1016/j.jfineco.2024.103839,paywalled,未找到开放获取副本
journal-of-financial-economics,2024,Information sharing in financial markets,https://doi.org/10.1016/j.jfineco.2024.103967,https://doi.org/10.1016/j.jfineco.2024.103967,paywalled,non-pdf-content
journal-of-financial-economics,2024,"Tiny trades, big questions: Fractional shares",https://doi.org/10.1016/j.jfineco.2024.103836,https://doi.org/10.1016/j.jfineco.2024.103836,paywalled,non-pdf-content
journal-of-financial-economics,2024,Limited attention to detail in financial markets: Evidence from reduced-form and structural estimation,https://doi.org/10.1016/j.jfineco.2024.103811,https://doi.org/10.1016/j.jfineco.2024.103811,paywalled,non-pdf-content
journal-of-financial-economics,2024,Gradual information diffusion across commonly owned firms,https://doi.org/10.1016/j.jfineco.2024.103852,https://doi.org/10.1016/j.jfineco.2024.103852,paywalled,未找到开放获取副本
journal-of-financial-economics,2024,Aspirational utility and investment behavior,https://doi.org/10.1016/j.jfineco.2024.103970,https://doi.org/10.1016/j.jfineco.2024.103970,paywalled,non-pdf-content
journal-of-financial-economics,2024,Is it alpha or beta? Decomposing hedge fund returns when models are misspecified,https://doi.org/10.1016/j.jfineco.2024.103805,https://doi.org/10.1016/j.jfineco.2024.103805,paywalled,non-pdf-content
journal-of-financial-economics,2024,Disclosing and cooling-off: An analysis of insider trading rules,https://doi.org/10.1016/j.jfineco.2024.103913,https://doi.org/10.1016/j.jfineco.2024.103913,paywalled,non-pdf-content
journal-of-financial-economics,2024,Monetary policy and fragility in corporate bond mutual funds,https://doi.org/10.1016/j.jfineco.2024.103931,https://doi.org/10.1016/j.jfineco.2024.103931,paywalled,non-pdf-content
journal-of-financial-economics,2024,When failure is an option: Fragile liquidity in over-the-counter markets,https://doi.org/10.1016/j.jfineco.2024.103859,https://doi.org/10.1016/j.jfineco.2024.103859,paywalled,non-pdf-content
journal-of-financial-economics,2024,Extracting extrapolative beliefs from market prices: An augmented present-value approach,https://doi.org/10.1016/j.jfineco.2024.103986,https://doi.org/10.1016/j.jfineco.2024.103986,paywalled,non-pdf-content
journal-of-financial-economics,2024,"Disagreement, information quality and asset prices",https://doi.org/10.1016/j.jfineco.2023.103774,https://doi.org/10.1016/j.jfineco.2023.103774,paywalled,未找到开放获取副本
journal-of-financial-economics,2024,Importance of transaction costs for asset allocation in foreign exchange markets,https://doi.org/10.1016/j.jfineco.2024.103886,https://doi.org/10.1016/j.jfineco.2024.103886,paywalled,未找到开放获取副本
journal-of-financial-economics,2024,Systemic bank runs without aggregate risk: How a misallocation of liquidity may trigger a solvency crisis,https://doi.org/10.1016/j.jfineco.2024.103929,https://doi.org/10.1016/j.jfineco.2024.103929,paywalled,non-pdf-content
journal-of-financial-economics,2024,Aggregate lapsation risk,https://doi.org/10.1016/j.jfineco.2024.103819,https://doi.org/10.1016/j.jfineco.2024.103819,paywalled,non-pdf-content
journal-of-financial-economics,2024,"Financial constraints, cash flow timing patterns, and asset prices",https://doi.org/10.1016/j.jfineco.2024.103855,https://doi.org/10.1016/j.jfineco.2024.103855,paywalled,non-pdf-content
journal-of-financial-economics,2024,"Macroeconomic perceptions, financial constraints, and anomalies",https://doi.org/10.1016/j.jfineco.2024.103952,https://doi.org/10.1016/j.jfineco.2024.103952,paywalled,未找到开放获取副本
journal-of-financial-economics,2024,Intermediary-based equity term structure,https://doi.org/10.1016/j.jfineco.2024.103856,https://doi.org/10.1016/j.jfineco.2024.103856,paywalled,未找到开放获取副本
journal-of-financial-economics,2024,Conditional risk,https://doi.org/10.1016/j.jfineco.2024.103933,https://doi.org/10.1016/j.jfineco.2024.103933,paywalled,non-pdf-content
journal-of-financial-economics,2024,Estimating and testing investment-based asset pricing models,https://doi.org/10.1016/j.jfineco.2024.103945,https://doi.org/10.1016/j.jfineco.2024.103945,paywalled,未找到开放获取副本
journal-of-financial-economics,2024,Modeling volatility in dynamic term structure models,https://doi.org/10.1016/j.jfineco.2024.103926,https://doi.org/10.1016/j.jfineco.2024.103926,paywalled,未找到开放获取副本
journal-of-financial-economics,2024,Extrapolators and Contrarians: Forecast Bias and Household Stock Trading,https://doi.org/10.1016/j.jfineco.2026.104291,https://doi.org/10.1016/j.jfineco.2026.104291,paywalled,non-pdf-content
journal-of-financial-economics,2024,Robustness and dynamic sentiment,https://doi.org/10.1016/j.jfineco.2024.103953,https://doi.org/10.1016/j.jfineco.2024.103953,paywalled,未找到开放获取副本
journal-of-financial-economics,2024,Strategic insider trading and its consequences for outsiders: Evidence from the eighteenth century,https://doi.org/10.1016/j.jfineco.2024.103974,https://doi.org/10.1016/j.jfineco.2024.103974,paywalled,non-pdf-content
journal-of-financial-economics,2024,Uncertainty about what is in the price,https://doi.org/10.1016/j.jfineco.2024.103915,https://doi.org/10.1016/j.jfineco.2024.103915,paywalled,non-pdf-content
journal-of-financial-economics,2024,The pricing of U.S. Treasury floating rate notes,https://doi.org/10.1016/j.jfineco.2024.103833,http://dx.doi.org/10.1016/j.jfineco.2024.103833,paywalled,未找到开放获取副本
journal-of-financial-economics,2024,Do personal taxes affect investment decisions and stock returns?,https://doi.org/10.1016/j.jfineco.2024.103927,http://dx.doi.org/10.1016/j.jfineco.2024.103927,paywalled,未找到开放获取副本
journal-of-financial-economics,2024,From employee to entrepreneur: The role of unemployment risk,https://doi.org/10.1016/j.jfineco.2024.103966,https://doi.org/10.1016/j.jfineco.2024.103966,paywalled,non-pdf-content
journal-of-financial-economics,2024,Arbitrage-based recovery,https://doi.org/10.1016/j.jfineco.2024.103969,https://doi.org/10.1016/j.jfineco.2024.103969,paywalled,non-pdf-content
journal-of-financial-economics,2023,Temperature shocks and industry earnings news,https://doi.org/10.1016/j.jfineco.2023.07.002,https://doi.org/10.1016/j.jfineco.2023.07.002,paywalled,non-pdf-content
journal-of-financial-economics,2023,Economic uncertainty and investor attention,https://doi.org/10.1016/j.jfineco.2023.05.003,https://doi.org/10.1016/j.jfineco.2023.05.003,paywalled,non-pdf-content
journal-of-financial-economics,2023,Machine-learning the skill of mutual fund managers,https://doi.org/10.1016/j.jfineco.2023.07.004,https://doi.org/10.1016/j.jfineco.2023.07.004,paywalled,non-pdf-content
journal-of-financial-economics,2023,The colour of finance words,https://doi.org/10.1016/j.jfineco.2022.11.006,https://doi.org/10.1016/j.jfineco.2022.11.006,failed,HTTP 403
journal-of-financial-economics,2023,Disaster resilience and asset prices,https://doi.org/10.1016/j.jfineco.2023.103712,https://doi.org/10.1016/j.jfineco.2023.103712,paywalled,non-pdf-content
journal-of-financial-economics,2023,Dynamics of subjective risk premia,https://doi.org/10.1016/j.jfineco.2023.103713,https://doi.org/10.1016/j.jfineco.2023.103713,paywalled,non-pdf-content
journal-of-financial-economics,2023,When can the market identify old news?,https://doi.org/10.1016/j.jfineco.2023.04.008,https://doi.org/10.1016/j.jfineco.2023.04.008,paywalled,non-pdf-content
journal-of-financial-economics,2023,Liquidity regulation and banks: Theory and evidence,https://doi.org/10.1016/j.jfineco.2023.103747,https://doi.org/10.1016/j.jfineco.2023.103747,paywalled,未找到开放获取副本
journal-of-financial-economics,2023,Angel investment and first impressions,https://doi.org/10.1016/j.jfineco.2023.05.001,https://doi.org/10.1016/j.jfineco.2023.05.001,paywalled,未找到开放获取副本
journal-of-financial-economics,2023,Volatility and informativeness,https://doi.org/10.1016/j.jfineco.2022.12.005,https://doi.org/10.1016/j.jfineco.2022.12.005,paywalled,non-pdf-content
journal-of-financial-economics,2023,Product market competition with crypto tokens and smart contracts,https://doi.org/10.1016/j.jfineco.2023.04.011,https://doi.org/10.1016/j.jfineco.2023.04.011,paywalled,未找到开放获取副本
journal-of-financial-economics,2023,The use of asset growth in empirical asset pricing models,https://doi.org/10.1016/j.jfineco.2023.103746,https://doi.org/10.1016/j.jfineco.2023.103746,paywalled,未找到开放获取副本
journal-of-financial-economics,2023,Systematic default and return predictability in the stock and bond markets,https://doi.org/10.1016/j.jfineco.2023.05.006,https://doi.org/10.1016/j.jfineco.2023.05.006,paywalled,non-pdf-content
journal-of-financial-economics,2023,International trade and the risk in bilateral exchange rates,https://doi.org/10.1016/j.jfineco.2023.103711,https://doi.org/10.1016/j.jfineco.2023.103711,paywalled,未找到开放获取副本
journal-of-financial-economics,2023,The Modern Mutual Fund Family,https://doi.org/10.1016/j.jfineco.2023.02.001,https://doi.org/10.1016/j.jfineco.2023.02.001,paywalled,non-pdf-content
journal-of-financial-economics,2023,Heterogeneous liquidity providers and night-minus-day return predictability,https://doi.org/10.1016/j.jfineco.2023.03.002,https://doi.org/10.1016/j.jfineco.2023.03.002,paywalled,non-pdf-content
journal-of-financial-economics,2023,Momentum turning points,https://doi.org/10.1016/j.jfineco.2023.05.007,https://doi.org/10.1016/j.jfineco.2023.05.007,paywalled,non-pdf-content
journal-of-financial-economics,2023,The global factor structure of exchange rates,https://doi.org/10.1016/j.jfineco.2023.01.005,https://doi.org/10.1016/j.jfineco.2023.01.005,paywalled,non-pdf-content
journal-of-financial-economics,2023,A credit-based theory of the currency risk premium,https://doi.org/10.1016/j.jfineco.2023.06.002,https://doi.org/10.1016/j.jfineco.2023.06.002,paywalled,non-pdf-content
journal-of-financial-economics,2023,The jump leverage risk premium,https://doi.org/10.1016/j.jfineco.2023.103723,https://doi.org/10.1016/j.jfineco.2023.103723,paywalled,未找到开放获取副本
journal-of-financial-economics,2023,When large traders create noise,https://doi.org/10.1016/j.jfineco.2023.103709,https://doi.org/10.1016/j.jfineco.2023.103709,paywalled,non-pdf-content
journal-of-financial-economics,2023,Cross-stock momentum and factor momentum,https://doi.org/10.1016/j.jfineco.2023.103716,https://doi.org/10.1016/j.jfineco.2023.103716,paywalled,non-pdf-content
journal-of-financial-economics,2023,Treasury option returns and models with unspanned risks,https://doi.org/10.1016/j.jfineco.2023.103736,https://doi.org/10.1016/j.jfineco.2023.103736,paywalled,未找到开放获取副本
journal-of-financial-economics,2023,Do the rich gamble in the stock market? Low risk anomalies and wealthy households,https://doi.org/10.1016/j.jfineco.2023.103715,https://doi.org/10.1016/j.jfineco.2023.103715,paywalled,non-pdf-content
journal-of-financial-economics,2023,Debt dynamics and credit risk,https://doi.org/10.1016/j.jfineco.2023.06.007,https://doi.org/10.1016/j.jfineco.2023.06.007,paywalled,non-pdf-content
journal-of-financial-economics,2023,What matters in a characteristic?,https://doi.org/10.1016/j.jfineco.2023.04.010,https://doi.org/10.1016/j.jfineco.2023.04.010,failed,HTTP 403
journal-of-financial-economics,2023,Self-imposed liquidity constraints via voluntary debt repayment,https://doi.org/10.1016/j.jfineco.2023.103708,https://doi.org/10.1016/j.jfineco.2023.103708,paywalled,non-pdf-content
journal-of-financial-economics,2023,Asset holders’ consumption risk and tests of conditional CCAPM,https://doi.org/10.1016/j.jfineco.2023.04.002,https://doi.org/10.1016/j.jfineco.2023.04.002,paywalled,non-pdf-content
journal-of-financial-economics,2023,Fire sale risk and expected stock returns,https://doi.org/10.1016/j.jfineco.2023.06.006,https://doi.org/10.1016/j.jfineco.2023.06.006,paywalled,未找到开放获取副本
journal-of-financial-economics,2023,Deputizing financial institutions to fight elder abuse,https://doi.org/10.1016/j.jfineco.2023.06.004,https://doi.org/10.1016/j.jfineco.2023.06.004,paywalled,non-pdf-content
journal-of-financial-economics,2023,Disagreement about public information quality and informational price efficiency,https://doi.org/10.1016/j.jfineco.2023.103762,https://doi.org/10.1016/j.jfineco.2023.103762,paywalled,未找到开放获取副本
journal-of-financial-economics,2023,"Cheapest-to-deliver pricing, optimal MBS securitization, and welfare implications",https://doi.org/10.1016/j.jfineco.2023.07.001,https://doi.org/10.1016/j.jfineco.2023.07.001,paywalled,non-pdf-content
journal-of-financial-economics,2023,Return predictability with endogenous growth,https://doi.org/10.1016/j.jfineco.2023.103724,https://doi.org/10.1016/j.jfineco.2023.103724,paywalled,未找到开放获取副本
journal-of-financial-economics,2023,Learning about the consumption risk exposure of firms,https://doi.org/10.1016/j.jfineco.2023.103759,https://doi.org/10.1016/j.jfineco.2023.103759,paywalled,non-pdf-content
journal-of-financial-economics,2023,Retraction notice to “Common risk factors in the cross-section of corporate bond returns” [Journal of Financial Economics 131 (3) (2019) 619-642],https://doi.org/10.1016/j.jfineco.2023.103721,https://doi.org/10.1016/j.jfineco.2023.103721,paywalled,non-pdf-content
journal-of-financial-economics,2022,Count (and count-like) data in finance,https://doi.org/10.1016/j.jfineco.2022.08.004,https://doi.org/10.1016/j.jfineco.2022.08.004,paywalled,未找到开放获取副本
journal-of-financial-economics,2022,Retail trader sophistication and stock market quality: Evidence from brokerage outages,https://doi.org/10.1016/j.jfineco.2022.08.002,https://doi.org/10.1016/j.jfineco.2022.08.002,paywalled,未找到开放获取副本
journal-of-financial-economics,2022,Game on: Social networks and markets,https://doi.org/10.1016/j.jfineco.2022.05.002,https://doi.org/10.1016/j.jfineco.2022.05.002,paywalled,non-pdf-content
journal-of-financial-economics,2022,Corporate flexibility in a time of crisis,https://doi.org/10.1016/j.jfineco.2022.03.003,https://doi.org/10.1016/j.jfineco.2022.03.003,paywalled,non-pdf-content
journal-of-financial-economics,2022,On index investing,https://doi.org/10.1016/j.jfineco.2022.05.007,https://doi.org/10.1016/j.jfineco.2022.05.007,paywalled,未找到开放获取副本
journal-of-financial-economics,2022,Sentiment and uncertainty,https://doi.org/10.1016/j.jfineco.2022.05.005,https://doi.org/10.1016/j.jfineco.2022.05.005,paywalled,未找到开放获取副本
journal-of-financial-economics,2022,Bitcoin’s limited adoption problem,https://doi.org/10.1016/j.jfineco.2022.01.003,https://doi.org/10.1016/j.jfineco.2022.01.003,paywalled,未找到开放获取副本
journal-of-financial-economics,2022,A factor model for option returns,https://doi.org/10.1016/j.jfineco.2021.12.007,https://doi.org/10.1016/j.jfineco.2021.12.007,paywalled,未找到开放获取副本
journal-of-financial-economics,2022,What are the events that shake our world? Measuring and hedging global COVOL,https://doi.org/10.1016/j.jfineco.2022.09.009,https://doi.org/10.1016/j.jfineco.2022.09.009,paywalled,non-pdf-content
journal-of-financial-economics,2022,Recovering the FOMC risk premium,https://doi.org/10.1016/j.jfineco.2022.04.005,https://doi.org/10.1016/j.jfineco.2022.04.005,paywalled,未找到开放获取副本
journal-of-financial-economics,2022,Presidential economic approval rating and the cross-section of stock returns,https://doi.org/10.1016/j.jfineco.2022.10.004,https://doi.org/10.1016/j.jfineco.2022.10.004,failed,HTTP 403
journal-of-financial-economics,2022,The fundamental-to-market ratio and the value premium decline,https://doi.org/10.1016/j.jfineco.2022.11.001,https://doi.org/10.1016/j.jfineco.2022.11.001,paywalled,未找到开放获取副本
journal-of-financial-economics,2022,"Validity, tightness, and forecasting power of risk premium bounds",https://doi.org/10.1016/j.jfineco.2022.02.003,https://doi.org/10.1016/j.jfineco.2022.02.003,paywalled,未找到开放获取副本
journal-of-financial-economics,2022,Liquidity in the global currency market,https://doi.org/10.1016/j.jfineco.2022.09.004,https://doi.org/10.1016/j.jfineco.2022.09.004,paywalled,non-pdf-content
journal-of-financial-economics,2022,Dynamic asset (mis)pricing: Build-up versus resolution anomalies,https://doi.org/10.1016/j.jfineco.2022.11.005,https://doi.org/10.1016/j.jfineco.2022.11.005,failed,HTTP 404
journal-of-financial-economics,2022,Voting and trading: The shareholder’s dilemma,https://doi.org/10.1016/j.jfineco.2022.05.001,https://doi.org/10.1016/j.jfineco.2022.05.001,paywalled,未找到开放获取副本
journal-of-financial-economics,2022,"Institutional investors, heterogeneous benchmarks and the comovement of asset prices",https://doi.org/10.1016/j.jfineco.2022.11.002,https://doi.org/10.1016/j.jfineco.2022.11.002,failed,HTTP 404
journal-of-financial-economics,2022,Closing auctions: Nasdaq versus NYSE,https://doi.org/10.1016/j.jfineco.2021.12.003,https://doi.org/10.1016/j.jfineco.2021.12.003,paywalled,未找到开放获取副本
journal-of-financial-economics,2022,The pass-through of uncertainty shocks to households,https://doi.org/10.1016/j.jfineco.2022.03.005,https://doi.org/10.1016/j.jfineco.2022.03.005,paywalled,non-pdf-content
journal-of-financial-economics,2022,Automation and the displacement of labor by capital: Asset pricing theory and empirical evidence,https://doi.org/10.1016/j.jfineco.2022.11.003,https://doi.org/10.1016/j.jfineco.2022.11.003,paywalled,non-pdf-content
journal-of-financial-economics,2022,Mutual fund performance at long horizons,https://doi.org/10.1016/j.jfineco.2022.10.006,https://doi.org/10.1016/j.jfineco.2022.10.006,paywalled,未找到开放获取副本
journal-of-financial-economics,2022,Overallocation and secondary market outcomes in corporate bond offerings,https://doi.org/10.1016/j.jfineco.2022.08.001,https://doi.org/10.1016/j.jfineco.2022.08.001,paywalled,未找到开放获取副本
journal-of-financial-economics,2022,Size-adapted bond liquidity measures and their asset pricing implications,https://doi.org/10.1016/j.jfineco.2022.07.010,https://doi.org/10.1016/j.jfineco.2022.07.010,paywalled,未找到开放获取副本
journal-of-financial-economics,2022,Origins of international factor structures,https://doi.org/10.1016/j.jfineco.2022.09.010,https://doi.org/10.1016/j.jfineco.2022.09.010,paywalled,未找到开放获取副本
journal-of-financial-economics,2022,Financial transaction taxes and the informational efficiency of financial markets: A structural estimation,https://doi.org/10.1016/j.jfineco.2022.04.007,https://doi.org/10.1016/j.jfineco.2022.04.007,failed,HTTP 403
journal-of-financial-economics,2022,The cross-section of investment and profitability: Implications for asset pricing,https://doi.org/10.1016/j.jfineco.2022.06.003,https://doi.org/10.1016/j.jfineco.2022.06.003,paywalled,未找到开放获取副本
journal-of-financial-economics,2022,Empirical evaluation of overspecified asset pricing models,https://doi.org/10.1016/j.jfineco.2022.10.002,https://doi.org/10.1016/j.jfineco.2022.10.002,paywalled,未找到开放获取副本
journal-of-financial-economics,2022,Price-setting in the foreign exchange swap market: Evidence from order flow,https://doi.org/10.1016/j.jfineco.2022.07.004,https://doi.org/10.1016/j.jfineco.2022.07.004,paywalled,non-pdf-content
journal-of-financial-economics,2022,Paying for beta: Leverage demand and asset management fees,https://doi.org/10.1016/j.jfineco.2022.04.002,https://doi.org/10.1016/j.jfineco.2022.04.002,paywalled,未找到开放获取副本
journal-of-financial-economics,2021,Sustainable investing with ESG rating uncertainty,https://doi.org/10.1016/j.jfineco.2021.09.009,https://doi.org/10.1016/j.jfineco.2021.09.009,paywalled,未找到开放获取副本
journal-of-financial-economics,2021,Machine learning in the Chinese stock market,https://doi.org/10.1016/j.jfineco.2021.08.017,https://doi.org/10.1016/j.jfineco.2021.08.017,paywalled,non-pdf-content
journal-of-financial-economics,2021,Anatomy of a liquidity crisis: Corporate bonds in the COVID-19 crisis,https://doi.org/10.1016/j.jfineco.2021.05.052,https://doi.org/10.1016/j.jfineco.2021.05.052,paywalled,non-pdf-content
journal-of-financial-economics,2021,Internet searching and stock price crash risk: Evidence from a quasi-natural experiment,https://doi.org/10.1016/j.jfineco.2021.03.003,https://doi.org/10.1016/j.jfineco.2021.03.003,failed,HTTP 202
journal-of-financial-economics,2021,The democratization of investment research and the informativeness of retail investor trading,https://doi.org/10.1016/j.jfineco.2021.07.018,https://doi.org/10.1016/j.jfineco.2021.07.018,paywalled,未找到开放获取副本
journal-of-financial-economics,2021,A picture is worth a thousand words: Measuring investor sentiment by combining machine learning and photos from news,https://doi.org/10.1016/j.jfineco.2021.06.002,https://doi.org/10.1016/j.jfineco.2021.06.002,paywalled,未找到开放获取副本
journal-of-financial-economics,2021,Corporate actions and the manipulation of retail investors in China: An analysis of stock splits,https://doi.org/10.1016/j.jfineco.2021.09.018,https://doi.org/10.1016/j.jfineco.2021.09.018,paywalled,non-pdf-content
journal-of-financial-economics,2021,Lucky factors,https://doi.org/10.1016/j.jfineco.2021.04.014,https://doi.org/10.1016/j.jfineco.2021.04.014,paywalled,未找到开放获取副本
journal-of-financial-economics,2021,Understanding momentum and reversal,https://doi.org/10.1016/j.jfineco.2020.06.024,https://doi.org/10.1016/j.jfineco.2020.06.024,paywalled,未找到开放获取副本
journal-of-financial-economics,2021,The cross-section of intraday and overnight returns,https://doi.org/10.1016/j.jfineco.2020.07.020,https://doi.org/10.1016/j.jfineco.2020.07.020,paywalled,未找到开放获取副本
journal-of-financial-economics,2021,Is there a zero lower bound? The effects of negative policy rates on banks and firms,https://doi.org/10.1016/j.jfineco.2021.06.032,https://doi.org/10.1016/j.jfineco.2021.06.032,paywalled,non-pdf-content
journal-of-financial-economics,2021,Optimal financing with tokens,https://doi.org/10.1016/j.jfineco.2021.05.004,https://doi.org/10.1016/j.jfineco.2021.05.004,paywalled,non-pdf-content
journal-of-financial-economics,2021,The electronic evolution of corporate bond dealers,https://doi.org/10.1016/j.jfineco.2021.01.001,https://doi.org/10.1016/j.jfineco.2021.01.001,paywalled,未找到开放获取副本
journal-of-financial-economics,2021,Does mutual fund illiquidity introduce fragility into asset prices? Evidence from the corporate bond market,https://doi.org/10.1016/j.jfineco.2021.05.022,https://doi.org/10.1016/j.jfineco.2021.05.022,paywalled,未找到开放获取副本
journal-of-financial-economics,2021,The micro and macro of managerial beliefs,https://doi.org/10.1016/j.jfineco.2021.06.007,https://doi.org/10.1016/j.jfineco.2021.06.007,paywalled,未找到开放获取副本
journal-of-financial-economics,2021,Are disagreements agreeable? Evidence from information aggregation,https://doi.org/10.1016/j.jfineco.2021.02.006,https://doi.org/10.1016/j.jfineco.2021.02.006,failed,HTTP 403
journal-of-financial-economics,2021,"Expected return, volume, and mispricing",https://doi.org/10.1016/j.jfineco.2021.05.014,https://doi.org/10.1016/j.jfineco.2021.05.014,paywalled,non-pdf-content
journal-of-financial-economics,2021,Salience theory and the cross-section of stock returns: International and further evidence,https://doi.org/10.1016/j.jfineco.2021.10.010,https://doi.org/10.1016/j.jfineco.2021.10.010,paywalled,non-pdf-content
journal-of-financial-economics,2021,Bias in the effective bid-ask spread,https://doi.org/10.1016/j.jfineco.2021.04.018,https://doi.org/10.1016/j.jfineco.2021.04.018,paywalled,non-pdf-content
journal-of-financial-economics,2021,Betting against betting against beta,https://doi.org/10.1016/j.jfineco.2021.05.023,https://doi.org/10.1016/j.jfineco.2021.05.023,paywalled,non-pdf-content
journal-of-financial-economics,2021,Market expectations of a warming climate,https://doi.org/10.1016/j.jfineco.2020.08.019,https://doi.org/10.1016/j.jfineco.2020.08.019,failed,HTTP 403
journal-of-financial-economics,2021,"Overnight returns, daytime reversals, and future stock returns",https://doi.org/10.1016/j.jfineco.2021.09.019,https://doi.org/10.1016/j.jfineco.2021.09.019,paywalled,未找到开放获取副本
journal-of-financial-economics,2021,Hedging demand and market intraday momentum,https://doi.org/10.1016/j.jfineco.2021.04.029,https://doi.org/10.1016/j.jfineco.2021.04.029,failed,HTTP 403
journal-of-financial-economics,2021,The design and transmission of central bank liquidity provisions,https://doi.org/10.1016/j.jfineco.2020.06.025,https://doi.org/10.1016/j.jfineco.2020.06.025,paywalled,未找到开放获取副本
journal-of-financial-economics,2021,Oil volatility risk,https://doi.org/10.1016/j.jfineco.2021.08.016,https://doi.org/10.1016/j.jfineco.2021.08.016,paywalled,未找到开放获取副本
journal-of-financial-economics,2021,"Asset prices, midterm elections, and political uncertainty",https://doi.org/10.1016/j.jfineco.2021.03.007,https://doi.org/10.1016/j.jfineco.2021.03.007,paywalled,未找到开放获取副本
journal-of-financial-economics,2021,Do limits to arbitrage explain the benefits of volatility-managed portfolios?,https://doi.org/10.1016/j.jfineco.2021.02.009,https://doi.org/10.1016/j.jfineco.2021.02.009,paywalled,non-pdf-content
journal-of-financial-economics,2021,Portfolio choice with sustainable spending: A model of reaching for yield,https://doi.org/10.1016/j.jfineco.2021.05.018,https://doi.org/10.1016/j.jfineco.2021.05.018,failed,HTTP 403
journal-of-financial-economics,2021,High policy uncertainty and low implied market volatility: An academic puzzle?,https://doi.org/10.1016/j.jfineco.2021.05.011,https://doi.org/10.1016/j.jfineco.2021.05.011,paywalled,non-pdf-content
journal-of-financial-economics,2021,Factors and risk premia in individual international stock returns,https://doi.org/10.1016/j.jfineco.2021.04.007,https://doi.org/10.1016/j.jfineco.2021.04.007,failed,HTTP 403
journal-of-financial-economics,2021,The effect of stock liquidity on cash holdings: The repurchase motive,https://doi.org/10.1016/j.jfineco.2021.05.027,https://doi.org/10.1016/j.jfineco.2021.05.027,paywalled,未找到开放获取副本
journal-of-financial-economics,2021,Realized semibetas: Disentangling “good” and “bad” downside risks,https://doi.org/10.1016/j.jfineco.2021.05.056,https://doi.org/10.1016/j.jfineco.2021.05.056,paywalled,non-pdf-content
journal-of-financial-economics,2021,Attention triggers and investors’ risk-taking,https://doi.org/10.1016/j.jfineco.2021.05.031,https://doi.org/10.1016/j.jfineco.2021.05.031,paywalled,未找到开放获取副本
journal-of-financial-economics,2021,The short duration premium,https://doi.org/10.1016/j.jfineco.2021.04.019,https://doi.org/10.1016/j.jfineco.2021.04.019,paywalled,未找到开放获取副本
journal-of-financial-economics,2021,Global factor premiums,https://doi.org/10.1016/j.jfineco.2021.06.030,https://doi.org/10.1016/j.jfineco.2021.06.030,paywalled,non-pdf-content
journal-of-financial-economics,2021,Intraday arbitrage between ETFs and their underlying portfolios,https://doi.org/10.1016/j.jfineco.2021.04.023,https://doi.org/10.1016/j.jfineco.2021.04.023,paywalled,未找到开放获取副本
journal-of-financial-economics,2021,Spectral factor models,https://doi.org/10.1016/j.jfineco.2021.04.024,https://doi.org/10.1016/j.jfineco.2021.04.024,paywalled,未找到开放获取副本
journal-of-financial-economics,2021,"Competition, profitability, and discount rates",https://doi.org/10.1016/j.jfineco.2020.12.013,https://doi.org/10.1016/j.jfineco.2020.12.013,paywalled,未找到开放获取副本
journal-of-financial-economics,2021,Pervasive underreaction: Evidence from high-frequency data,https://doi.org/10.1016/j.jfineco.2021.04.003,https://doi.org/10.1016/j.jfineco.2021.04.003,paywalled,未找到开放获取副本
journal-of-financial-economics,2021,Ambiguity about volatility and investor behavior,https://doi.org/10.1016/j.jfineco.2021.07.004,https://doi.org/10.1016/j.jfineco.2021.07.004,paywalled,未找到开放获取副本
journal-of-financial-economics,2021,"Mispricing, short-sale constraints, and the cross-section of option returns",https://doi.org/10.1016/j.jfineco.2021.03.006,https://doi.org/10.1016/j.jfineco.2021.03.006,paywalled,未找到开放获取副本
journal-of-financial-economics,2021,Investment responses to tax policy under uncertainty,https://doi.org/10.1016/j.jfineco.2021.04.032,https://doi.org/10.1016/j.jfineco.2021.04.032,paywalled,non-pdf-content
journal-of-financial-economics,2021,Capital supply and corporate bond issuances: Evidence from mutual fund flows,https://doi.org/10.1016/j.jfineco.2021.03.012,https://doi.org/10.1016/j.jfineco.2021.03.012,paywalled,未找到开放获取副本
journal-of-financial-economics,2021,Listening in on investors’ thoughts and conversations,https://doi.org/10.1016/j.jfineco.2021.09.004,https://doi.org/10.1016/j.jfineco.2021.09.004,paywalled,未找到开放获取副本
journal-of-financial-economics,2021,"Volatility, intermediaries, and exchange rates",https://doi.org/10.1016/j.jfineco.2020.05.010,https://doi.org/10.1016/j.jfineco.2020.05.010,paywalled,未找到开放获取副本
journal-of-financial-economics,2021,Sitting bucks: Stale pricing in fixed income funds,https://doi.org/10.1016/j.jfineco.2021.08.013,https://doi.org/10.1016/j.jfineco.2021.08.013,paywalled,未找到开放获取副本
journal-of-financial-economics,2021,The missing risk premium in exchange rates,https://doi.org/10.1016/j.jfineco.2021.07.001,https://doi.org/10.1016/j.jfineco.2021.07.001,paywalled,non-pdf-content
journal-of-financial-economics,2021,Psychological barrier and cross-firm return predictability,https://doi.org/10.1016/j.jfineco.2021.06.006,https://doi.org/10.1016/j.jfineco.2021.06.006,paywalled,未找到开放获取副本
journal-of-financial-economics,2021,Short selling efficiency,https://doi.org/10.1016/j.jfineco.2021.08.006,https://doi.org/10.1016/j.jfineco.2021.08.006,paywalled,未找到开放获取副本
journal-of-financial-economics,2021,A frog in every pan: Information discreteness and the lead-lag returns puzzle,https://doi.org/10.1016/j.jfineco.2021.10.011,https://doi.org/10.1016/j.jfineco.2021.10.011,paywalled,未找到开放获取副本
journal-of-financial-economics,2021,Biases in long-horizon predictive regressions,https://doi.org/10.1016/j.jfineco.2021.09.013,https://doi.org/10.1016/j.jfineco.2021.09.013,paywalled,未找到开放获取副本
journal-of-financial-economics,2021,"Learning, slowly unfolding disasters, and asset prices",https://doi.org/10.1016/j.jfineco.2021.05.030,https://doi.org/10.1016/j.jfineco.2021.05.030,paywalled,未找到开放获取副本
journal-of-financial-economics,2021,Have risk premia vanished?,https://doi.org/10.1016/j.jfineco.2021.08.019,https://doi.org/10.1016/j.jfineco.2021.08.019,paywalled,未找到开放获取副本
journal-of-financial-economics,2021,Stocks for the long run? Evidence from a broad sample of developed markets,https://doi.org/10.1016/j.jfineco.2021.06.040,https://doi.org/10.1016/j.jfineco.2021.06.040,paywalled,未找到开放获取副本
journal-of-financial-economics,2021,Heterogeneous intermediary asset pricing,https://doi.org/10.1016/j.jfineco.2021.04.012,https://doi.org/10.1016/j.jfineco.2021.04.012,paywalled,未找到开放获取副本
journal-of-financial-economics,2021,A theory of financial media,https://doi.org/10.1016/j.jfineco.2021.06.038,https://doi.org/10.1016/j.jfineco.2021.06.038,paywalled,未找到开放获取副本
journal-of-financial-economics,2021,Equity tail risk and currency risk premiums,https://doi.org/10.1016/j.jfineco.2021.05.020,https://doi.org/10.1016/j.jfineco.2021.05.020,paywalled,non-pdf-content
journal-of-financial-economics,2021,Outlier blindness: A neurobiological foundation for neglect of financial risk,https://doi.org/10.1016/j.jfineco.2021.06.019,https://doi.org/10.1016/j.jfineco.2021.06.019,paywalled,未找到开放获取副本
journal-of-financial-economics,2021,The impact of arbitrage on market liquidity,https://doi.org/10.1016/j.jfineco.2021.04.034,https://doi.org/10.1016/j.jfineco.2021.04.034,paywalled,未找到开放获取副本
journal-of-financial-economics,2021,Frequency dependent risk,https://doi.org/10.1016/j.jfineco.2021.01.007,https://doi.org/10.1016/j.jfineco.2021.01.007,paywalled,non-pdf-content
journal-of-financial-economics,2021,A tale of two types: Generalists vs. specialists in asset management,https://doi.org/10.1016/j.jfineco.2021.04.027,https://doi.org/10.1016/j.jfineco.2021.04.027,paywalled,未找到开放获取副本
journal-of-financial-economics,2021,Is there a home field advantage in global markets?,https://doi.org/10.1016/j.jfineco.2021.11.002,https://doi.org/10.1016/j.jfineco.2021.11.002,paywalled,未找到开放获取副本
journal-of-financial-economics,2021,Dissecting currency momentum,https://doi.org/10.1016/j.jfineco.2021.05.035,https://doi.org/10.1016/j.jfineco.2021.05.035,paywalled,未找到开放获取副本
journal-of-financial-economics,2021,Asset pricing on earnings announcement days,https://doi.org/10.1016/j.jfineco.2021.06.022,https://doi.org/10.1016/j.jfineco.2021.06.022,paywalled,未找到开放获取副本
journal-of-financial-economics,2021,Strategic fragmented markets,https://doi.org/10.1016/j.jfineco.2021.08.022,https://doi.org/10.1016/j.jfineco.2021.08.022,failed,HTTP 404
journal-of-financial-economics,2021,Fund manager skill in an era of globalization: Offshore concentration and fund performance,https://doi.org/10.1016/j.jfineco.2021.07.012,https://doi.org/10.1016/j.jfineco.2021.07.012,paywalled,non-pdf-content
journal-of-financial-economics,2021,Asset pricing with heterogeneous agents and long-run risk,https://doi.org/10.1016/j.jfineco.2021.01.005,https://doi.org/10.1016/j.jfineco.2021.01.005,paywalled,non-pdf-content
journal-of-financial-economics,2021,Network structure and pricing in the FX market,https://doi.org/10.1016/j.jfineco.2021.04.013,https://doi.org/10.1016/j.jfineco.2021.04.013,paywalled,未找到开放获取副本
journal-of-financial-economics,2021,"The level, slope, and curve factor model for stocks",https://doi.org/10.1016/j.jfineco.2021.08.008,https://doi.org/10.1016/j.jfineco.2021.08.008,paywalled,未找到开放获取副本
journal-of-financial-economics,2021,Asset mispricing,https://doi.org/10.1016/j.jfineco.2020.05.011,https://doi.org/10.1016/j.jfineco.2020.05.011,paywalled,未找到开放获取副本
journal-of-financial-economics,2021,Endogenous inattention and risk-specific price underreaction in corporate bonds,https://doi.org/10.1016/j.jfineco.2021.09.025,https://doi.org/10.1016/j.jfineco.2021.09.025,paywalled,未找到开放获取副本
journal-of-financial-economics,2021,To own or not to own: Stock loans around dividend payments,https://doi.org/10.1016/j.jfineco.2020.12.010,https://doi.org/10.1016/j.jfineco.2020.12.010,paywalled,未找到开放获取副本
journal-of-financial-economics,2021,Pricing of index options in incomplete markets,https://doi.org/10.1016/j.jfineco.2021.05.041,https://doi.org/10.1016/j.jfineco.2021.05.041,paywalled,未找到开放获取副本
journal-of-financial-economics,2021,Searching for the equity premium,https://doi.org/10.1016/j.jfineco.2021.05.024,https://doi.org/10.1016/j.jfineco.2021.05.024,paywalled,未找到开放获取副本
journal-of-financial-economics,2021,Feedback loops in industry trade networks and the term structure of momentum profits,https://doi.org/10.1016/j.jfineco.2021.04.028,https://doi.org/10.1016/j.jfineco.2021.04.028,paywalled,未找到开放获取副本
journal-of-financial-economics,2021,Inside brokers,https://doi.org/10.1016/j.jfineco.2021.05.029,https://doi.org/10.1016/j.jfineco.2021.05.029,failed,HTTP 403
journal-of-financial-economics,2021,"More informative disclosures, less informative prices? Portfolio and price formation around quarter-ends",https://doi.org/10.1016/j.jfineco.2021.10.004,https://doi.org/10.1016/j.jfineco.2021.10.004,paywalled,未找到开放获取副本
journal-of-financial-economics,2021,Under-diversification and idiosyncratic risk externalities,https://doi.org/10.1016/j.jfineco.2021.05.001,https://doi.org/10.1016/j.jfineco.2021.05.001,paywalled,未找到开放获取副本
journal-of-financial-economics,2021,"Information shocks, disagreement, and drift",https://doi.org/10.1016/j.jfineco.2021.02.002,https://doi.org/10.1016/j.jfineco.2021.02.002,paywalled,未找到开放获取副本
journal-of-financial-economics,2021,Entangled risks in incomplete FX markets,https://doi.org/10.1016/j.jfineco.2021.05.051,https://doi.org/10.1016/j.jfineco.2021.05.051,paywalled,未找到开放获取副本
journal-of-financial-economics,2021,"Signaling, instrumentation, and CFO decision-making",https://doi.org/10.1016/j.jfineco.2021.07.014,https://doi.org/10.1016/j.jfineco.2021.07.014,paywalled,non-pdf-content
journal-of-financial-economics,2021,International asset pricing with strategic business groups,https://doi.org/10.1016/j.jfineco.2021.09.002,https://doi.org/10.1016/j.jfineco.2021.09.002,failed,HTTP 403
journal-of-financial-economics,2020,Responsible investing: The ESG-efficient frontier,https://doi.org/10.1016/j.jfineco.2020.11.001,https://doi.org/10.1016/j.jfineco.2020.11.001,paywalled,non-pdf-content
journal-of-financial-economics,2020,Salience theory and stock prices: Empirical evidence,https://doi.org/10.1016/j.jfineco.2020.12.012,https://doi.org/10.1016/j.jfineco.2020.12.012,failed,HTTP 403
journal-of-financial-economics,2020,Terrorist attacks and investor risk preference: Evidence from mutual fund flows,https://doi.org/10.1016/j.jfineco.2020.02.008,https://doi.org/10.1016/j.jfineco.2020.02.008,paywalled,未找到开放获取副本
journal-of-financial-economics,2020,Extrapolative beliefs in the cross-section: What can we learn from the crowds?,https://doi.org/10.1016/j.jfineco.2020.10.003,https://doi.org/10.1016/j.jfineco.2020.10.003,failed,HTTP 404
journal-of-financial-economics,2020,Investor ideology,https://doi.org/10.1016/j.jfineco.2020.03.004,https://doi.org/10.1016/j.jfineco.2020.03.004,paywalled,未找到开放获取副本
journal-of-financial-economics,2020,Mood beta and seasonalities in stock returns,https://doi.org/10.1016/j.jfineco.2020.02.003,https://doi.org/10.1016/j.jfineco.2020.02.003,paywalled,未找到开放获取副本
journal-of-financial-economics,2020,Corporate bond mutual funds and asset fire sales,https://doi.org/10.1016/j.jfineco.2020.05.006,https://doi.org/10.1016/j.jfineco.2020.05.006,paywalled,未找到开放获取副本
journal-of-financial-economics,2020,Sophisticated investors and market efficiency: Evidence from a natural experiment,https://doi.org/10.1016/j.jfineco.2020.06.004,https://doi.org/10.1016/j.jfineco.2020.06.004,paywalled,未找到开放获取副本
journal-of-financial-economics,2020,On the performance of volatility-managed portfolios,https://doi.org/10.1016/j.jfineco.2020.04.015,https://doi.org/10.1016/j.jfineco.2020.04.015,paywalled,未找到开放获取副本
journal-of-financial-economics,2020,Asset pricing: A tale of night and day,https://doi.org/10.1016/j.jfineco.2020.06.006,https://doi.org/10.1016/j.jfineco.2020.06.006,paywalled,未找到开放获取副本
journal-of-financial-economics,2020,The price effects of liquidity shocks: A study of the SEC’s tick size experiment,https://doi.org/10.1016/j.jfineco.2020.07.002,https://doi.org/10.1016/j.jfineco.2020.07.002,paywalled,non-pdf-content
journal-of-financial-economics,2020,Fund tradeoffs,https://doi.org/10.1016/j.jfineco.2020.06.005,https://doi.org/10.1016/j.jfineco.2020.06.005,paywalled,未找到开放获取副本
journal-of-financial-economics,2020,Security analysts and capital market anomalies,https://doi.org/10.1016/j.jfineco.2020.01.002,https://doi.org/10.1016/j.jfineco.2020.01.002,failed,HTTP 403
journal-of-financial-economics,2020,The conditional expected market return,https://doi.org/10.1016/j.jfineco.2020.03.009,https://doi.org/10.1016/j.jfineco.2020.03.009,paywalled,未找到开放获取副本
journal-of-financial-economics,2020,Time-varying demand for lottery: Speculation ahead of earnings announcements,https://doi.org/10.1016/j.jfineco.2020.06.016,https://doi.org/10.1016/j.jfineco.2020.06.016,paywalled,未找到开放获取副本
journal-of-financial-economics,2020,What you see is not what you get: The costs of trading market anomalies,https://doi.org/10.1016/j.jfineco.2020.02.012,https://doi.org/10.1016/j.jfineco.2020.02.012,failed,HTTP 404
journal-of-financial-economics,2020,Diagnostic bubbles,https://doi.org/10.1016/j.jfineco.2020.06.019,https://doi.org/10.1016/j.jfineco.2020.06.019,paywalled,non-pdf-content
journal-of-financial-economics,2020,Rare disaster probability and options pricing,https://doi.org/10.1016/j.jfineco.2020.10.001,https://doi.org/10.1016/j.jfineco.2020.10.001,paywalled,未找到开放获取副本
journal-of-financial-economics,2020,Investors’ appetite for money-like assets: The MMF industry after the 2014 regulatory reform,https://doi.org/10.1016/j.jfineco.2020.11.005,https://doi.org/10.1016/j.jfineco.2020.11.005,paywalled,未找到开放获取副本
journal-of-financial-economics,2020,Competition among liquidity providers with access to high-frequency trading technology,https://doi.org/10.1016/j.jfineco.2020.11.002,https://doi.org/10.1016/j.jfineco.2020.11.002,paywalled,non-pdf-content
journal-of-financial-economics,2020,"Liquidity risk and exchange-traded fund returns, variances, and tracking errors",https://doi.org/10.1016/j.jfineco.2019.02.012,https://doi.org/10.1016/j.jfineco.2019.02.012,paywalled,未找到开放获取副本
journal-of-financial-economics,2020,Financial intermediation and capital reallocation,https://doi.org/10.1016/j.jfineco.2020.06.017,https://doi.org/10.1016/j.jfineco.2020.06.017,failed,HTTP 404
journal-of-financial-economics,2020,Does the Ross recovery theorem work empirically?,https://doi.org/10.1016/j.jfineco.2020.03.006,https://doi.org/10.1016/j.jfineco.2020.03.006,paywalled,未找到开放获取副本
journal-of-financial-economics,2020,Picking funds with confidence,https://doi.org/10.1016/j.jfineco.2020.07.003,https://doi.org/10.1016/j.jfineco.2020.07.003,failed,HTTP 403
journal-of-financial-economics,2020,Treasury yield implied volatility and real activity,https://doi.org/10.1016/j.jfineco.2020.12.009,https://doi.org/10.1016/j.jfineco.2020.12.009,paywalled,未找到开放获取副本
journal-of-financial-economics,2020,Strategic trading and unobservable information acquisition,https://doi.org/10.1016/j.jfineco.2020.05.007,https://doi.org/10.1016/j.jfineco.2020.05.007,paywalled,未找到开放获取副本
journal-of-financial-economics,2020,Are return seasonalities due to risk or mispricing?,https://doi.org/10.1016/j.jfineco.2020.07.009,https://doi.org/10.1016/j.jfineco.2020.07.009,paywalled,未找到开放获取副本
journal-of-financial-economics,2020,Slow-moving capital and execution costs: Evidence from a major trading glitch,https://doi.org/10.1016/j.jfineco.2020.08.009,https://doi.org/10.1016/j.jfineco.2020.08.009,paywalled,non-pdf-content
journal-of-financial-economics,2020,Time-varying state variable risk premia in the ICAPM,https://doi.org/10.1016/j.jfineco.2020.07.016,https://doi.org/10.1016/j.jfineco.2020.07.016,paywalled,non-pdf-content
journal-of-financial-economics,2020,Heterogeneous beliefs and return volatility around seasoned equity offerings,https://doi.org/10.1016/j.jfineco.2020.03.003,https://doi.org/10.1016/j.jfineco.2020.03.003,failed,HTTP 202
journal-of-financial-economics,2020,Measuring institutional trading costs and the implications for finance research: The case of tick size reductions,https://doi.org/10.1016/j.jfineco.2020.09.003,https://doi.org/10.1016/j.jfineco.2020.09.003,paywalled,未找到开放获取副本
journal-of-financial-economics,2020,Voluntary disclosure with evolving news,https://doi.org/10.1016/j.jfineco.2020.11.004,https://doi.org/10.1016/j.jfineco.2020.11.004,failed,HTTP 405
journal-of-financial-economics,2020,Funding liquidity shocks in a quasi-experiment: Evidence from the CDS Big Bang,https://doi.org/10.1016/j.jfineco.2020.08.004,https://doi.org/10.1016/j.jfineco.2020.08.004,failed,HTTP 403
journal-of-financial-economics,2020,Why do discount rates vary?,https://doi.org/10.1016/j.jfineco.2020.04.004,https://doi.org/10.1016/j.jfineco.2020.04.004,paywalled,未找到开放获取副本
journal-of-financial-economics,2020,"Information arrival, delay, and clustering in financial markets with dynamic freeriding",https://doi.org/10.1016/j.jfineco.2020.04.011,https://doi.org/10.1016/j.jfineco.2020.04.011,paywalled,未找到开放获取副本
journal-of-financial-economics,2020,Why does public news augment information asymmetries?,https://doi.org/10.1016/j.jfineco.2019.05.020,https://doi.org/10.1016/j.jfineco.2019.05.020,paywalled,未找到开放获取副本
journal-of-financial-economics,2020,The difference a day makes: Timely disclosure and trading efficiency in the muni market,https://doi.org/10.1016/j.jfineco.2020.07.015,https://doi.org/10.1016/j.jfineco.2020.07.015,paywalled,未找到开放获取副本
journal-of-financial-economics,2020,What to expect when everyone is expecting: Self-fulfilling expectations and asset-pricing puzzles,https://doi.org/10.1016/j.jfineco.2020.10.007,https://doi.org/10.1016/j.jfineco.2020.10.007,paywalled,未找到开放获取副本
journal-of-financial-economics,2020,Pre-trade hedging: Evidence from the issuance of retail structured products,https://doi.org/10.1016/j.jfineco.2020.02.004,https://doi.org/10.1016/j.jfineco.2020.02.004,paywalled,未找到开放获取副本
journal-of-financial-economics,2020,Dynamic resource allocation with hidden volatility,https://doi.org/10.1016/j.jfineco.2020.12.006,https://doi.org/10.1016/j.jfineco.2020.12.006,paywalled,未找到开放获取副本
journal-of-financial-economics,2020,Can unpredictable risk exposure be priced?,https://doi.org/10.1016/j.jfineco.2020.08.006,https://doi.org/10.1016/j.jfineco.2020.08.006,paywalled,未找到开放获取副本
journal-of-financial-economics,2020,The high volume return premium and economic fundamentals,https://doi.org/10.1016/j.jfineco.2020.10.006,https://doi.org/10.1016/j.jfineco.2020.10.006,paywalled,未找到开放获取副本
journal-of-financial-economics,2020,What is the impact of introducing a parallel OTC market? Theory and evidence from the chinese interbank FX market,https://doi.org/10.1016/j.jfineco.2020.10.004,https://doi.org/10.1016/j.jfineco.2020.10.004,paywalled,未找到开放获取副本
journal-of-financial-economics,2020,Index option returns and generalized entropy bounds,https://doi.org/10.1016/j.jfineco.2020.08.011,https://doi.org/10.1016/j.jfineco.2020.08.011,paywalled,未找到开放获取副本
journal-of-financial-economics,2020,Procyclicality of the comovement between dividend growth and consumption growth,https://doi.org/10.1016/j.jfineco.2020.07.013,https://doi.org/10.1016/j.jfineco.2020.07.013,paywalled,未找到开放获取副本
journal-of-financial-economics,2020,When low beats high: Riding the sales seasonality premium,https://doi.org/10.1016/j.jfineco.2020.06.003,https://doi.org/10.1016/j.jfineco.2020.06.003,paywalled,未找到开放获取副本
journal-of-financial-economics,2020,"Dealers’ insurance, market structure, and liquidity",https://doi.org/10.1016/j.jfineco.2020.06.013,https://doi.org/10.1016/j.jfineco.2020.06.013,paywalled,non-pdf-content
journal-of-financial-economics,2020,Long-term reversals in the corporate bond market,https://doi.org/10.1016/j.jfineco.2020.08.007,https://doi.org/10.1016/j.jfineco.2020.08.007,paywalled,未找到开放获取副本
journal-of-financial-economics,2020,Anomaly-Signs Detection Techniques of Steel Making Facilities Utilizing Data Science,,https://jglobal.jst.go.jp/en/detail?JGLOBAL_ID=202002237284545607,paywalled,未找到开放获取副本
journal-of-financial-intermediation,2026,"Bank lending, liquidity regulation and unconventional monetary policies in the Eurozone",https://doi.org/10.1016/j.jfi.2026.101195,https://doi.org/10.1016/j.jfi.2026.101195,paywalled,non-pdf-content
journal-of-financial-intermediation,2025,Why DeFi lending? Evidence from Aave V2,https://doi.org/10.1016/j.jfi.2025.101166,https://doi.org/10.1016/j.jfi.2025.101166,paywalled,未找到开放获取副本
journal-of-financial-intermediation,2025,"Douglas Gale’s contribution to social learning, decision under risk and uncertainty, monotone games and networks",https://doi.org/10.1016/j.jfi.2025.101141,https://doi.org/10.1016/j.jfi.2025.101141,paywalled,未找到开放获取副本
journal-of-financial-intermediation,2025,Lending relationships and access to currency hedging: Evidence from Brazil,https://doi.org/10.1016/j.jfi.2025.101153,https://doi.org/10.1016/j.jfi.2025.101153,paywalled,未找到开放获取副本
journal-of-financial-intermediation,2024,Intermediary frictions and convertible bond pricing,https://doi.org/10.1016/j.jfi.2024.101085,https://doi.org/10.1016/j.jfi.2024.101085,paywalled,non-pdf-content
journal-of-financial-intermediation,2024,Scope and limits of bank liquidity creation,https://doi.org/10.1016/j.jfi.2024.101123,https://doi.org/10.1016/j.jfi.2024.101123,paywalled,non-pdf-content
journal-of-financial-intermediation,2024,Managerial structure in the hedge fund industry,https://doi.org/10.1016/j.jfi.2024.101089,https://doi.org/10.1016/j.jfi.2024.101089,paywalled,未找到开放获取副本
journal-of-financial-intermediation,2024,Optimal timing of policy interventions in troubled banks,https://doi.org/10.1016/j.jfi.2024.101116,https://doi.org/10.1016/j.jfi.2024.101116,paywalled,non-pdf-content
journal-of-financial-intermediation,2024,Whatever it takes? Market maker of last resort and its fragility,https://doi.org/10.1016/j.jfi.2024.101117,https://doi.org/10.1016/j.jfi.2024.101117,paywalled,未找到开放获取副本
journal-of-financial-intermediation,2023,Bank stability and the price of loan commitments,https://doi.org/10.1016/j.jfi.2023.101027,https://doi.org/10.1016/j.jfi.2023.101027,paywalled,non-pdf-content
journal-of-financial-intermediation,2023,"Pricing, issuance volume, and design of innovative securities: The role of investor information",https://doi.org/10.1016/j.jfi.2023.101041,https://doi.org/10.1016/j.jfi.2023.101041,paywalled,未找到开放获取副本
journal-of-financial-intermediation,2022,The dark side of liquidity regulation: Bank opacity and funding liquidity risk,https://doi.org/10.1016/j.jfi.2022.100990,https://doi.org/10.1016/j.jfi.2022.100990,paywalled,non-pdf-content
journal-of-financial-intermediation,2022,Inefficient liquidity creation,https://doi.org/10.1016/j.jfi.2022.100996,https://doi.org/10.1016/j.jfi.2022.100996,paywalled,未找到开放获取副本
journal-of-financial-intermediation,2022,What do mutual fund managers’ private portfolios tell us about their skills?,https://doi.org/10.1016/j.jfi.2022.100999,https://doi.org/10.1016/j.jfi.2022.100999,paywalled,non-pdf-content
journal-of-financial-intermediation,2022,Carrot and stick: A role for benchmark-adjusted compensation in active fund management,https://doi.org/10.1016/j.jfi.2022.100981,https://doi.org/10.1016/j.jfi.2022.100981,paywalled,未找到开放获取副本
journal-of-financial-intermediation,2022,Do prime brokers intermediate capital?,https://doi.org/10.1016/j.jfi.2022.101004,https://doi.org/10.1016/j.jfi.2022.101004,paywalled,未找到开放获取副本
journal-of-financial-intermediation,2021,Liquidity and price pressure in the corporate bond market: evidence from mega-bonds,https://doi.org/10.1016/j.jfi.2021.100922,https://doi.org/10.1016/j.jfi.2021.100922,paywalled,non-pdf-content
journal-of-financial-intermediation,2021,The external effects of bank executive pay: Liquidity creation and systemic risk,https://doi.org/10.1016/j.jfi.2021.100920,https://doi.org/10.1016/j.jfi.2021.100920,paywalled,未找到开放获取副本
journal-of-financial-intermediation,2021,Two shades of opacity: Hidden orders and dark trading,https://doi.org/10.1016/j.jfi.2021.100919,https://doi.org/10.1016/j.jfi.2021.100919,paywalled,未找到开放获取副本
journal-of-financial-intermediation,2021,The company you keep: Investment adviser clientele and mutual fund performance✰,https://doi.org/10.1016/j.jfi.2021.100947,https://doi.org/10.1016/j.jfi.2021.100947,paywalled,未找到开放获取副本
journal-of-financial-intermediation,2021,Who Values Economist Forecasts? Evidence From Trading in Treasury Markets,https://doi.org/10.1016/j.jfi.2021.100934,https://doi.org/10.1016/j.jfi.2021.100934,paywalled,未找到开放获取副本
journal-of-financial-intermediation,2020,Economic policy uncertainty and bank liquidity hoarding,https://doi.org/10.1016/j.jfi.2020.100893,https://doi.org/10.1016/j.jfi.2020.100893,paywalled,未找到开放获取副本
journal-of-financial-intermediation,2020,"Safe but fragile: Information acquisition, liquidity support and redemption runs",https://doi.org/10.1016/j.jfi.2020.100898,https://doi.org/10.1016/j.jfi.2020.100898,paywalled,未找到开放获取副本
journal-of-financial-intermediation,2020,Sources of Liquidity and Liquidity Shortages,https://doi.org/10.1016/j.jfi.2020.100869,https://doi.org/10.1016/j.jfi.2020.100869,failed,HTTP 403
journal-of-financial-intermediation,2020,Real liquidity and banking,https://doi.org/10.1016/j.jfi.2020.100895,https://doi.org/10.1016/j.jfi.2020.100895,paywalled,未找到开放获取副本
journal-of-financial-markets,2026,Order flow and cryptocurrency returns,https://doi.org/10.1016/j.finmar.2026.101047,https://doi.org/10.1016/j.finmar.2026.101047,paywalled,non-pdf-content
journal-of-financial-markets,2026,Ripples after the fall: How P2P collapse shakes stock market risk preferences,https://doi.org/10.1016/j.finmar.2025.101045,https://doi.org/10.1016/j.finmar.2025.101045,paywalled,未找到开放获取副本
journal-of-financial-markets,2026,Managing redemption risk: The use of ETFs by open-ended funds,https://doi.org/10.1016/j.finmar.2026.101046,https://doi.org/10.1016/j.finmar.2026.101046,paywalled,未找到开放获取副本
journal-of-financial-markets,2026,Editorial Board,https://doi.org/10.1016/s1386-4181(26)00006-6,https://doi.org/10.1016/s1386-4181(26)00006-6,paywalled,未找到开放获取副本
journal-of-financial-markets,2026,What do leveraged traders seek and gain from social media tone?,https://doi.org/10.1016/j.finmar.2026.101057,https://doi.org/10.1016/j.finmar.2026.101057,paywalled,未找到开放获取副本
journal-of-financial-markets,2026,The price impacts of informed investors,https://doi.org/10.1016/j.finmar.2026.101058,https://doi.org/10.1016/j.finmar.2026.101058,paywalled,non-pdf-content
journal-of-financial-markets,2026,The AI and machine learning revolution in financial markets,https://doi.org/10.1016/j.finmar.2026.101059,https://doi.org/10.1016/j.finmar.2026.101059,paywalled,未找到开放获取副本
journal-of-financial-markets,2026,Do retail traders gamble on stock options?,https://doi.org/10.1016/j.finmar.2026.101062,https://doi.org/10.1016/j.finmar.2026.101062,paywalled,未找到开放获取副本
journal-of-financial-markets,2026,Sustainable investing under delegated investment management,https://doi.org/10.1016/j.finmar.2026.101060,https://doi.org/10.1016/j.finmar.2026.101060,paywalled,未找到开放获取副本
journal-of-financial-markets,2026,"Corrigendum to “Search friction, liquidity risk, and bond misallocation” [J. Financ. Mark., 70 (2024) 100912]",https://doi.org/10.1016/j.finmar.2026.101061,https://doi.org/10.1016/j.finmar.2026.101061,paywalled,未找到开放获取副本
journal-of-financial-markets,2026,Editorial Board,https://doi.org/10.1016/s1386-4181(26)00021-2,https://doi.org/10.1016/s1386-4181(26)00021-2,paywalled,未找到开放获取副本
journal-of-financial-markets,2026,The effect of secondary market closure on primary market liquidity: Evidence from peer-to-peer lending,https://doi.org/10.1016/j.finmar.2026.101069,https://doi.org/10.1016/j.finmar.2026.101069,paywalled,未找到开放获取副本
journal-of-financial-markets,2026,The investment effects of dark trading,https://doi.org/10.1016/j.finmar.2026.101072,https://doi.org/10.1016/j.finmar.2026.101072,paywalled,non-pdf-content
journal-of-financial-markets,2026,High-frequency traders’ single-dealer platforms and market quality,https://doi.org/10.1016/j.finmar.2026.101074,https://doi.org/10.1016/j.finmar.2026.101074,paywalled,non-pdf-content
journal-of-financial-markets,2025,Investor sentiment and stock returns: Wisdom of crowds or power of words? Evidence from Seeking Alpha and Wall Street Journal,https://doi.org/10.1016/j.finmar.2025.100970,https://doi.org/10.1016/j.finmar.2025.100970,paywalled,non-pdf-content
journal-of-financial-markets,2025,Bank of Japan’s ETF purchase program and equity risk premium: A CAPM interpretation,https://doi.org/10.1016/j.finmar.2025.100961,https://doi.org/10.1016/j.finmar.2025.100961,paywalled,non-pdf-content
journal-of-financial-markets,2025,"Revisiting the <mml:math xmlns:mml=""http://www.w3.org/1998/Math/MathML"" altimg=""si5.svg"" display=""inline"" id=""d1e9793""><mml:mi mathvariant=""bold"">∪</mml:mi></mml:math>-shaped patterns in volatility and price impacts: Novel results using trade-time estimates",https://doi.org/10.1016/j.finmar.2025.100971,https://doi.org/10.1016/j.finmar.2025.100971,paywalled,non-pdf-content
journal-of-financial-markets,2025,Stock exchanges as platforms for data and trading,https://doi.org/10.1016/j.finmar.2025.100986,https://doi.org/10.1016/j.finmar.2025.100986,paywalled,未找到开放获取副本
journal-of-financial-markets,2025,Institutional trading and ESG controversies,https://doi.org/10.1016/j.finmar.2025.101003,https://doi.org/10.1016/j.finmar.2025.101003,paywalled,未找到开放获取副本
journal-of-financial-markets,2025,"Faster than flying: High-speed rail, investors, and firms",https://doi.org/10.1016/j.finmar.2025.100984,https://doi.org/10.1016/j.finmar.2025.100984,paywalled,未找到开放获取副本
journal-of-financial-markets,2025,Queuing and inventories in limit order markets,https://doi.org/10.1016/j.finmar.2025.100982,https://doi.org/10.1016/j.finmar.2025.100982,paywalled,non-pdf-content
journal-of-financial-markets,2025,On the efficiency contributions of analyst recommendations to financial markets,https://doi.org/10.1016/j.finmar.2025.100985,https://doi.org/10.1016/j.finmar.2025.100985,paywalled,未找到开放获取副本
journal-of-financial-markets,2025,Does familiarity breed activism? Geography and hedge fund activism,https://doi.org/10.1016/j.finmar.2025.101005,https://doi.org/10.1016/j.finmar.2025.101005,paywalled,non-pdf-content
journal-of-financial-markets,2025,Commodity sentiment in predicting index futures returns,https://doi.org/10.1016/j.finmar.2025.101025,https://doi.org/10.1016/j.finmar.2025.101025,paywalled,未找到开放获取副本
journal-of-financial-markets,2025,Identifying and characterizing opening auction manipulation,https://doi.org/10.1016/j.finmar.2025.101031,https://doi.org/10.1016/j.finmar.2025.101031,paywalled,未找到开放获取副本
journal-of-financial-markets,2025,Too many irons in the fire: The impact of limited institutional attention on market microstructure and efficiency,https://doi.org/10.1016/j.finmar.2025.100969,https://doi.org/10.1016/j.finmar.2025.100969,paywalled,未找到开放获取副本
journal-of-financial-markets,2025,ETF effects: The role of primary versus secondary market activities,https://doi.org/10.1016/j.finmar.2025.100983,https://doi.org/10.1016/j.finmar.2025.100983,paywalled,未找到开放获取副本
journal-of-financial-markets,2025,Institutional granular impact is benign on asset sales and price efficiency,https://doi.org/10.1016/j.finmar.2025.100987,https://doi.org/10.1016/j.finmar.2025.100987,failed,HTTP 403
journal-of-financial-markets,2025,Risk concerns and market liquidity: A regression discontinuity design,https://doi.org/10.1016/j.finmar.2025.100989,https://doi.org/10.1016/j.finmar.2025.100989,paywalled,未找到开放获取副本
journal-of-financial-markets,2025,Machine+Heuristics: Nonlinear parametric portfolio policies with economic restrictions,https://doi.org/10.1016/j.finmar.2025.101001,https://doi.org/10.1016/j.finmar.2025.101001,paywalled,未找到开放获取副本
journal-of-financial-markets,2025,Liquidity spillovers: Evidence from two-step spinoffs,https://doi.org/10.1016/j.finmar.2025.101000,https://doi.org/10.1016/j.finmar.2025.101000,paywalled,未找到开放获取副本
journal-of-financial-markets,2025,International corporate bond returns: Uncovering predictability using machine learning,https://doi.org/10.1016/j.finmar.2025.101008,https://doi.org/10.1016/j.finmar.2025.101008,paywalled,non-pdf-content
journal-of-financial-markets,2025,Do investors gamble with going-concern firms?,https://doi.org/10.1016/j.finmar.2025.101011,https://doi.org/10.1016/j.finmar.2025.101011,paywalled,未找到开放获取副本
journal-of-financial-markets,2025,Convertible bond return predictability with machine learning,https://doi.org/10.1016/j.finmar.2025.101010,https://doi.org/10.1016/j.finmar.2025.101010,paywalled,未找到开放获取副本
journal-of-financial-markets,2025,Coarse pricing in QE auctions,https://doi.org/10.1016/j.finmar.2024.100959,https://doi.org/10.1016/j.finmar.2024.100959,paywalled,non-pdf-content
journal-of-financial-markets,2025,Speed competition and strategic trading,https://doi.org/10.1016/j.finmar.2025.100972,https://doi.org/10.1016/j.finmar.2025.100972,paywalled,未找到开放获取副本
journal-of-financial-markets,2025,Auction-based tests of inventory control and private information in a centralized interdealer FX market,https://doi.org/10.1016/j.finmar.2025.100981,https://doi.org/10.1016/j.finmar.2025.100981,paywalled,non-pdf-content
journal-of-financial-markets,2025,Social norms and stock lending,https://doi.org/10.1016/j.finmar.2025.100991,https://doi.org/10.1016/j.finmar.2025.100991,paywalled,未找到开放获取副本
journal-of-financial-markets,2025,"Trading behavior, asset price, and market quality: Based on probabilistic attitude",https://doi.org/10.1016/j.finmar.2025.100990,https://doi.org/10.1016/j.finmar.2025.100990,paywalled,未找到开放获取副本
journal-of-financial-markets,2025,Can news predict firm bankruptcy?,https://doi.org/10.1016/j.finmar.2025.101002,https://doi.org/10.1016/j.finmar.2025.101002,paywalled,non-pdf-content
journal-of-financial-markets,2025,Dealer competition in over-the-counter markets,https://doi.org/10.1016/j.finmar.2025.101004,https://doi.org/10.1016/j.finmar.2025.101004,paywalled,non-pdf-content
journal-of-financial-markets,2025,The Chinese trading halt puzzle,https://doi.org/10.1016/j.finmar.2025.101007,https://doi.org/10.1016/j.finmar.2025.101007,paywalled,未找到开放获取副本
journal-of-financial-markets,2025,Environmental sustainability and stock returns,https://doi.org/10.1016/j.finmar.2025.101006,https://doi.org/10.1016/j.finmar.2025.101006,paywalled,non-pdf-content
journal-of-financial-markets,2025,Extreme fund performance and investor divergence in beliefs about manager skill,https://doi.org/10.1016/j.finmar.2025.101009,https://doi.org/10.1016/j.finmar.2025.101009,paywalled,未找到开放获取副本
journal-of-financial-markets,2025,Tick size increase and default risk of small-cap U.S. firms: Evidence from a natural experiment,https://doi.org/10.1016/j.finmar.2025.101022,https://doi.org/10.1016/j.finmar.2025.101022,paywalled,未找到开放获取副本
journal-of-financial-markets,2025,Platform marketing growth and mutual fund outcomes: Evidence from China,https://doi.org/10.1016/j.finmar.2025.101023,https://doi.org/10.1016/j.finmar.2025.101023,paywalled,未找到开放获取副本
journal-of-financial-markets,2025,When does the tick size help or harm market quality? Evidence from the Tick Size Pilot,https://doi.org/10.1016/j.finmar.2025.101024,https://doi.org/10.1016/j.finmar.2025.101024,paywalled,non-pdf-content
journal-of-financial-markets,2025,Incentives matter: Domestic funds and price informativeness improvement,https://doi.org/10.1016/j.finmar.2025.101027,https://doi.org/10.1016/j.finmar.2025.101027,paywalled,未找到开放获取副本
journal-of-financial-markets,2025,"Product markets, gender, and investment behavior",https://doi.org/10.1016/j.finmar.2025.101030,https://doi.org/10.1016/j.finmar.2025.101030,paywalled,未找到开放获取副本
journal-of-financial-markets,2025,Intraday proprietary traders and short-term mispricing,https://doi.org/10.1016/j.finmar.2025.101028,https://doi.org/10.1016/j.finmar.2025.101028,paywalled,未找到开放获取副本
journal-of-financial-markets,2025,Technical indicators and the cross-section of corporate bond returns in a machine learning era,https://doi.org/10.1016/j.finmar.2025.101029,https://doi.org/10.1016/j.finmar.2025.101029,paywalled,non-pdf-content
journal-of-financial-markets,2025,The crumbling wall between crypto and non-crypto markets: Risk transmission through stablecoins,https://doi.org/10.1016/j.finmar.2025.101043,https://doi.org/10.1016/j.finmar.2025.101043,paywalled,未找到开放获取副本
journal-of-financial-markets,2025,Mandatory co-investment and lock-up in China: A case of inconsistency in gradualistic financial market reform,https://doi.org/10.1016/j.finmar.2025.101041,https://doi.org/10.1016/j.finmar.2025.101041,paywalled,未找到开放获取副本
journal-of-financial-markets,2025,Meta-learning for return prediction in shifting market regimes,https://doi.org/10.1016/j.finmar.2025.101042,https://doi.org/10.1016/j.finmar.2025.101042,paywalled,未找到开放获取副本
journal-of-financial-markets,2025,AI availability and U.S. corporate bond markets,https://doi.org/10.1016/j.finmar.2025.101033,https://doi.org/10.1016/j.finmar.2025.101033,paywalled,未找到开放获取副本
journal-of-financial-markets,2025,Informed securities lending: Evidence from structured finance,https://doi.org/10.1016/j.finmar.2025.101032,https://doi.org/10.1016/j.finmar.2025.101032,paywalled,未找到开放获取副本
journal-of-financial-markets,2025,Editorial Board,https://doi.org/10.1016/s1386-4181(25)00078-3,https://doi.org/10.1016/s1386-4181(25)00078-3,paywalled,non-pdf-content
journal-of-financial-markets,2025,Investing under ambiguity and relative performance concerns,https://doi.org/10.1016/j.finmar.2025.101044,https://doi.org/10.1016/j.finmar.2025.101044,paywalled,未找到开放获取副本
journal-of-financial-markets,2024,"Robinhood, Reddit, and the news: The impact of traditional and social media on retail investor trading",https://doi.org/10.1016/j.finmar.2024.100929,https://doi.org/10.1016/j.finmar.2024.100929,paywalled,non-pdf-content
journal-of-financial-markets,2024,Institutional herding and investor sentiment,https://doi.org/10.1016/j.finmar.2024.100891,https://doi.org/10.1016/j.finmar.2024.100891,paywalled,未找到开放获取副本
journal-of-financial-markets,2024,"Fundamental characteristics, machine learning, and stock price crash risk",https://doi.org/10.1016/j.finmar.2024.100908,https://doi.org/10.1016/j.finmar.2024.100908,paywalled,未找到开放获取副本
journal-of-financial-markets,2024,Synchronous social media and the stock market,https://doi.org/10.1016/j.finmar.2024.100915,https://doi.org/10.1016/j.finmar.2024.100915,paywalled,未找到开放获取副本
journal-of-financial-markets,2024,Extreme illiquidity and cross-sectional corporate bond returns,https://doi.org/10.1016/j.finmar.2024.100895,https://doi.org/10.1016/j.finmar.2024.100895,paywalled,未找到开放获取副本
journal-of-financial-markets,2024,Leveraged trading and stock returns: Evidence from international stock markets,https://doi.org/10.1016/j.finmar.2024.100907,https://doi.org/10.1016/j.finmar.2024.100907,paywalled,未找到开放获取副本
journal-of-financial-markets,2024,Oil information uncertainty and aggregate market returns: A natural experiment based on satellite data,https://doi.org/10.1016/j.finmar.2024.100913,http://dx.doi.org/10.1016/j.finmar.2024.100913,paywalled,未找到开放获取副本
journal-of-financial-markets,2024,Microstructure and Market Dynamics in Crypto Markets,https://doi.org/10.1016/j.finmar.2026.101071,https://doi.org/10.1016/j.finmar.2026.101071,failed,HTTP 403
journal-of-financial-markets,2024,Arbitrage opportunities and efficiency tests in crypto derivatives,https://doi.org/10.1016/j.finmar.2024.100930,https://doi.org/10.1016/j.finmar.2024.100930,paywalled,non-pdf-content
journal-of-financial-markets,2024,The role of options markets in corporate social responsibility,https://doi.org/10.1016/j.finmar.2024.100910,https://doi.org/10.1016/j.finmar.2024.100910,failed,HTTP 202
journal-of-financial-markets,2024,"Margin trading, short selling, and information asymmetry",https://doi.org/10.1016/j.finmar.2024.100926,http://dx.doi.org/10.1016/j.finmar.2024.100926,paywalled,未找到开放获取副本
journal-of-financial-markets,2024,Institutional investor cliques and stock price efficiency: Evidence from China,https://doi.org/10.1016/j.finmar.2024.100935,https://doi.org/10.1016/j.finmar.2024.100935,paywalled,未找到开放获取副本
journal-of-financial-markets,2024,Algorithmic trading and market efficiency around the introduction of the NYSE Hybrid Market,https://doi.org/10.1016/j.finmar.2024.100909,https://doi.org/10.1016/j.finmar.2024.100909,paywalled,non-pdf-content
journal-of-financial-markets,2024,Financial news media and volatility: Is there more to newspapers than news?,https://doi.org/10.1016/j.finmar.2024.100896,https://doi.org/10.1016/j.finmar.2024.100896,paywalled,non-pdf-content
journal-of-financial-markets,2024,The impact of margin requirements on voluntary clearing decisions,https://doi.org/10.1016/j.finmar.2024.100892,https://doi.org/10.1016/j.finmar.2024.100892,paywalled,未找到开放获取副本
journal-of-financial-markets,2024,Strategic trading as a response to short sellers,https://doi.org/10.1016/j.finmar.2024.100911,https://doi.org/10.1016/j.finmar.2024.100911,paywalled,未找到开放获取副本
journal-of-financial-markets,2024,Can stock trading suspension calm down investors during market crises?,https://doi.org/10.1016/j.finmar.2024.100934,https://doi.org/10.1016/j.finmar.2024.100934,paywalled,未找到开放获取副本
journal-of-financial-markets,2024,The volatility of stock investor returns,https://doi.org/10.1016/j.finmar.2024.100927,https://doi.org/10.1016/j.finmar.2024.100927,paywalled,未找到开放获取副本
journal-of-financial-markets,2024,Are fund managers rewarded for taking cyclical risks?,https://doi.org/10.1016/j.finmar.2024.100893,https://doi.org/10.1016/j.finmar.2024.100893,paywalled,未找到开放获取副本
journal-of-financial-markets,2024,"December doldrums, investor distraction, and the stock market reaction to unscheduled news events",https://doi.org/10.1016/j.finmar.2024.100928,https://doi.org/10.1016/j.finmar.2024.100928,paywalled,未找到开放获取副本
journal-of-financial-markets,2024,"Firm visibility, liquidity, and valuation for thinly traded assets",https://doi.org/10.1016/j.finmar.2024.100914,http://dx.doi.org/10.1016/j.finmar.2024.100914,paywalled,未找到开放获取副本
journal-of-financial-markets,2024,Short selling and the pricing of PIN information risk,https://doi.org/10.1016/j.finmar.2024.100931,https://doi.org/10.1016/j.finmar.2024.100931,paywalled,未找到开放获取副本
journal-of-financial-markets,2024,Asymmetry and the cross-section of option returns,https://doi.org/10.1016/j.finmar.2024.100932,https://doi.org/10.1016/j.finmar.2024.100932,paywalled,未找到开放获取副本
journal-of-financial-markets,2024,Unintended consequence of high bid price exclusion in IPO auctions: Evidence from China,https://doi.org/10.1016/j.finmar.2024.100936,https://doi.org/10.1016/j.finmar.2024.100936,paywalled,未找到开放获取副本
journal-of-financial-markets,2024,An ETF-based measure of stock price fragility,https://doi.org/10.1016/j.finmar.2024.100946,https://doi.org/10.1016/j.finmar.2024.100946,paywalled,未找到开放获取副本
journal-of-financial-markets,2024,The price effect of temporary short-selling bans: Theory and evidence,https://doi.org/10.1016/j.finmar.2024.100890,https://doi.org/10.1016/j.finmar.2024.100890,paywalled,未找到开放获取副本
journal-of-financial-markets,2024,Bottom Up vs Top Down: What Does Firm 10-K Tell Us?,https://doi.org/10.1016/j.finmar.2026.101070,https://doi.org/10.1016/j.finmar.2026.101070,failed,HTTP 403
journal-of-financial-markets,2024,"Search friction, liquidity risk, and bond misallocation",https://doi.org/10.1016/j.finmar.2024.100912,http://dx.doi.org/10.1016/j.finmar.2024.100912,paywalled,未找到开放获取副本
journal-of-financial-markets,2024,Doctors managing mutual funds: Returns to specialization in asset management,https://doi.org/10.1016/j.finmar.2024.100916,http://dx.doi.org/10.1016/j.finmar.2024.100916,paywalled,未找到开放获取副本
journal-of-financial-markets,2024,Financial congestion,https://doi.org/10.1016/j.finmar.2024.100933,https://doi.org/10.1016/j.finmar.2024.100933,paywalled,未找到开放获取副本
journal-of-financial-markets,2024,Do short-sale constraints inhibit information acquisition? Evidence from regulation SHO,https://doi.org/10.1016/j.finmar.2024.100945,https://doi.org/10.1016/j.finmar.2024.100945,paywalled,未找到开放获取副本
journal-of-financial-markets,2024,The price evolution in financial markets under influence of published opinions,https://doi.org/10.1016/j.finmar.2024.100947,https://doi.org/10.1016/j.finmar.2024.100947,paywalled,未找到开放获取副本
journal-of-financial-markets,2024,"Bigger pie, bigger slice: liquidity, value gain, and underpricing in IPOs",https://doi.org/10.1016/j.finmar.2024.100949,https://doi.org/10.1016/j.finmar.2024.100949,paywalled,未找到开放获取副本
journal-of-financial-markets,2024,Does the threat of short selling discipline management? Evidence from default risk changes around regulation SHO,https://doi.org/10.1016/j.finmar.2024.100960,https://doi.org/10.1016/j.finmar.2024.100960,paywalled,未找到开放获取副本
journal-of-financial-markets,2023,Who trades at the close? Implications for price discovery and liquidity,https://doi.org/10.1016/j.finmar.2023.100852,https://doi.org/10.1016/j.finmar.2023.100852,paywalled,未找到开放获取副本
journal-of-financial-markets,2023,Arbitrage in the market for cryptocurrencies,https://doi.org/10.1016/j.finmar.2023.100817,https://doi.org/10.1016/j.finmar.2023.100817,failed,HTTP 403
journal-of-financial-markets,2023,"COVID-19 pandemic and the stock market: Liquidity, price efficiency, and trading",https://doi.org/10.1016/j.finmar.2023.100803,https://doi.org/10.1016/j.finmar.2023.100803,paywalled,non-pdf-content
journal-of-financial-markets,2023,"Dissecting the listing gap: Mergers, private equity, or regulation?",https://doi.org/10.1016/j.finmar.2023.100836,https://doi.org/10.1016/j.finmar.2023.100836,paywalled,未找到开放获取副本
journal-of-financial-markets,2023,The exit choices of European private firms: A dynamic empirical analysis,https://doi.org/10.1016/j.finmar.2023.100821,https://doi.org/10.1016/j.finmar.2023.100821,paywalled,未找到开放获取副本
journal-of-financial-markets,2023,Does stock market rescue affect investment efficiency in the real sector?,https://doi.org/10.1016/j.finmar.2023.100859,https://doi.org/10.1016/j.finmar.2023.100859,paywalled,未找到开放获取副本
journal-of-financial-markets,2023,Spillover effects between liquidity risks through endogenous debt maturity,https://doi.org/10.1016/j.finmar.2023.100814,https://doi.org/10.1016/j.finmar.2023.100814,paywalled,未找到开放获取副本
journal-of-financial-markets,2023,The lead–lag relation between VIX futures and SPX futures,https://doi.org/10.1016/j.finmar.2023.100851,https://doi.org/10.1016/j.finmar.2023.100851,paywalled,non-pdf-content
journal-of-financial-markets,2023,Job postings and aggregate stock returns,https://doi.org/10.1016/j.finmar.2023.100804,https://doi.org/10.1016/j.finmar.2023.100804,paywalled,未找到开放获取副本
journal-of-financial-markets,2023,Daily short selling around reverse stock splits,https://doi.org/10.1016/j.finmar.2023.100832,https://doi.org/10.1016/j.finmar.2023.100832,paywalled,未找到开放获取副本
journal-of-financial-markets,2023,Corporate bond price reversals,https://doi.org/10.1016/j.finmar.2023.100880,https://doi.org/10.1016/j.finmar.2023.100880,paywalled,non-pdf-content
journal-of-financial-markets,2023,Insider trading regulation and trader migration,https://doi.org/10.1016/j.finmar.2023.100839,https://doi.org/10.1016/j.finmar.2023.100839,paywalled,non-pdf-content
journal-of-financial-markets,2023,Surprise in short interest,https://doi.org/10.1016/j.finmar.2023.100841,https://doi.org/10.1016/j.finmar.2023.100841,paywalled,non-pdf-content
journal-of-financial-markets,2023,The disappearing profitability of volatility-managed equity factors,https://doi.org/10.1016/j.finmar.2023.100857,https://doi.org/10.1016/j.finmar.2023.100857,failed,HTTP 403
journal-of-financial-markets,2023,Does better liquidity for large orders attract institutional investors and analysts? Evidence from the Tick Size Pilot Program,https://doi.org/10.1016/j.finmar.2023.100870,https://doi.org/10.1016/j.finmar.2023.100870,paywalled,未找到开放获取副本
journal-of-financial-markets,2023,Strategic trading by insiders in the presence of institutional investors,https://doi.org/10.1016/j.finmar.2022.100802,https://doi.org/10.1016/j.finmar.2022.100802,paywalled,未找到开放获取副本
journal-of-financial-markets,2023,Common short selling and excess comovement: Evidence from a sample of LSE stocks,https://doi.org/10.1016/j.finmar.2023.100833,https://doi.org/10.1016/j.finmar.2023.100833,paywalled,non-pdf-content
journal-of-financial-markets,2023,Information flow and credit rating announcements,https://doi.org/10.1016/j.finmar.2023.100837,https://doi.org/10.1016/j.finmar.2023.100837,paywalled,non-pdf-content
journal-of-financial-markets,2023,Business seasonality and stock liquidity,https://doi.org/10.1016/j.finmar.2023.100869,https://doi.org/10.1016/j.finmar.2023.100869,paywalled,未找到开放获取副本
journal-of-financial-markets,2023,Modern OTC market structure and liquidity: The tale of three tiers,https://doi.org/10.1016/j.finmar.2023.100815,https://doi.org/10.1016/j.finmar.2023.100815,paywalled,未找到开放获取副本
journal-of-financial-markets,2023,Order splitting and interacting with a counterparty,https://doi.org/10.1016/j.finmar.2023.100850,https://doi.org/10.1016/j.finmar.2023.100850,paywalled,未找到开放获取副本
journal-of-financial-markets,2023,Newspapers tone and the overnight-intraday stock return anomaly,https://doi.org/10.1016/j.finmar.2023.100838,https://doi.org/10.1016/j.finmar.2023.100838,paywalled,未找到开放获取副本
journal-of-financial-markets,2023,Spoilt for choice: Determinants of market shares in fragmented equity markets,https://doi.org/10.1016/j.finmar.2023.100816,https://doi.org/10.1016/j.finmar.2023.100816,paywalled,non-pdf-content
journal-of-financial-markets,2023,On the choice of central counterparties in the EU,https://doi.org/10.1016/j.finmar.2023.100819,https://doi.org/10.1016/j.finmar.2023.100819,paywalled,未找到开放获取副本
journal-of-financial-markets,2023,Sequential entry in illiquid markets,https://doi.org/10.1016/j.finmar.2023.100818,https://doi.org/10.1016/j.finmar.2023.100818,paywalled,未找到开放获取副本
journal-of-financial-markets,2023,"Quarterly investment spikes, stock returns, and the investment factor",https://doi.org/10.1016/j.finmar.2023.100835,https://doi.org/10.1016/j.finmar.2023.100835,paywalled,未找到开放获取副本
journal-of-financial-markets,2023,Do analysts distribute negative opinions earlier?,https://doi.org/10.1016/j.finmar.2023.100856,https://doi.org/10.1016/j.finmar.2023.100856,paywalled,未找到开放获取副本
journal-of-financial-markets,2023,"Mood, attention, and household trading: Evidence from terrorist attacks",https://doi.org/10.1016/j.finmar.2023.100858,https://doi.org/10.1016/j.finmar.2023.100858,paywalled,未找到开放获取副本
journal-of-financial-markets,2023,Abnormal stock returns and shorting around securities class action lawsuits: The role of pre-filing news releases,https://doi.org/10.1016/j.finmar.2023.100868,https://doi.org/10.1016/j.finmar.2023.100868,paywalled,未找到开放获取副本
journal-of-financial-markets,2023,Benchmarking the effects of the Fed's Secondary Market Corporate Credit Facility using Yankee bonds,https://doi.org/10.1016/j.finmar.2023.100805,https://doi.org/10.1016/j.finmar.2023.100805,paywalled,未找到开放获取副本
journal-of-financial-markets,2023,The role of idiosyncratic jumps in stock markets,https://doi.org/10.1016/j.finmar.2023.100820,https://doi.org/10.1016/j.finmar.2023.100820,paywalled,未找到开放获取副本
journal-of-financial-markets,2023,Price bands and their effects on equity markets: Evidence from a natural experiment,https://doi.org/10.1016/j.finmar.2023.100840,https://doi.org/10.1016/j.finmar.2023.100840,paywalled,non-pdf-content
journal-of-financial-markets,2023,Informed trading prior to financial misconduct: Evidence from option markets,https://doi.org/10.1016/j.finmar.2023.100855,https://doi.org/10.1016/j.finmar.2023.100855,paywalled,未找到开放获取副本
journal-of-financial-markets,2023,Private information disclosure in the secondary loan market and its impact on equity market trading costs,https://doi.org/10.1016/j.finmar.2023.100867,https://doi.org/10.1016/j.finmar.2023.100867,paywalled,未找到开放获取副本
journal-of-financial-markets,2023,Disentangling the supply and announcement effects of open market operations,https://doi.org/10.1016/j.finmar.2023.100871,https://doi.org/10.1016/j.finmar.2023.100871,paywalled,未找到开放获取副本
journal-of-financial-markets,2022,Climate risks and realized volatility of major commodity currency exchange rates,https://doi.org/10.1016/j.finmar.2022.100760,https://doi.org/10.1016/j.finmar.2022.100760,paywalled,non-pdf-content
journal-of-financial-markets,2022,Investor attention and municipal bond returns,https://doi.org/10.1016/j.finmar.2022.100738,https://doi.org/10.1016/j.finmar.2022.100738,paywalled,未找到开放获取副本
journal-of-financial-markets,2022,Net buying pressure and the information in bitcoin option trades,https://doi.org/10.1016/j.finmar.2022.100764,https://doi.org/10.1016/j.finmar.2022.100764,failed,HTTP 202
journal-of-financial-markets,2022,Climate events and return comovement,https://doi.org/10.1016/j.finmar.2022.100731,https://doi.org/10.1016/j.finmar.2022.100731,paywalled,未找到开放获取副本
journal-of-financial-markets,2022,Limited investor attention and biased reactions to information: Evidence from the COVID-19 pandemic,https://doi.org/10.1016/j.finmar.2022.100757,https://doi.org/10.1016/j.finmar.2022.100757,paywalled,non-pdf-content
journal-of-financial-markets,2022,"Investor sentiment, style investing, and momentum",https://doi.org/10.1016/j.finmar.2022.100755,https://doi.org/10.1016/j.finmar.2022.100755,paywalled,未找到开放获取副本
journal-of-financial-markets,2022,Macroeconomics matter: Leading economic indicators and the cross-section of global stock returns,https://doi.org/10.1016/j.finmar.2022.100736,https://doi.org/10.1016/j.finmar.2022.100736,paywalled,未找到开放获取副本
journal-of-financial-markets,2022,Stock illiquidity and option returns,https://doi.org/10.1016/j.finmar.2022.100765,https://doi.org/10.1016/j.finmar.2022.100765,failed,HTTP 403
journal-of-financial-markets,2022,Does the U.S. president affect the stock market?,https://doi.org/10.1016/j.finmar.2021.100704,https://doi.org/10.1016/j.finmar.2021.100704,paywalled,non-pdf-content
journal-of-financial-markets,2022,"Liquidity components: Commonality in liquidity, underreaction, and equity returns",https://doi.org/10.1016/j.finmar.2022.100730,https://doi.org/10.1016/j.finmar.2022.100730,paywalled,non-pdf-content
journal-of-financial-markets,2022,ETF ownership and firm-specific information in corporate bond returns,https://doi.org/10.1016/j.finmar.2022.100772,https://doi.org/10.1016/j.finmar.2022.100772,paywalled,未找到开放获取副本
journal-of-financial-markets,2022,"Standardization, transparency initiatives, and liquidity in the CDS market",https://doi.org/10.1016/j.finmar.2022.100718,https://doi.org/10.1016/j.finmar.2022.100718,failed,HTTP 403
journal-of-financial-markets,2022,Jump and volatility risk in the cross-section of corporate bond returns,https://doi.org/10.1016/j.finmar.2022.100733,https://doi.org/10.1016/j.finmar.2022.100733,paywalled,未找到开放获取副本
journal-of-financial-markets,2022,Risk disclosure in IPO advertisement and the quality of the firm,https://doi.org/10.1016/j.finmar.2022.100789,https://doi.org/10.1016/j.finmar.2022.100789,paywalled,未找到开放获取副本
journal-of-financial-markets,2022,Price discovery during parallel stocks and options preopening: Information distortion and hints of manipulation,https://doi.org/10.1016/j.finmar.2022.100705,https://doi.org/10.1016/j.finmar.2022.100705,paywalled,未找到开放获取副本
journal-of-financial-markets,2022,"Transaction costs, frequent trading, and stock prices",https://doi.org/10.1016/j.finmar.2022.100775,https://doi.org/10.1016/j.finmar.2022.100775,paywalled,未找到开放获取副本
journal-of-financial-markets,2022,"Hidden liquidity, market quality, and order submission strategies",https://doi.org/10.1016/j.finmar.2022.100739,https://doi.org/10.1016/j.finmar.2022.100739,paywalled,未找到开放获取副本
journal-of-financial-markets,2022,Informed options strategies before corporate events,https://doi.org/10.1016/j.finmar.2022.100766,https://doi.org/10.1016/j.finmar.2022.100766,paywalled,未找到开放获取副本
journal-of-financial-markets,2022,Options market ambiguity and its information content,https://doi.org/10.1016/j.finmar.2022.100790,https://doi.org/10.1016/j.finmar.2022.100790,paywalled,未找到开放获取副本
journal-of-financial-markets,2022,Mutual fund preference for pure-play firms,https://doi.org/10.1016/j.finmar.2022.100719,https://doi.org/10.1016/j.finmar.2022.100719,paywalled,未找到开放获取副本
journal-of-financial-markets,2022,Market quality surrounding anticipated distraction events: Evidence from the FIFA World Cup,https://doi.org/10.1016/j.finmar.2022.100768,https://doi.org/10.1016/j.finmar.2022.100768,paywalled,未找到开放获取副本
journal-of-financial-markets,2022,Profitability anomaly and aggregate volatility risk,https://doi.org/10.1016/j.finmar.2022.100782,https://doi.org/10.1016/j.finmar.2022.100782,paywalled,未找到开放获取副本
journal-of-financial-markets,2022,"Transaction fees: Impact on institutional order types, commissions, and execution quality",https://doi.org/10.1016/j.finmar.2022.100717,https://doi.org/10.1016/j.finmar.2022.100717,paywalled,未找到开放获取副本
journal-of-financial-markets,2022,The race to exploit anomalies and the cost of slow trading,https://doi.org/10.1016/j.finmar.2022.100754,https://doi.org/10.1016/j.finmar.2022.100754,failed,HTTP 403
journal-of-financial-markets,2022,Tracking speculative trading,https://doi.org/10.1016/j.finmar.2022.100774,https://doi.org/10.1016/j.finmar.2022.100774,paywalled,non-pdf-content
journal-of-financial-markets,2022,Finding information in obvious places: Work connections and mutual fund investment ideas,https://doi.org/10.1016/j.finmar.2022.100767,https://doi.org/10.1016/j.finmar.2022.100767,paywalled,未找到开放获取副本
journal-of-financial-markets,2022,Who should buy stocks when volatility spikes?,https://doi.org/10.1016/j.finmar.2021.100702,https://doi.org/10.1016/j.finmar.2021.100702,paywalled,未找到开放获取副本
journal-of-financial-markets,2022,Bond risk’s role in the equity risk-return tradeoff,https://doi.org/10.1016/j.finmar.2021.100701,https://doi.org/10.1016/j.finmar.2021.100701,paywalled,未找到开放获取副本
journal-of-financial-markets,2022,"The visible hand: benchmarks, regulation, and liquidity",https://doi.org/10.1016/j.finmar.2022.100734,https://doi.org/10.1016/j.finmar.2022.100734,paywalled,non-pdf-content
journal-of-financial-markets,2022,Local institutional investors and debt maturity,https://doi.org/10.1016/j.finmar.2022.100758,https://doi.org/10.1016/j.finmar.2022.100758,paywalled,未找到开放获取副本
journal-of-financial-markets,2022,A Bayesian analysis of time-varying jump risk in S&amp;P 500 returns and options,https://doi.org/10.1016/j.finmar.2022.100786,https://doi.org/10.1016/j.finmar.2022.100786,paywalled,未找到开放获取副本
journal-of-financial-markets,2022,"Gender, learning, and earnings estimate accuracy",https://doi.org/10.1016/j.finmar.2022.100756,https://doi.org/10.1016/j.finmar.2022.100756,paywalled,未找到开放获取副本
journal-of-financial-markets,2022,Firm fundamentals and the cross-section of implied volatility shapes,https://doi.org/10.1016/j.finmar.2022.100771,https://doi.org/10.1016/j.finmar.2022.100771,failed,HTTP 202
journal-of-financial-markets,2022,Machine invasion: Automation in information acquisition and the cross-section of stock returns,https://doi.org/10.1016/j.finmar.2022.100788,https://doi.org/10.1016/j.finmar.2022.100788,paywalled,未找到开放获取副本
journal-of-financial-markets,2022,Back to the futures: When short selling is banned,https://doi.org/10.1016/j.finmar.2022.100735,https://doi.org/10.1016/j.finmar.2022.100735,paywalled,未找到开放获取副本
journal-of-financial-markets,2022,Predicting the equity risk premium using the smooth cross-sectional tail risk: The importance of correlation,https://doi.org/10.1016/j.finmar.2022.100769,https://doi.org/10.1016/j.finmar.2022.100769,paywalled,non-pdf-content
journal-of-financial-markets,2022,"Optimism, divergence of investors’ opinions, and the long-run underperformance of IPOs",https://doi.org/10.1016/j.finmar.2022.100800,https://doi.org/10.1016/j.finmar.2022.100800,paywalled,non-pdf-content
journal-of-financial-markets,2022,Equity premium prediction: The role of information from the options market,https://doi.org/10.1016/j.finmar.2022.100801,https://doi.org/10.1016/j.finmar.2022.100801,paywalled,non-pdf-content
journal-of-financial-markets,2022,Are mutual fund managers good gamblers?,https://doi.org/10.1016/j.finmar.2022.100787,https://doi.org/10.1016/j.finmar.2022.100787,paywalled,未找到开放获取副本
journal-of-financial-markets,2022,When is the order-to-trade ratio fee effective?,https://doi.org/10.1016/j.finmar.2022.100762,https://doi.org/10.1016/j.finmar.2022.100762,paywalled,未找到开放获取副本
journal-of-financial-markets,2022,Transparency in fragmented markets: Experimental evidence,https://doi.org/10.1016/j.finmar.2022.100732,https://doi.org/10.1016/j.finmar.2022.100732,paywalled,未找到开放获取副本
journal-of-financial-markets,2022,Legal risk and information spillover through private lender reports,https://doi.org/10.1016/j.finmar.2022.100706,https://doi.org/10.1016/j.finmar.2022.100706,failed,HTTP 403
journal-of-financial-markets,2022,Sharing the dividend tax credit pie: The influence of individual investors on ex-dividend day returns,https://doi.org/10.1016/j.finmar.2022.100740,https://doi.org/10.1016/j.finmar.2022.100740,failed,HTTP 202
journal-of-financial-markets,2022,Realizing correlations across asset classes,https://doi.org/10.1016/j.finmar.2022.100729,https://doi.org/10.1016/j.finmar.2022.100729,failed,HTTP 404
journal-of-financial-markets,2022,The alphas of beta and idiosyncratic volatility,https://doi.org/10.1016/j.finmar.2022.100720,https://doi.org/10.1016/j.finmar.2022.100720,paywalled,未找到开放获取副本
journal-of-financial-markets,2021,Contagious margin calls: How COVID-19 threatened global stock market liquidity,https://doi.org/10.1016/j.finmar.2021.100689,https://doi.org/10.1016/j.finmar.2021.100689,paywalled,non-pdf-content
journal-of-financial-markets,2021,Intraday time series momentum: Global evidence and links to market characteristics,https://doi.org/10.1016/j.finmar.2021.100619,https://doi.org/10.1016/j.finmar.2021.100619,failed,HTTP 403
journal-of-financial-markets,2021,Does air pollution affect seasoned equity offering pricing? Evidence from investor bids,https://doi.org/10.1016/j.finmar.2021.100657,https://doi.org/10.1016/j.finmar.2021.100657,paywalled,未找到开放获取副本
journal-of-financial-markets,2021,"Media abnormal tone, earnings announcements, and the stock market",https://doi.org/10.1016/j.finmar.2021.100683,https://doi.org/10.1016/j.finmar.2021.100683,failed,HTTP 403
journal-of-financial-markets,2021,"Option trading volume by moneyness, firm fundamentals, and expected stock returns",https://doi.org/10.1016/j.finmar.2021.100648,https://doi.org/10.1016/j.finmar.2021.100648,paywalled,未找到开放获取副本
journal-of-financial-markets,2021,Tick Size Pilot Program and price discovery in U.S. stock markets,https://doi.org/10.1016/j.finmar.2021.100658,https://doi.org/10.1016/j.finmar.2021.100658,paywalled,未找到开放获取副本
journal-of-financial-markets,2021,Financial leverage and stock return comovement,https://doi.org/10.1016/j.finmar.2021.100699,https://doi.org/10.1016/j.finmar.2021.100699,paywalled,non-pdf-content
journal-of-financial-markets,2021,Attention: How high-frequency trading improves price efficiency following earnings announcements,https://doi.org/10.1016/j.finmar.2021.100690,https://doi.org/10.1016/j.finmar.2021.100690,paywalled,未找到开放获取副本
journal-of-financial-markets,2021,Fast traders make a quick buck: The role of speed in liquidity provision,https://doi.org/10.1016/j.finmar.2021.100621,https://doi.org/10.1016/j.finmar.2021.100621,paywalled,未找到开放获取副本
journal-of-financial-markets,2021,Call auction design and closing price manipulation: Evidence from the Hong Kong stock exchange,https://doi.org/10.1016/j.finmar.2021.100700,https://doi.org/10.1016/j.finmar.2021.100700,paywalled,non-pdf-content
journal-of-financial-markets,2021,Predictive information in corporate bond yields,https://doi.org/10.1016/j.finmar.2021.100687,https://doi.org/10.1016/j.finmar.2021.100687,failed,HTTP 202
journal-of-financial-markets,2021,Investor short-termism and real investment,https://doi.org/10.1016/j.finmar.2021.100645,https://doi.org/10.1016/j.finmar.2021.100645,paywalled,non-pdf-content
journal-of-financial-markets,2021,Price impact versus bid–ask spreads in the index option market,https://doi.org/10.1016/j.finmar.2021.100675,https://doi.org/10.1016/j.finmar.2021.100675,failed,HTTP 202
journal-of-financial-markets,2021,Are retail investors less aggressive on small price stocks?,https://doi.org/10.1016/j.finmar.2021.100685,https://doi.org/10.1016/j.finmar.2021.100685,failed,HTTP 403
journal-of-financial-markets,2021,Recovery from fast crashes: Role of mutual funds,https://doi.org/10.1016/j.finmar.2021.100646,https://doi.org/10.1016/j.finmar.2021.100646,paywalled,non-pdf-content
journal-of-financial-markets,2021,Information and liquidity of over-the-counter securities: Evidence from public registration of Rule 144A bonds,https://doi.org/10.1016/j.finmar.2021.100655,https://doi.org/10.1016/j.finmar.2021.100655,paywalled,未找到开放获取副本
journal-of-financial-markets,2021,Sidedness in the interbank market,https://doi.org/10.1016/j.finmar.2021.100663,https://doi.org/10.1016/j.finmar.2021.100663,failed,HTTP 403
journal-of-financial-markets,2021,Options listings and loan contract terms: Information versus risk-shifting,https://doi.org/10.1016/j.finmar.2021.100647,https://doi.org/10.1016/j.finmar.2021.100647,paywalled,未找到开放获取副本
journal-of-financial-markets,2021,The equilibrium prices of auction IPO securities: Empirical evidence,https://doi.org/10.1016/j.finmar.2021.100629,https://doi.org/10.1016/j.finmar.2021.100629,paywalled,未找到开放获取副本
journal-of-financial-markets,2021,Trading costs of private debt,https://doi.org/10.1016/j.finmar.2021.100644,https://doi.org/10.1016/j.finmar.2021.100644,paywalled,未找到开放获取副本
journal-of-financial-markets,2021,The shrinking stock market,https://doi.org/10.1016/j.finmar.2021.100664,https://doi.org/10.1016/j.finmar.2021.100664,paywalled,未找到开放获取副本
journal-of-financial-markets,2021,Betting against analyst target price,https://doi.org/10.1016/j.finmar.2021.100677,https://doi.org/10.1016/j.finmar.2021.100677,failed,HTTP 403
journal-of-financial-markets,2021,Spread position as a leading economic indicator,https://doi.org/10.1016/j.finmar.2021.100681,https://doi.org/10.1016/j.finmar.2021.100681,paywalled,未找到开放获取副本
journal-of-financial-markets,2021,Is the index efficient? A worldwide tour with stochastic dominance,https://doi.org/10.1016/j.finmar.2021.100660,https://doi.org/10.1016/j.finmar.2021.100660,paywalled,未找到开放获取副本
journal-of-financial-markets,2021,Central clearing and loss allocation rules,https://doi.org/10.1016/j.finmar.2021.100662,https://doi.org/10.1016/j.finmar.2021.100662,paywalled,未找到开放获取副本
journal-of-financial-markets,2021,Friend or foe: On a common shareholder relationship between mutual funds and public companies,https://doi.org/10.1016/j.finmar.2021.100673,https://doi.org/10.1016/j.finmar.2021.100673,paywalled,未找到开放获取副本
journal-of-financial-markets,2021,The repo channel of cross-border lending in the European sovereign debt crisis,https://doi.org/10.1016/j.finmar.2021.100679,https://doi.org/10.1016/j.finmar.2021.100679,paywalled,未找到开放获取副本
journal-of-financial-markets,2020,Stock liquidity and default risk around the world,https://doi.org/10.1016/j.finmar.2020.100597,https://doi.org/10.1016/j.finmar.2020.100597,failed,网络错误 Server disconnected without sending a response.
journal-of-financial-markets,2020,Does it pay to follow anomalies research? Machine learning approach with international evidence,https://doi.org/10.1016/j.finmar.2020.100588,https://doi.org/10.1016/j.finmar.2020.100588,paywalled,未找到开放获取副本
journal-of-financial-markets,2020,The overnight return puzzle and the “T+1” trading rule in Chinese stock markets,https://doi.org/10.1016/j.finmar.2020.100534,https://doi.org/10.1016/j.finmar.2020.100534,failed,HTTP 403
journal-of-financial-markets,2020,In law we trust: Lawyer CEOs and stock liquidity,https://doi.org/10.1016/j.finmar.2020.100548,https://doi.org/10.1016/j.finmar.2020.100548,paywalled,未找到开放获取副本
journal-of-financial-markets,2020,Nothing but noise? Price discovery across cryptocurrency exchanges,https://doi.org/10.1016/j.finmar.2020.100584,https://doi.org/10.1016/j.finmar.2020.100584,paywalled,未找到开放获取副本
journal-of-financial-markets,2020,Risk premium spillovers among stock markets: Evidence from higher-order moments,https://doi.org/10.1016/j.finmar.2020.100533,https://doi.org/10.1016/j.finmar.2020.100533,paywalled,non-pdf-content
journal-of-financial-markets,2020,Google search volume and individual investor trading,https://doi.org/10.1016/j.finmar.2020.100544,https://doi.org/10.1016/j.finmar.2020.100544,paywalled,未找到开放获取副本
journal-of-financial-markets,2020,Forecasting stock returns: A time-dependent weighted least squares approach,https://doi.org/10.1016/j.finmar.2020.100568,https://doi.org/10.1016/j.finmar.2020.100568,paywalled,未找到开放获取副本
journal-of-financial-markets,2020,Measurement of common risks in tails: A panel quantile regression model for financial returns,https://doi.org/10.1016/j.finmar.2020.100562,https://doi.org/10.1016/j.finmar.2020.100562,paywalled,未找到开放获取副本
journal-of-financial-markets,2020,Cash conversion cycle and aggregate stock returns,https://doi.org/10.1016/j.finmar.2020.100560,https://doi.org/10.1016/j.finmar.2020.100560,paywalled,未找到开放获取副本
journal-of-financial-markets,2020,Does shareholder litigation affect the corporate information environment?,https://doi.org/10.1016/j.finmar.2020.100600,https://doi.org/10.1016/j.finmar.2020.100600,paywalled,non-pdf-content
journal-of-financial-markets,2020,The pricing of the illiquidity factor’s conditional risk with time-varying premium,https://doi.org/10.1016/j.finmar.2020.100605,https://doi.org/10.1016/j.finmar.2020.100605,paywalled,未找到开放获取副本
journal-of-financial-markets,2020,Informed liquidity provision in a limit order market,https://doi.org/10.1016/j.finmar.2020.100566,https://doi.org/10.1016/j.finmar.2020.100566,paywalled,未找到开放获取副本
journal-of-financial-markets,2020,Institutional investor heterogeneity and market price dynamics: Evidence from investment horizon and portfolio concentration,https://doi.org/10.1016/j.finmar.2020.100604,https://doi.org/10.1016/j.finmar.2020.100604,paywalled,未找到开放获取副本
journal-of-financial-markets,2020,ETFs’ high overnight returns: The early liquidity provider gets the worm,https://doi.org/10.1016/j.finmar.2020.100563,https://doi.org/10.1016/j.finmar.2020.100563,paywalled,未找到开放获取副本
journal-of-financial-markets,2020,Can risk-neutral skewness and kurtosis subsume the information content of historical jumps?,https://doi.org/10.1016/j.finmar.2020.100614,https://doi.org/10.1016/j.finmar.2020.100614,paywalled,未找到开放获取副本
journal-of-financial-markets,2020,Equity investor sentiment and bond market reaction: Test of overinvestment and capital flow hypotheses,https://doi.org/10.1016/j.finmar.2020.100589,https://doi.org/10.1016/j.finmar.2020.100589,paywalled,未找到开放获取副本
journal-of-financial-markets,2020,Price discovery in CDS and equity markets: Default risk-based heterogeneity in the systematic investment grade and high yield sectors,https://doi.org/10.1016/j.finmar.2020.100581,https://doi.org/10.1016/j.finmar.2020.100581,paywalled,未找到开放获取副本
journal-of-financial-markets,2020,R&amp;D information quality and stock returns,https://doi.org/10.1016/j.finmar.2020.100599,https://doi.org/10.1016/j.finmar.2020.100599,paywalled,未找到开放获取副本
journal-of-financial-markets,2020,Volatility of order imbalance of institutional traders and expected asset returns: Evidence from Taiwan,https://doi.org/10.1016/j.finmar.2020.100546,https://doi.org/10.1016/j.finmar.2020.100546,paywalled,未找到开放获取副本
journal-of-financial-markets,2020,Does the Nationally Recognized Statistical Rating Organization certification matter for Japanese credit rating agencies?,https://doi.org/10.1016/j.finmar.2020.100585,https://doi.org/10.1016/j.finmar.2020.100585,paywalled,未找到开放获取副本
journal-of-financial-markets,2020,Local investor horizon clientele and IPO underpricing,https://doi.org/10.1016/j.finmar.2020.100587,https://doi.org/10.1016/j.finmar.2020.100587,paywalled,未找到开放获取副本
journal-of-financial-markets,2020,The choice of SEO method in Korea: Rights vs. public offers,https://doi.org/10.1016/j.finmar.2020.100532,https://doi.org/10.1016/j.finmar.2020.100532,paywalled,未找到开放获取副本
journal-of-financial-markets,2020,Deviations from time priority on the NYSE,https://doi.org/10.1016/j.finmar.2020.100567,https://doi.org/10.1016/j.finmar.2020.100567,paywalled,未找到开放获取副本
journal-of-financial-markets,2020,Predicting stock returns with implied cost of capital: A partial least squares approach,https://doi.org/10.1016/j.finmar.2020.100576,https://doi.org/10.1016/j.finmar.2020.100576,paywalled,未找到开放获取副本
journal-of-financial-markets,2020,Overselling winners and losers: How mutual fund managers' trading behavior affects asset prices,https://doi.org/10.1016/j.finmar.2020.100580,https://doi.org/10.1016/j.finmar.2020.100580,failed,HTTP 403
journal-of-financial-markets,2020,Asymmetric information in the equity market and information flow from the equity market to the CDS market,https://doi.org/10.1016/j.finmar.2020.100607,https://doi.org/10.1016/j.finmar.2020.100607,paywalled,未找到开放获取副本
journal-of-financial-markets,2020,Financial oligopolies and parallel exclusion in the credit default swap markets,https://doi.org/10.1016/j.finmar.2020.100606,https://doi.org/10.1016/j.finmar.2020.100606,paywalled,未找到开放获取副本
journal-of-financial-markets,2020,"Dealer inventory, pricing, and liquidity in the OTC derivatives markets: Evidence from index CDSs",https://doi.org/10.1016/j.finmar.2020.100617,https://doi.org/10.1016/j.finmar.2020.100617,paywalled,未找到开放获取副本
journal-of-financial-markets,2020,The dynamics of short sales constraints and market quality: An experimental approach,https://doi.org/10.1016/j.finmar.2020.100549,https://doi.org/10.1016/j.finmar.2020.100549,paywalled,未找到开放获取副本
journal-of-financial-markets,2020,The economics of the financial market for volatility trading,https://doi.org/10.1016/j.finmar.2020.100556,https://doi.org/10.1016/j.finmar.2020.100556,paywalled,未找到开放获取副本
journal-of-financial-markets,2020,Cross-market liquidity and dealer profitability: Evidence from the bond and CDS markets,https://doi.org/10.1016/j.finmar.2020.100559,https://doi.org/10.1016/j.finmar.2020.100559,paywalled,未找到开放获取副本
journal-of-financial-markets,2020,Who is buying and (not) lending when shorts are selling?,https://doi.org/10.1016/j.finmar.2020.100615,https://doi.org/10.1016/j.finmar.2020.100615,paywalled,未找到开放获取副本
journal-of-financial-markets,2020,Retaining alpha: The effect of trade size and rebalancing frequency on FX strategy returns,https://doi.org/10.1016/j.finmar.2020.100545,https://doi.org/10.1016/j.finmar.2020.100545,paywalled,non-pdf-content
journal-of-financial-markets,2020,Optimal contract for asset trades: Collateralizing or selling?,https://doi.org/10.1016/j.finmar.2020.100590,https://doi.org/10.1016/j.finmar.2020.100590,paywalled,non-pdf-content
journal-of-financial-markets,2020,Investment styles and the multiple testing of cross-sectional stock return predictability,https://doi.org/10.1016/j.finmar.2020.100598,https://doi.org/10.1016/j.finmar.2020.100598,paywalled,未找到开放获取副本
journal-of-financial-markets,2020,Options-implied information and the momentum cycle,https://doi.org/10.1016/j.finmar.2020.100565,https://doi.org/10.1016/j.finmar.2020.100565,paywalled,未找到开放获取副本
journal-of-financial-markets,2020,Call of duty: Designated market maker participation in call auctions,https://doi.org/10.1016/j.finmar.2019.100530,https://doi.org/10.1016/j.finmar.2019.100530,failed,HTTP 403
journal-of-financial-markets,2020,LIBOR's poker,https://doi.org/10.1016/j.finmar.2020.100586,https://doi.org/10.1016/j.finmar.2020.100586,paywalled,未找到开放获取副本
journal-of-financial-markets,2020,Deleveraging commonality,https://doi.org/10.1016/j.finmar.2020.100582,https://doi.org/10.1016/j.finmar.2020.100582,paywalled,未找到开放获取副本
journal-of-financial-markets,2020,The invisible burden,https://doi.org/10.1016/j.finmar.2020.100561,https://doi.org/10.1016/j.finmar.2020.100561,paywalled,未找到开放获取副本
journal-of-financial-markets,2020,Hedge fund hold ’em,https://doi.org/10.1016/j.finmar.2020.100616,https://doi.org/10.1016/j.finmar.2020.100616,paywalled,未找到开放获取副本
journal-of-financial-markets,2020,Self-fulfilling arbitrages necessitate crash risk,https://doi.org/10.1016/j.finmar.2020.100547,https://doi.org/10.1016/j.finmar.2020.100547,paywalled,未找到开放获取副本
journal-of-the-american-statistical-association,2026,The Explicative Market Microstructure Noise,https://doi.org/10.1080/01621459.2026.2622104,https://doi.org/10.1080/01621459.2026.2622104,paywalled,未找到开放获取副本
journal-of-the-american-statistical-association,2026,Staleness Factors and Volatility Estimation at High Frequencies,https://doi.org/10.1080/01621459.2026.2634436,https://doi.org/10.1080/01621459.2026.2634436,paywalled,未找到开放获取副本
journal-of-the-american-statistical-association,2026,ℤ-Valued Smooth Transition GARCH Models: Specification and Testing,https://doi.org/10.1080/01621459.2026.2637673,https://doi.org/10.1080/01621459.2026.2637673,paywalled,未找到开放获取副本
journal-of-the-american-statistical-association,2026,Tail Risk in the Tail: Estimating High Quantiles When a Related Variable is Extreme,https://doi.org/10.1080/01621459.2026.2640643,https://doi.org/10.1080/01621459.2026.2640643,paywalled,未找到开放获取副本
journal-of-the-american-statistical-association,2025,Estimation of Out-of-Sample Sharpe Ratio for High Dimensional Portfolio Optimization,https://doi.org/10.1080/01621459.2025.2535757,https://doi.org/10.1080/01621459.2025.2535757,paywalled,未找到开放获取副本
journal-of-the-american-statistical-association,2024,Matrix GARCH Model: Inference and Application,https://doi.org/10.1080/01621459.2024.2415719,https://doi.org/10.1080/01621459.2024.2415719,paywalled,未找到开放获取副本
journal-of-the-american-statistical-association,2024,Matrix Completion When Missing Is Not at Random and Its Applications in Causal Panel Data Models,https://doi.org/10.1080/01621459.2024.2380105,https://doi.org/10.1080/01621459.2024.2380105,paywalled,non-pdf-content
journal-of-the-american-statistical-association,2024,Estimation and Inference for Nonparametric Expected Shortfall Regression over RKHS,https://doi.org/10.1080/01621459.2024.2441657,https://doi.org/10.1080/01621459.2024.2441657,paywalled,未找到开放获取副本
journal-of-the-american-statistical-association,2023,Intraday Periodic Volatility Curves,https://doi.org/10.1080/01621459.2023.2177546,https://doi.org/10.1080/01621459.2023.2177546,paywalled,未找到开放获取副本
journal-of-the-american-statistical-association,2022,Measuring Housing Vitality from Multi-Source Big Data and Machine Learning,https://doi.org/10.1080/01621459.2022.2096038,https://doi.org/10.1080/01621459.2022.2096038,failed,HTTP 403
journal-of-the-american-statistical-association,2022,High-Dimensional Portfolio Selection with Cardinality Constraints,https://doi.org/10.1080/01621459.2022.2133718,https://doi.org/10.1080/01621459.2022.2133718,failed,HTTP 202
journal-of-the-american-statistical-association,2021,Discrepancy Between Global and Local Principal Component Analysis on Large-Panel High-Frequency Data,https://doi.org/10.1080/01621459.2021.1996376,https://doi.org/10.1080/01621459.2021.1996376,paywalled,未找到开放获取副本
journal-of-the-american-statistical-association,2020,Efficiently Backtesting Conditional Value-at-Risk and Conditional Expected Shortfall,https://doi.org/10.1080/01621459.2020.1763804,https://doi.org/10.1080/01621459.2020.1763804,paywalled,未找到开放获取副本
management-science,2026,Transaction Sequencing and House Price Pressures,https://doi.org/10.1287/mnsc.2024.08149,https://doi.org/10.1287/mnsc.2024.08149,failed,HTTP 403
management-science,2026,The Need for Fees at a DEX: How Increases in Fees Can Increase DEX Trading Volume,https://doi.org/10.1287/mnsc.2023.00726,https://doi.org/10.1287/mnsc.2023.00726,paywalled,未找到开放获取副本
management-science,2026,On the Quality of Cryptocurrency Markets: Centralized vs. Decentralized Exchanges,https://doi.org/10.1287/mnsc.2024.07703,https://doi.org/10.1287/mnsc.2024.07703,paywalled,未找到开放获取副本
management-science,2026,Dynamic Unraveling,https://doi.org/10.1287/mnsc.2022.02412,https://doi.org/10.1287/mnsc.2022.02412,paywalled,未找到开放获取副本
management-science,2026,Tail-Driven Nonparametric Estimation for State Price Densities,https://doi.org/10.1287/mnsc.2023.03236,https://doi.org/10.1287/mnsc.2023.03236,paywalled,未找到开放获取副本
management-science,2026,Bond Risk Characteristics and Factor Risk Premia,https://doi.org/10.1287/mnsc.2023.00212,https://doi.org/10.1287/mnsc.2023.00212,paywalled,未找到开放获取副本
management-science,2026,Macroeconomic Announcements and the News That Matters Most to Investors,https://doi.org/10.1287/mnsc.2024.07650,https://doi.org/10.1287/mnsc.2024.07650,paywalled,未找到开放获取副本
management-science,2026,"Learning to Optimally Stop Diffusion Processes, with Financial Applications",https://doi.org/10.1287/mnsc.2024.07614,https://doi.org/10.1287/mnsc.2024.07614,paywalled,未找到开放获取副本
management-science,2026,"Tobin Tax Policy, Housing Speculation, and Property Market Dynamics",https://doi.org/10.1287/mnsc.2022.00370,https://doi.org/10.1287/mnsc.2022.00370,paywalled,未找到开放获取副本
management-science,2026,Before the Storm: Firm Policies and Varying Recession Risk,https://doi.org/10.1287/mnsc.2024.08861,https://doi.org/10.1287/mnsc.2024.08861,paywalled,未找到开放获取副本
management-science,2026,Crypto Carry,https://doi.org/10.1287/mnsc.2024.05069,https://doi.org/10.1287/mnsc.2024.05069,paywalled,未找到开放获取副本
management-science,2026,Deciphering Greenium: The Role of Investor Demand,https://doi.org/10.1287/mnsc.2024.05106,https://doi.org/10.1287/mnsc.2024.05106,paywalled,未找到开放获取副本
management-science,2026,Unified Moment-Based Simulation of Multivariate Polynomial Processes and Applications in Financial Engineering,https://doi.org/10.1287/mnsc.2024.07645,https://doi.org/10.1287/mnsc.2024.07645,paywalled,未找到开放获取副本
management-science,2026,"Crypto Value, Factor Pricing, and Market Segmentation",https://doi.org/10.1287/mnsc.2024.05875,https://doi.org/10.1287/mnsc.2024.05875,paywalled,未找到开放获取副本
management-science,2025,Do Institutional Investors Stabilize Equity Markets in Crisis Periods? Evidence from COVID-19,https://doi.org/10.1287/mnsc.2022.03411,https://doi.org/10.1287/mnsc.2022.03411,failed,HTTP 404
management-science,2025,An Anatomy of Crypto-Enabled Cybercrimes,https://doi.org/10.1287/mnsc.2023.03691,https://doi.org/10.1287/mnsc.2023.03691,paywalled,未找到开放获取副本
management-science,2025,Trading Volume Manipulation and Competition Among Centralized Crypto Exchanges,https://doi.org/10.1287/mnsc.2021.02903,https://doi.org/10.1287/mnsc.2021.02903,paywalled,未找到开放获取副本
management-science,2025,Market Returns and a Tale of Two Types of Attention,https://doi.org/10.1287/mnsc.2023.01294,https://doi.org/10.1287/mnsc.2023.01294,paywalled,未找到开放获取副本
management-science,2025,Market Ambiguity Attitude Restores the Risk-Return Trade-Off,https://doi.org/10.1287/mnsc.2023.03595,https://doi.org/10.1287/mnsc.2023.03595,paywalled,未找到开放获取副本
management-science,2025,"Carbon Emissions, Mutual Fund Trading, and the Liquidity of Corporate Bonds",https://doi.org/10.1287/mnsc.2023.01867,https://doi.org/10.1287/mnsc.2023.01867,paywalled,未找到开放获取副本
management-science,2025,Intraday Market Return Predictability Culled from the Factor Zoo,https://doi.org/10.1287/mnsc.2023.01657,https://doi.org/10.1287/mnsc.2023.01657,paywalled,未找到开放获取副本
management-science,2025,The Real Impact of FinTech: Evidence from Mobile Payment Technology,https://doi.org/10.1287/mnsc.2023.03947,https://doi.org/10.1287/mnsc.2023.03947,paywalled,未找到开放获取副本
management-science,2025,An Economic Model of a Decentralized Exchange with Concentrated Liquidity,https://doi.org/10.1287/mnsc.2024.04510,https://doi.org/10.1287/mnsc.2024.04510,paywalled,未找到开放获取副本
management-science,2025,Exchanges for Government Bonds? Evidence During COVID-19,https://doi.org/10.1287/mnsc.2023.02344,https://doi.org/10.1287/mnsc.2023.02344,paywalled,未找到开放获取副本
management-science,2025,T <scp>ail</scp> -GAN: Learning to Simulate Tail Risk Scenarios,https://doi.org/10.1287/mnsc.2023.00936,https://doi.org/10.1287/mnsc.2023.00936,paywalled,未找到开放获取副本
management-science,2025,Diversification Quotients: Quantifying Diversification via Risk Measures,https://doi.org/10.1287/mnsc.2023.00513,https://doi.org/10.1287/mnsc.2023.00513,paywalled,未找到开放获取副本
management-science,2025,"Textual Factors: A Scalable, Interpretable, and Data-Driven Approach to Analyzing Unstructured Information",https://doi.org/10.1287/mnsc.2020.01180,https://doi.org/10.1287/mnsc.2020.01180,paywalled,未找到开放获取副本
management-science,2025,Impact of OM Content in Earnings Calls on a Firm’s Stock Performance,https://doi.org/10.1287/mnsc.2023.02221,https://doi.org/10.1287/mnsc.2023.02221,paywalled,未找到开放获取副本
management-science,2025,A Structural Model of a Firm’s Operating Cash Flow with Applications,https://doi.org/10.1287/mnsc.2021.03790,https://doi.org/10.1287/mnsc.2021.03790,paywalled,未找到开放获取副本
management-science,2025,Enterprise Risk Management and Management Earnings Forecasts,https://doi.org/10.1287/mnsc.2022.01120,https://doi.org/10.1287/mnsc.2022.01120,paywalled,未找到开放获取副本
management-science,2025,Tweeting for Money: Social Media and Mutual Fund Flows,https://doi.org/10.1287/mnsc.2024.07584,https://doi.org/10.1287/mnsc.2024.07584,paywalled,未找到开放获取副本
management-science,2025,Intraday Liquidity and Money Market Dislocations,https://doi.org/10.1287/mnsc.2023.04037,https://doi.org/10.1287/mnsc.2023.04037,paywalled,未找到开放获取副本
management-science,2025,Spectral Volume Models: Universal High-Frequency Periodicities in Intraday Trading Activities,https://doi.org/10.1287/mnsc.2024.06215,https://doi.org/10.1287/mnsc.2024.06215,paywalled,未找到开放获取副本
management-science,2025,How and When Are High-Frequency Stock Returns Predictable?,https://doi.org/10.1287/mnsc.2022.02435,https://doi.org/10.1287/mnsc.2022.02435,paywalled,未找到开放获取副本
management-science,2025,"Inflation, Money Demand, and Portfolio Choice",https://doi.org/10.1287/mnsc.2022.02007,https://doi.org/10.1287/mnsc.2022.02007,failed,HTTP 202
management-science,2025,Timing Complex News to Target Attention,https://doi.org/10.1287/mnsc.2021.03722,https://doi.org/10.1287/mnsc.2021.03722,paywalled,non-pdf-content
management-science,2025,Strategic Liquidity Provision and Extreme Volatility Spikes,https://doi.org/10.1287/mnsc.2022.04104,https://doi.org/10.1287/mnsc.2022.04104,paywalled,未找到开放获取副本
management-science,2025,Effects of the 2021 Expanded Child Tax Credit,https://doi.org/10.1287/mnsc.2023.02254,https://doi.org/10.1287/mnsc.2023.02254,paywalled,未找到开放获取副本
management-science,2025,Do Option Characteristics Predict the Underlying Stock Returns in the Cross-Section?,https://doi.org/10.1287/mnsc.2024.04720,https://doi.org/10.1287/mnsc.2024.04720,paywalled,未找到开放获取副本
management-science,2025,Institutional Ownership and Tail Risk Comovement in Banks,https://doi.org/10.1287/mnsc.2023.02522,https://doi.org/10.1287/mnsc.2023.02522,paywalled,未找到开放获取副本
management-science,2025,E-backtesting,https://doi.org/10.1287/mnsc.2023.01659,https://doi.org/10.1287/mnsc.2023.01659,paywalled,未找到开放获取副本
management-science,2025,The Impact of Cryptocurrency on Cybersecurity,https://doi.org/10.1287/mnsc.2023.00969,https://doi.org/10.1287/mnsc.2023.00969,failed,HTTP 403
management-science,2025,Volatility During the COVID-19 Pandemic,https://doi.org/10.1287/mnsc.2024.04352,https://doi.org/10.1287/mnsc.2024.04352,paywalled,未找到开放获取副本
management-science,2025,Social Audience Size as a Reference Point: Evidence from a Field Experiment,https://doi.org/10.1287/mnsc.2022.03144,https://doi.org/10.1287/mnsc.2022.03144,paywalled,未找到开放获取副本
management-science,2025,Behavioral Simulation of Blockchain-Enabled Market for Supplier Capacity Trading Among Retailers,https://doi.org/10.1287/mnsc.2023.03771,https://doi.org/10.1287/mnsc.2023.03771,paywalled,未找到开放获取副本
management-science,2025,The Need for Speed: The Impact of Capital Constraints on Strategic Misconduct,https://doi.org/10.1287/mnsc.2023.01957,https://doi.org/10.1287/mnsc.2023.01957,paywalled,未找到开放获取副本
management-science,2025,Wholesaler Execution Quality,https://doi.org/10.1287/mnsc.2023.04156,https://doi.org/10.1287/mnsc.2023.04156,paywalled,未找到开放获取副本
management-science,2025,Dynamic Portfolio Choice with Intertemporal Hedging and Transaction Costs,https://doi.org/10.1287/mnsc.2024.05913,https://doi.org/10.1287/mnsc.2024.05913,paywalled,未找到开放获取副本
management-science,2025,The Impact of Bank Financing on Borrowers’ Voluntary Disclosures and Real Investments,https://doi.org/10.1287/mnsc.2022.00528,https://doi.org/10.1287/mnsc.2022.00528,paywalled,未找到开放获取副本
management-science,2025,Smart Stochastic Discount Factors,https://doi.org/10.1287/mnsc.2024.05750,https://doi.org/10.1287/mnsc.2024.05750,paywalled,未找到开放获取副本
management-science,2025,The Effects of MiFID II on Voluntary Disclosure,https://doi.org/10.1287/mnsc.2023.00286,https://doi.org/10.1287/mnsc.2023.00286,paywalled,未找到开放获取副本
management-science,2025,"Duplicated Orders, Swift Cancellations, and Fast Market Making in Fragmented Markets",https://doi.org/10.1287/mnsc.2023.01789,https://doi.org/10.1287/mnsc.2023.01789,paywalled,non-pdf-content
management-science,2025,Consumption Commitments and Housing Dynamics,https://doi.org/10.1287/mnsc.2022.01996,https://doi.org/10.1287/mnsc.2022.01996,paywalled,未找到开放获取副本
management-science,2025,"Central Bank Liquidity Backstops, Bank Regulation, and Risk-Taking by Asset Managers",https://doi.org/10.1287/mnsc.2024.06997,https://doi.org/10.1287/mnsc.2024.06997,failed,HTTP 403
management-science,2025,Stock-Bond Return Dynamics and the Expected Country Stock Returns,https://doi.org/10.1287/mnsc.2024.07047,https://doi.org/10.1287/mnsc.2024.07047,paywalled,未找到开放获取副本
management-science,2025,Rainy Day Liquidity,https://doi.org/10.1287/mnsc.2021.02994,https://doi.org/10.1287/mnsc.2021.02994,paywalled,未找到开放获取副本
management-science,2025,Click First or Last? Strategic Order Submission During the Euronext Preopening Session,https://doi.org/10.1287/mnsc.2023.03998,https://doi.org/10.1287/mnsc.2023.03998,paywalled,未找到开放获取副本
management-science,2025,Cross-Extrapolative Beliefs: Evidence from Equity Analysts,https://doi.org/10.1287/mnsc.2024.04903,https://doi.org/10.1287/mnsc.2024.04903,paywalled,non-pdf-content
management-science,2025,"Active Liquidity Management, Strategic Complementarities, and Market Price of Liquidity",https://doi.org/10.1287/mnsc.2022.02095,https://doi.org/10.1287/mnsc.2022.02095,paywalled,未找到开放获取副本
management-science,2025,Volatility (Dis)Connect in International Markets,https://doi.org/10.1287/mnsc.2023.03930,https://doi.org/10.1287/mnsc.2023.03930,paywalled,未找到开放获取副本
management-science,2025,Queuing Uncertainty of Limit Orders,https://doi.org/10.1287/mnsc.2023.03371,https://doi.org/10.1287/mnsc.2023.03371,paywalled,non-pdf-content
management-science,2025,Systematic Mispricing of Speculative Stocks and the Cross-Sectional Risk-Return Trade-off,https://doi.org/10.1287/mnsc.2024.08815,https://doi.org/10.1287/mnsc.2024.08815,paywalled,未找到开放获取副本
management-science,2025,Partial Law Invariance and Risk Measures,https://doi.org/10.1287/mnsc.2024.06518,https://doi.org/10.1287/mnsc.2024.06518,paywalled,未找到开放获取副本
management-science,2025,Model Aggregation for Risk Evaluation and Robust Optimization,https://doi.org/10.1287/mnsc.2023.03523,https://doi.org/10.1287/mnsc.2023.03523,paywalled,未找到开放获取副本
management-science,2025,The Treasury Collateral Spread and Levered Safe-Asset Production,https://doi.org/10.1287/mnsc.2024.06104,https://doi.org/10.1287/mnsc.2024.06104,paywalled,未找到开放获取副本
management-science,2025,Hedging Permanent Income Shocks,https://doi.org/10.1287/mnsc.2024.06893,https://doi.org/10.1287/mnsc.2024.06893,paywalled,未找到开放获取副本
management-science,2024,Direct Evidence of Bitcoin Wash Trading,https://doi.org/10.1287/mnsc.2021.01448,https://doi.org/10.1287/mnsc.2021.01448,paywalled,未找到开放获取副本
management-science,2024,The Cyber Risk Premium,https://doi.org/10.1287/mnsc.2022.02056,https://doi.org/10.1287/mnsc.2022.02056,paywalled,未找到开放获取副本
management-science,2024,Investor Regret and Stock Returns,https://doi.org/10.1287/mnsc.2022.03389,https://doi.org/10.1287/mnsc.2022.03389,paywalled,未找到开放获取副本
management-science,2024,Dynamic ESG Equilibrium,https://doi.org/10.1287/mnsc.2022.03491,https://doi.org/10.1287/mnsc.2022.03491,paywalled,未找到开放获取副本
management-science,2024,The Risk of Expected Utility Under Parameter Uncertainty,https://doi.org/10.1287/mnsc.2023.00178,https://doi.org/10.1287/mnsc.2023.00178,paywalled,non-pdf-content
management-science,2024,Noise Trading and Asset Pricing Factors,https://doi.org/10.1287/mnsc.2022.01827,https://doi.org/10.1287/mnsc.2022.01827,failed,HTTP 404
management-science,2024,Portfolio Optimization Based on Almost Second-Degree Stochastic Dominance,https://doi.org/10.1287/mnsc.2022.01092,https://doi.org/10.1287/mnsc.2022.01092,paywalled,未找到开放获取副本
management-science,2024,"Fiscal Stimulus, Deposit Competition, and the Rise of Shadow Banking: Evidence from China",https://doi.org/10.1287/mnsc.2023.04233,https://doi.org/10.1287/mnsc.2023.04233,paywalled,未找到开放获取副本
management-science,2024,Workplace Automation and Corporate Liquidity Policy,https://doi.org/10.1287/mnsc.2021.03902,https://doi.org/10.1287/mnsc.2021.03902,paywalled,未找到开放获取副本
management-science,2024,Capturing the Benefits of Autonomous Vehicles in Ride Hailing: The Role of Market Configuration,https://doi.org/10.1287/mnsc.2020.03112,https://doi.org/10.1287/mnsc.2020.03112,paywalled,未找到开放获取副本
management-science,2024,"Global Financial Cycle, Household Credit, and Macroprudential Policies",https://doi.org/10.1287/mnsc.2024.4981,https://doi.org/10.1287/mnsc.2024.4981,failed,网络错误 [Errno 54] Connection reset by peer
management-science,2024,Extrapolative Uncertainty and Household Economic Behavior,https://doi.org/10.1287/mnsc.2023.00820,https://doi.org/10.1287/mnsc.2023.00820,paywalled,未找到开放获取副本
management-science,2024,Automated Volatility Forecasting,https://doi.org/10.1287/mnsc.2023.01520,https://doi.org/10.1287/mnsc.2023.01520,paywalled,未找到开放获取副本
management-science,2024,Labor-Replacing Automation and Finance,https://doi.org/10.1287/mnsc.2022.02658,https://doi.org/10.1287/mnsc.2022.02658,paywalled,未找到开放获取副本
management-science,2024,"Volatility Ambiguity, Portfolio Decisions, and Equilibrium Asset Pricing",https://doi.org/10.1287/mnsc.2022.02902,https://doi.org/10.1287/mnsc.2022.02902,paywalled,未找到开放获取副本
management-science,2024,Are Top Management Teams Compensated as Teams? A Structural Modeling Approach,https://doi.org/10.1287/mnsc.2024.4982,https://doi.org/10.1287/mnsc.2024.4982,paywalled,未找到开放获取副本
management-science,2024,Risk Hedging and Loan Covenants,https://doi.org/10.1287/mnsc.2022.01616,https://doi.org/10.1287/mnsc.2022.01616,paywalled,未找到开放获取副本
management-science,2024,Insider Trading Restrictions and Informed Trading in Peer Stocks,https://doi.org/10.1287/mnsc.2022.02907,https://doi.org/10.1287/mnsc.2022.02907,paywalled,未找到开放获取副本
management-science,2024,Do Consumers Respond to Social Movements? Evidence from Gender-Stereotypical Purchases After #MeToo,https://doi.org/10.1287/mnsc.2022.02352,https://doi.org/10.1287/mnsc.2022.02352,paywalled,non-pdf-content
management-science,2024,Liquidity Risk and Currency Premia,https://doi.org/10.1287/mnsc.2023.01031,https://doi.org/10.1287/mnsc.2023.01031,paywalled,未找到开放获取副本
management-science,2024,Stock Return Autocorrelations and Expected Option Returns,https://doi.org/10.1287/mnsc.2023.03071,https://doi.org/10.1287/mnsc.2023.03071,paywalled,未找到开放获取副本
management-science,2024,Lightning Network Economics: Topology,https://doi.org/10.1287/mnsc.2023.03872,https://doi.org/10.1287/mnsc.2023.03872,paywalled,non-pdf-content
management-science,2024,Cost Structure and the Usefulness of Earnings,https://doi.org/10.1287/mnsc.2021.03023,https://doi.org/10.1287/mnsc.2021.03023,paywalled,未找到开放获取副本
management-science,2024,Deep Learning of Transition Probability Densities for Stochastic Asset Models with Applications in Option Pricing,https://doi.org/10.1287/mnsc.2022.01448,https://doi.org/10.1287/mnsc.2022.01448,failed,HTTP 403
management-science,2024,Improving the Efficiency of Payments Systems Using Quantum Computing,https://doi.org/10.1287/mnsc.2023.00314,https://doi.org/10.1287/mnsc.2023.00314,paywalled,未找到开放获取副本
management-science,2024,Stress Testing Spillover Risk in Mutual Funds,https://doi.org/10.1287/mnsc.2022.03443,https://doi.org/10.1287/mnsc.2022.03443,paywalled,未找到开放获取副本
management-science,2024,Market Liquidity and Competition Among Designated Market Makers,https://doi.org/10.1287/mnsc.2022.01801,https://doi.org/10.1287/mnsc.2022.01801,paywalled,non-pdf-content
management-science,2024,Do <i>t</i>-Statistic Hurdles Need to Be Raised?,https://doi.org/10.1287/mnsc.2023.03083,https://doi.org/10.1287/mnsc.2023.03083,paywalled,未找到开放获取副本
management-science,2024,Securities Markets in Which Some Investors Receive Information About Cash Flow Betas,https://doi.org/10.1287/mnsc.2022.02061,https://doi.org/10.1287/mnsc.2022.02061,paywalled,未找到开放获取副本
management-science,2024,Optimal Cross-Sectional Regression,https://doi.org/10.1287/mnsc.2023.4966,http://dx.doi.org/10.1287/mnsc.2023.4966,paywalled,未找到开放获取副本
management-science,2024,The Bright Side of Price Volatility in Global Commodity Procurement,https://doi.org/10.1287/mnsc.2023.00304,https://doi.org/10.1287/mnsc.2023.00304,paywalled,non-pdf-content
management-science,2024,What Makes HFTs Tick? Tick Size Changes and Information Advantage in a Market with Fast and Slow Traders,https://doi.org/10.1287/mnsc.2022.02935,https://doi.org/10.1287/mnsc.2022.02935,paywalled,未找到开放获取副本
management-science,2024,Intermediary Capital and the Credit Market,https://doi.org/10.1287/mnsc.2020.01536,https://doi.org/10.1287/mnsc.2020.01536,paywalled,未找到开放获取副本
management-science,2024,Nontraded Sector Growth Risks and Economic Sizes in International Asset Pricing,https://doi.org/10.1287/mnsc.2022.03697,https://doi.org/10.1287/mnsc.2022.03697,paywalled,未找到开放获取副本
management-science,2024,Can Competition Increase Profits in Factor Investing?,https://doi.org/10.1287/mnsc.2022.02684,https://doi.org/10.1287/mnsc.2022.02684,paywalled,未找到开放获取副本
management-science,2024,An Intertemporal Risk Factor Model,https://doi.org/10.1287/mnsc.2023.00261,https://doi.org/10.1287/mnsc.2023.00261,paywalled,未找到开放获取副本
management-science,2024,Is Information Risk Priced? New Evidence from Outer Space,https://doi.org/10.1287/mnsc.2023.00713,https://doi.org/10.1287/mnsc.2023.00713,paywalled,未找到开放获取副本
management-science,2024,Performance Attribution for Portfolio Constraints,https://doi.org/10.1287/mnsc.2024.05365,https://doi.org/10.1287/mnsc.2024.05365,paywalled,未找到开放获取副本
management-science,2024,Sensitivity Analysis of the Cost Coefficients in Multiobjective Integer Linear Optimization,https://doi.org/10.1287/mnsc.2021.01406,https://doi.org/10.1287/mnsc.2021.01406,paywalled,未找到开放获取副本
management-science,2024,Managerial Overextrapolation: Who and When,https://doi.org/10.1287/mnsc.2023.00901,https://doi.org/10.1287/mnsc.2023.00901,paywalled,未找到开放获取副本
management-science,2024,"Inflation, Monetary Policy, and Portfolio Decisions of U.S. Households",https://doi.org/10.1287/mnsc.2023.02197,https://doi.org/10.1287/mnsc.2023.02197,paywalled,未找到开放获取副本
management-science,2024,Asset-Side Bank Runs and Liquidity Rationing: A Vicious Cycle,https://doi.org/10.1287/mnsc.2023.00872,https://doi.org/10.1287/mnsc.2023.00872,paywalled,未找到开放获取副本
management-science,2024,Peg Abandonment and Cross-Currency Contagion,https://doi.org/10.1287/mnsc.2022.01117,https://doi.org/10.1287/mnsc.2022.01117,paywalled,未找到开放获取副本
management-science,2024,On the Robustness of Idiosyncratic Volatility Effect,https://doi.org/10.1287/mnsc.2022.04140,https://doi.org/10.1287/mnsc.2022.04140,paywalled,未找到开放获取副本
management-science,2024,Demand-Side Effects of Open Innovation: The Case of Cryptocurrency Forking,https://doi.org/10.1287/mnsc.2021.03132,https://doi.org/10.1287/mnsc.2021.03132,paywalled,未找到开放获取副本
management-science,2024,Debt Derisking,https://doi.org/10.1287/mnsc.2022.03406,https://doi.org/10.1287/mnsc.2022.03406,paywalled,non-pdf-content
management-science,2024,Learning to Optimize Contextually Constrained Problems for Real-Time Decision Generation,https://doi.org/10.1287/mnsc.2020.03565,https://doi.org/10.1287/mnsc.2020.03565,paywalled,未找到开放获取副本
management-science,2024,A Benchmark for Collateralized Loan Obligations,https://doi.org/10.1287/mnsc.2022.00097,https://doi.org/10.1287/mnsc.2022.00097,paywalled,未找到开放获取副本
management-science,2024,Risk Management with Variable Capital Utilization and Time-Varying Collateral Capacity,https://doi.org/10.1287/mnsc.2022.00415,https://doi.org/10.1287/mnsc.2022.00415,paywalled,未找到开放获取副本
management-science,2024,Optimal Dynamic Clearing for Interbank Payments,https://doi.org/10.1287/mnsc.2023.00380,https://doi.org/10.1287/mnsc.2023.00380,paywalled,未找到开放获取副本
management-science,2024,Compounding Money and Nominal Price Illusions,https://doi.org/10.1287/mnsc.2023.03549,https://doi.org/10.1287/mnsc.2023.03549,paywalled,未找到开放获取副本
management-science,2024,Asset Pricing with Costly Short Sales,https://doi.org/10.1287/mnsc.2023.01887,https://doi.org/10.1287/mnsc.2023.01887,paywalled,未找到开放获取副本
management-science,2024,How Does a Health Insurance Program Covering 500 Million Poor Impact Credit Market Outcomes?,https://doi.org/10.1287/mnsc.2023.01039,https://doi.org/10.1287/mnsc.2023.01039,paywalled,未找到开放获取副本
management-science,2024,A Simple and Optimal Policy Design with Safety Against Heavy-Tailed Risk for Stochastic Bandits,https://doi.org/10.1287/mnsc.2022.03512,https://doi.org/10.1287/mnsc.2022.03512,paywalled,未找到开放获取副本
management-science,2023,Deep Learning in Asset Pricing,https://doi.org/10.1287/mnsc.2023.4695,https://doi.org/10.1287/mnsc.2023.4695,paywalled,未找到开放获取副本
management-science,2023,Pricing Climate Change Exposure,https://doi.org/10.1287/mnsc.2023.4686,https://doi.org/10.1287/mnsc.2023.4686,failed,HTTP 404
management-science,2023,A Model of Cryptocurrencies,https://doi.org/10.1287/mnsc.2023.4756,https://doi.org/10.1287/mnsc.2023.4756,paywalled,未找到开放获取副本
management-science,2023,"The Irrelevance of Environmental, Social, and Governance Disclosure to Retail Investors",https://doi.org/10.1287/mnsc.2023.4822,https://doi.org/10.1287/mnsc.2023.4822,paywalled,未找到开放获取副本
management-science,2023,Text-Based Measure of Supply Chain Risk Exposure,https://doi.org/10.1287/mnsc.2023.4927,https://doi.org/10.1287/mnsc.2023.4927,paywalled,未找到开放获取副本
management-science,2023,Climate Change and Uncertainty: An Asset Pricing Perspective,https://doi.org/10.1287/mnsc.2022.4635,https://doi.org/10.1287/mnsc.2022.4635,paywalled,未找到开放获取副本
management-science,2023,Customer Liquidity Provision: Implications for Corporate Bond Transaction Costs,https://doi.org/10.1287/mnsc.2022.4646,https://doi.org/10.1287/mnsc.2022.4646,paywalled,non-pdf-content
management-science,2023,De-Crypto-ing Signals in Initial Coin Offerings: Evidence of Rational Token Retention,https://doi.org/10.1287/mnsc.2022.4631,https://doi.org/10.1287/mnsc.2022.4631,paywalled,未找到开放获取副本
management-science,2023,The Conceptual Flaws of Decentralized Automated Market Making,https://doi.org/10.1287/mnsc.2021.02802,https://doi.org/10.1287/mnsc.2021.02802,paywalled,未找到开放获取副本
management-science,2023,"High-Speed Internet, Financial Technology, and Banking",https://doi.org/10.1287/mnsc.2023.4703,https://doi.org/10.1287/mnsc.2023.4703,paywalled,未找到开放获取副本
management-science,2023,Tokenomics: When Tokens Beat Equity,https://doi.org/10.1287/mnsc.2023.4882,https://doi.org/10.1287/mnsc.2023.4882,paywalled,未找到开放获取副本
management-science,2023,Advances in Blockchain and Crypto Economics,https://doi.org/10.1287/mnsc.2023.intro.v69.n11,https://doi.org/10.1287/mnsc.2023.intro.v69.n11,paywalled,未找到开放获取副本
management-science,2023,"Decentralized Platforms: Governance, Tokenomics, and ICO Design",https://doi.org/10.1287/mnsc.2021.02076,https://doi.org/10.1287/mnsc.2021.02076,paywalled,未找到开放获取副本
management-science,2023,Proof-of-Work Cryptocurrencies: Does Mining Technology Undermine Decentralization?,https://doi.org/10.1287/mnsc.2023.4840,https://doi.org/10.1287/mnsc.2023.4840,paywalled,未找到开放获取副本
management-science,2023,The Influence of Short Selling on Negative Press Coverage of Firms,https://doi.org/10.1287/mnsc.2023.4783,https://doi.org/10.1287/mnsc.2023.4783,paywalled,未找到开放获取副本
management-science,2023,StableFees: A Predictable Fee Market for Cryptocurrencies,https://doi.org/10.1287/mnsc.2023.4735,https://doi.org/10.1287/mnsc.2023.4735,paywalled,未找到开放获取副本
management-science,2023,Central Bank Digital Currency and Banking: Macroeconomic Benefits of a Cash-Like Design,https://doi.org/10.1287/mnsc.2021.02763,https://doi.org/10.1287/mnsc.2021.02763,paywalled,non-pdf-content
management-science,2023,Can Blockchain Technology Help Overcome Contractual Incompleteness? Evidence from State Laws,https://doi.org/10.1287/mnsc.2022.04139,https://doi.org/10.1287/mnsc.2022.04139,paywalled,未找到开放获取副本
management-science,2023,The Price of Safety: The Evolution of Municipal Bond Insurance Value,https://doi.org/10.1287/mnsc.2023.4813,https://doi.org/10.1287/mnsc.2023.4813,paywalled,non-pdf-content
management-science,2023,RegTech Adoption and the Cost of Capital,https://doi.org/10.1287/mnsc.2022.4660,https://doi.org/10.1287/mnsc.2022.4660,paywalled,未找到开放获取副本
management-science,2023,Who Profits from Trading Options?,https://doi.org/10.1287/mnsc.2023.4916,https://doi.org/10.1287/mnsc.2023.4916,failed,HTTP 403
management-science,2023,Why Fixed Costs Matter for Proof-of-Work–Based Cryptocurrencies,https://doi.org/10.1287/mnsc.2023.4901,https://doi.org/10.1287/mnsc.2023.4901,paywalled,non-pdf-content
management-science,2023,Winners from Winners: A Tale of Risk Factors,https://doi.org/10.1287/mnsc.2023.4668,https://doi.org/10.1287/mnsc.2023.4668,paywalled,未找到开放获取副本
management-science,2023,A One-Factor Model of Corporate Bond Premia,https://doi.org/10.1287/mnsc.2023.4784,https://doi.org/10.1287/mnsc.2023.4784,paywalled,未找到开放获取副本
management-science,2023,Quantifying the Impact of Impact Investing,https://doi.org/10.1287/mnsc.2022.01168,https://doi.org/10.1287/mnsc.2022.01168,paywalled,未找到开放获取副本
management-science,2023,Adjusting to Rain Before It Falls,https://doi.org/10.1287/mnsc.2023.4697,https://doi.org/10.1287/mnsc.2023.4697,paywalled,未找到开放获取副本
management-science,2023,The Opposing Effects of Complexity and Information Content on Uncertainty Dynamics: Evidence from 10-K Filings,https://doi.org/10.1287/mnsc.2022.4615,https://doi.org/10.1287/mnsc.2022.4615,paywalled,未找到开放获取副本
management-science,2023,Managerial Overconfidence and Market Feedback Effects,https://doi.org/10.1287/mnsc.2022.4625,https://doi.org/10.1287/mnsc.2022.4625,paywalled,未找到开放获取副本
management-science,2023,How Do Interest-Only Mortgages Affect Consumption and Saving over the Life Cycle?,https://doi.org/10.1287/mnsc.2023.4787,https://doi.org/10.1287/mnsc.2023.4787,paywalled,non-pdf-content
management-science,2023,Field Experimental Evidence on the Effect of Pricing on Residential Electricity Conservation,https://doi.org/10.1287/mnsc.2020.02074,https://doi.org/10.1287/mnsc.2020.02074,paywalled,未找到开放获取副本
management-science,2023,"Mutual Fund Fragility, Dealer Liquidity Provision, and the Pricing of Municipal Bonds",https://doi.org/10.1287/mnsc.2023.4912,https://doi.org/10.1287/mnsc.2023.4912,paywalled,未找到开放获取副本
management-science,2023,Disclosure Similarity and Future Stock Return Comovement,https://doi.org/10.1287/mnsc.2023.4915,https://doi.org/10.1287/mnsc.2023.4915,paywalled,未找到开放获取副本
management-science,2023,Lending Relationships and the Pricing of Syndicated Loans,https://doi.org/10.1287/mnsc.2023.4730,https://doi.org/10.1287/mnsc.2023.4730,paywalled,未找到开放获取副本
management-science,2023,On the Nature of (Jump) Skewness Risk Premia,https://doi.org/10.1287/mnsc.2023.4734,https://doi.org/10.1287/mnsc.2023.4734,paywalled,未找到开放获取副本
management-science,2023,Optimal Portfolio Choice with Unknown Benchmark Efficiency,https://doi.org/10.1287/mnsc.2021.01767,https://doi.org/10.1287/mnsc.2021.01767,paywalled,未找到开放获取副本
management-science,2023,Tick Size and Earnings Guidance in Small-Cap Firms: Evidence from the SEC’s Tick Size Pilot Program,https://doi.org/10.1287/mnsc.2023.4930,https://doi.org/10.1287/mnsc.2023.4930,failed,HTTP 403
management-science,2023,On the Other Side of Hedge Fund Equity Trades,https://doi.org/10.1287/mnsc.2023.4877,https://doi.org/10.1287/mnsc.2023.4877,failed,HTTP 403
management-science,2023,Enforcement Waves and Spillovers,https://doi.org/10.1287/mnsc.2023.4711,https://doi.org/10.1287/mnsc.2023.4711,paywalled,未找到开放获取副本
management-science,2023,Market Reaction to CEOs’ Dynamic Hemifacial Asymmetry of Expressions,https://doi.org/10.1287/mnsc.2023.4922,https://doi.org/10.1287/mnsc.2023.4922,paywalled,未找到开放获取副本
management-science,2023,Conflicted Analysts and Initial Coin Offerings,https://doi.org/10.1287/mnsc.2021.02928,https://doi.org/10.1287/mnsc.2021.02928,failed,HTTP 404
management-science,2023,Effort Peer Effects in Team Production: Evidence from Professional Football,https://doi.org/10.1287/mnsc.2023.4811,https://doi.org/10.1287/mnsc.2023.4811,paywalled,未找到开放获取副本
management-science,2023,A Decomposition of Conditional Risk Premia and Implications for Representative Agent Models,https://doi.org/10.1287/mnsc.2022.01663,http://dx.doi.org/10.1287/mnsc.2022.01663,paywalled,未找到开放获取副本
management-science,2023,The SEC’s Short-Sale Experiment: Evidence on Causal Channels and Reassessment of Indirect Effects,https://doi.org/10.1287/mnsc.2023.4918,https://doi.org/10.1287/mnsc.2023.4918,paywalled,未找到开放获取副本
management-science,2023,The Cost of Exposing Large Institutional Orders to Electronic Liquidity Providers,https://doi.org/10.1287/mnsc.2023.4871,https://doi.org/10.1287/mnsc.2023.4871,paywalled,未找到开放获取副本
management-science,2023,"Smartphone Trading Technology, Investor Behavior, and Mutual Fund Performance",https://doi.org/10.1287/mnsc.2021.02099,https://doi.org/10.1287/mnsc.2021.02099,paywalled,未找到开放获取副本
management-science,2023,"Countercyclical Risks, Consumption, and Portfolio Choice: Theory and Evidence",https://doi.org/10.1287/mnsc.2023.4837,https://doi.org/10.1287/mnsc.2023.4837,paywalled,未找到开放获取副本
management-science,2023,"Tick Size, Competition for Liquidity Provision, and Price Discovery: Evidence from the U.S. Treasury Market",https://doi.org/10.1287/mnsc.2022.4663,https://doi.org/10.1287/mnsc.2022.4663,paywalled,non-pdf-content
management-science,2023,Financial Contagion in Network Economies and Asset Prices,https://doi.org/10.1287/mnsc.2023.4687,https://doi.org/10.1287/mnsc.2023.4687,paywalled,未找到开放获取副本
management-science,2023,Housing Cycles and Exchange Rates,https://doi.org/10.1287/mnsc.2023.4932,https://doi.org/10.1287/mnsc.2023.4932,paywalled,未找到开放获取副本
management-science,2023,Emergency Preparation and Uncertainty Persistence,https://doi.org/10.1287/mnsc.2023.4836,https://doi.org/10.1287/mnsc.2023.4836,failed,HTTP 202
management-science,2023,Liquidity Requirements and Central Bank Interventions During Banking Crises,https://doi.org/10.1287/mnsc.2023.4737,https://doi.org/10.1287/mnsc.2023.4737,paywalled,未找到开放获取副本
management-science,2023,Generalized Stochastic Arbitrage Opportunities,https://doi.org/10.1287/mnsc.2023.4892,https://doi.org/10.1287/mnsc.2023.4892,paywalled,未找到开放获取副本
management-science,2023,The Global Determinants of International Equity Risk Premiums,https://doi.org/10.1287/mnsc.2023.4958,https://doi.org/10.1287/mnsc.2023.4958,paywalled,未找到开放获取副本
management-science,2023,"Voluntary Disclosure, Moral Hazard, and Default Risk",https://doi.org/10.1287/mnsc.2023.4860,https://doi.org/10.1287/mnsc.2023.4860,paywalled,未找到开放获取副本
management-science,2023,"Government Loan Guarantees, Market Liquidity, and Lending Standards",https://doi.org/10.1287/mnsc.2022.01571,https://doi.org/10.1287/mnsc.2022.01571,paywalled,未找到开放获取副本
management-science,2023,Design of Off-Grid Lighting Business Models to Serve the Poor: Field Experiments and Structural Analysis,https://doi.org/10.1287/mnsc.2023.4844,https://doi.org/10.1287/mnsc.2023.4844,failed,HTTP 403
management-science,2023,How Does Risk Hedging Impact Operations? Insights from a Price-Setting Newsvendor Model,https://doi.org/10.1287/mnsc.2023.4942,https://doi.org/10.1287/mnsc.2023.4942,paywalled,未找到开放获取副本
management-science,2023,Breadth of Ownership and the Cross-Section of Corporate Bond Returns,https://doi.org/10.1287/mnsc.2023.4950,https://doi.org/10.1287/mnsc.2023.4950,paywalled,未找到开放获取副本
management-science,2023,Inferring Intermediary Risk Exposure from Trade,https://doi.org/10.1287/mnsc.2021.01831,https://doi.org/10.1287/mnsc.2021.01831,paywalled,未找到开放获取副本
management-science,2023,A Regularized High-Dimensional Positive Definite Covariance Estimator with High-Frequency Data,https://doi.org/10.1287/mnsc.2022.04138,https://doi.org/10.1287/mnsc.2022.04138,paywalled,未找到开放获取副本
management-science,2023,Recovering Implied Volatility,https://doi.org/10.1287/mnsc.2022.4653,https://doi.org/10.1287/mnsc.2022.4653,paywalled,未找到开放获取副本
management-science,2023,Cross-Sectional Variation of Option-Implied Volatility Skew,https://doi.org/10.1287/mnsc.2023.4872,https://doi.org/10.1287/mnsc.2023.4872,paywalled,未找到开放获取副本
management-science,2023,The Dynamic Informativeness of Scheduled News,https://doi.org/10.1287/mnsc.2023.4970,https://doi.org/10.1287/mnsc.2023.4970,failed,HTTP 403
management-science,2023,When Myopic Managers Must Mark to Market,https://doi.org/10.1287/mnsc.2020.03249,https://doi.org/10.1287/mnsc.2020.03249,paywalled,未找到开放获取副本
management-science,2023,Digesting FOREXS: Information Transmission Across Asset Classes and Return Predictability,https://doi.org/10.1287/mnsc.2023.4778,https://doi.org/10.1287/mnsc.2023.4778,paywalled,未找到开放获取副本
management-science,2023,Dynamic Portfolio Selection and Asset Pricing Under Neo-Additive Probability Weighting,https://doi.org/10.1287/mnsc.2023.03551,https://doi.org/10.1287/mnsc.2023.03551,failed,HTTP 403
management-science,2023,Debtors at Play: Gaming Behavior and Consumer Credit Risk,https://doi.org/10.1287/mnsc.2023.4931,https://doi.org/10.1287/mnsc.2023.4931,paywalled,未找到开放获取副本
management-science,2023,Information Reliability and Market Outcomes,https://doi.org/10.1287/mnsc.2021.03758,https://doi.org/10.1287/mnsc.2021.03758,paywalled,未找到开放获取副本
management-science,2023,"Ownership Structure, Incentives, and Asset Returns",https://doi.org/10.1287/mnsc.2023.4696,https://doi.org/10.1287/mnsc.2023.4696,paywalled,未找到开放获取副本
management-science,2023,Value Uncertainty,https://doi.org/10.1287/mnsc.2023.4888,https://doi.org/10.1287/mnsc.2023.4888,failed,HTTP 403
management-science,2022,Is Price Commitment a Better Solution to Control Carbon Emissions and Promote Technology Investment?,https://doi.org/10.1287/mnsc.2022.4365,https://doi.org/10.1287/mnsc.2022.4365,paywalled,未找到开放获取副本
management-science,2022,Machine Learning vs. Economic Restrictions: Evidence from Stock Return Predictability,https://doi.org/10.1287/mnsc.2022.4449,https://doi.org/10.1287/mnsc.2022.4449,paywalled,未找到开放获取副本
management-science,2022,Initial Coin Offering (ICO) Success and Post-ICO Performance,https://doi.org/10.1287/mnsc.2022.4312,https://doi.org/10.1287/mnsc.2022.4312,paywalled,未找到开放获取副本
management-science,2022,Superstition and Risk Taking: Evidence from “Zodiac Year” Beliefs in China,https://doi.org/10.1287/mnsc.2022.4594,https://doi.org/10.1287/mnsc.2022.4594,paywalled,未找到开放获取副本
management-science,2022,"Patent Thickets, Stock Returns, and Conditional CAPM",https://doi.org/10.1287/mnsc.2021.4229,https://doi.org/10.1287/mnsc.2021.4229,paywalled,未找到开放获取副本
management-science,2022,Global Disaster Risk Matters,https://doi.org/10.1287/mnsc.2022.4328,https://doi.org/10.1287/mnsc.2022.4328,paywalled,未找到开放获取副本
management-science,2022,Generalized Bounds on the Conditional Expected Excess Return on Individual Stocks,https://doi.org/10.1287/mnsc.2022.4367,https://doi.org/10.1287/mnsc.2022.4367,paywalled,未找到开放获取副本
management-science,2022,Implied Volatility Changes and Corporate Bond Returns,https://doi.org/10.1287/mnsc.2022.4379,https://doi.org/10.1287/mnsc.2022.4379,failed,网络错误 [Errno 54] Connection reset by peer
management-science,2022,The Effect of Outsourcing Pricing Algorithms on Market Competition,https://doi.org/10.1287/mnsc.2021.4241,https://doi.org/10.1287/mnsc.2021.4241,paywalled,未找到开放获取副本
management-science,2022,High-Frequency Trading Strategies,https://doi.org/10.1287/mnsc.2022.4539,https://doi.org/10.1287/mnsc.2022.4539,paywalled,未找到开放获取副本
management-science,2022,"Option Trading Activity, News Releases, and Stock Return Predictability",https://doi.org/10.1287/mnsc.2022.4543,https://doi.org/10.1287/mnsc.2022.4543,paywalled,未找到开放获取副本
management-science,2022,The Real Response to Uncertainty Shocks: The Risk Premium Channel,https://doi.org/10.1287/mnsc.2022.4335,https://doi.org/10.1287/mnsc.2022.4335,paywalled,未找到开放获取副本
management-science,2022,Investor Sentiment and Paradigm Shifts in Equity Return Forecasting,https://doi.org/10.1287/mnsc.2020.3834,https://doi.org/10.1287/mnsc.2020.3834,paywalled,non-pdf-content
management-science,2022,Shrinking Factor Dimension: A Reduced-Rank Approach,https://doi.org/10.1287/mnsc.2022.4563,https://doi.org/10.1287/mnsc.2022.4563,failed,HTTP 403
management-science,2022,Monitoring Value-at-Risk and Expected Shortfall Forecasts,https://doi.org/10.1287/mnsc.2022.4460,https://doi.org/10.1287/mnsc.2022.4460,paywalled,未找到开放获取副本
management-science,2022,“Let Me Get Back to You”—A Machine Learning Approach to Measuring NonAnswers,https://doi.org/10.1287/mnsc.2022.4597,https://doi.org/10.1287/mnsc.2022.4597,paywalled,未找到开放获取副本
management-science,2022,Why Bitcoin Will Fail to Scale?,https://doi.org/10.1287/mnsc.2021.4271,https://doi.org/10.1287/mnsc.2021.4271,paywalled,未找到开放获取副本
management-science,2022,Volatility Puzzle: Long Memory or Antipersistency,https://doi.org/10.1287/mnsc.2022.4552,https://doi.org/10.1287/mnsc.2022.4552,paywalled,non-pdf-content
management-science,2022,A Theory of Liquidity in Private Equity,https://doi.org/10.1287/mnsc.2022.4612,https://doi.org/10.1287/mnsc.2022.4612,paywalled,未找到开放获取副本
management-science,2022,Leadership and Productivity: A Study of U.S. Automobile Assembly Plants,https://doi.org/10.1287/mnsc.2022.4427,https://doi.org/10.1287/mnsc.2022.4427,failed,HTTP 403
management-science,2022,In Art We Trust,https://doi.org/10.1287/mnsc.2022.4633,https://doi.org/10.1287/mnsc.2022.4633,paywalled,non-pdf-content
management-science,2022,The Growth of Information Asymmetry Between Earnings Announcements and Its Implications for Reporting Frequency,https://doi.org/10.1287/mnsc.2022.4408,https://doi.org/10.1287/mnsc.2022.4408,paywalled,未找到开放获取副本
management-science,2022,Understanding Alpha Decay,https://doi.org/10.1287/mnsc.2022.4353,https://doi.org/10.1287/mnsc.2022.4353,failed,网络错误 [Errno 61] Connection refused
management-science,2022,Explaining the Failure of the Unconditional CAPM with the Conditional CAPM,https://doi.org/10.1287/mnsc.2022.4381,https://doi.org/10.1287/mnsc.2022.4381,paywalled,未找到开放获取副本
management-science,2022,The Effect of Government Reference Bonds on Corporate Borrowing Costs: Evidence from a Natural Experiment,https://doi.org/10.1287/mnsc.2022.4499,https://doi.org/10.1287/mnsc.2022.4499,paywalled,未找到开放获取副本
management-science,2022,"Performance Evaluation, Managerial Hedging, and Contract Termination",https://doi.org/10.1287/mnsc.2022.4533,https://doi.org/10.1287/mnsc.2022.4533,paywalled,未找到开放获取副本
management-science,2022,Liquidity Windfalls and Reallocation: Evidence from Farming and Fracking,https://doi.org/10.1287/mnsc.2022.4602,https://doi.org/10.1287/mnsc.2022.4602,paywalled,未找到开放获取副本
management-science,2022,Managing the Market Portfolio,https://doi.org/10.1287/mnsc.2022.4459,https://doi.org/10.1287/mnsc.2022.4459,paywalled,未找到开放获取副本
management-science,2022,Model-Free Bounds for Multi-Asset Options Using Option-Implied Information and Their Exact Computation,https://doi.org/10.1287/mnsc.2022.4456,https://doi.org/10.1287/mnsc.2022.4456,failed,HTTP 404
management-science,2022,Tractable Term Structure Models,https://doi.org/10.1287/mnsc.2021.4214,https://doi.org/10.1287/mnsc.2021.4214,paywalled,未找到开放获取副本
management-science,2022,Information Salience and Mispricing in Housing,https://doi.org/10.1287/mnsc.2021.4253,https://doi.org/10.1287/mnsc.2021.4253,paywalled,未找到开放获取副本
management-science,2022,Leveraged Exchange-Traded Funds with Market Closure and Frictions,https://doi.org/10.1287/mnsc.2022.4407,https://doi.org/10.1287/mnsc.2022.4407,failed,网络错误 [Errno 54] Connection reset by peer
management-science,2022,The Economics of Security Analysis,https://doi.org/10.1287/mnsc.2022.4640,https://doi.org/10.1287/mnsc.2022.4640,paywalled,未找到开放获取副本
management-science,2022,Behavior of Corporate Depositors During a Bank Panic,https://doi.org/10.1287/mnsc.2022.4304,https://doi.org/10.1287/mnsc.2022.4304,paywalled,未找到开放获取副本
management-science,2022,From Local to Global: Offshoring and Asset Prices,https://doi.org/10.1287/mnsc.2022.4393,https://doi.org/10.1287/mnsc.2022.4393,paywalled,未找到开放获取副本
management-science,2022,Immediacy Provision and Matchmaking,https://doi.org/10.1287/mnsc.2022.4355,https://doi.org/10.1287/mnsc.2022.4355,paywalled,未找到开放获取副本
management-science,2022,A Macrofinance Model for Option Prices: A Story of Rare Economic Events,https://doi.org/10.1287/mnsc.2022.4587,https://doi.org/10.1287/mnsc.2022.4587,paywalled,未找到开放获取副本
management-science,2022,"Incomplete Information, Debt Issuance, and the Term Structure of Credit Spreads",https://doi.org/10.1287/mnsc.2022.4529,https://doi.org/10.1287/mnsc.2022.4529,paywalled,未找到开放获取副本
management-science,2022,Tax-Favored Stock Donations by Corporate Insiders and Consequences for Equity Markets,https://doi.org/10.1287/mnsc.2022.4514,https://doi.org/10.1287/mnsc.2022.4514,paywalled,未找到开放获取副本
management-science,2022,Bilateral Trade with Multiunit Demand and Supply,https://doi.org/10.1287/mnsc.2022.4399,https://doi.org/10.1287/mnsc.2022.4399,paywalled,未找到开放获取副本
management-science,2022,Turning on Dimensional Prominence in Decision Making: Experiments and a Model,https://doi.org/10.1287/mnsc.2021.4205,https://doi.org/10.1287/mnsc.2021.4205,paywalled,未找到开放获取副本
management-science,2022,Belief Dispersion and Convex Cost of Adjustment in the Stock Market and in the Real Economy,https://doi.org/10.1287/mnsc.2022.4495,https://doi.org/10.1287/mnsc.2022.4495,failed,"网络错误 [Errno 8] nodename nor servname provided, or not known"
management-science,2022,Gone with the Vol: A Decline in Asset Return Predictability During the Great Moderation,https://doi.org/10.1287/mnsc.2022.4429,https://doi.org/10.1287/mnsc.2022.4429,paywalled,未找到开放获取副本
management-science,2022,Managing Liquidity,https://doi.org/10.1287/mnsc.2022.4559,https://doi.org/10.1287/mnsc.2022.4559,paywalled,未找到开放获取副本
management-science,2021,"A Theory of ICOs: Diversification, Agency, and Information Asymmetry",https://doi.org/10.1287/mnsc.2020.3754,https://doi.org/10.1287/mnsc.2020.3754,paywalled,未找到开放获取副本
management-science,2021,Finance and Firm Volatility: Evidence from Small Business Lending in China,https://doi.org/10.1287/mnsc.2020.3942,https://doi.org/10.1287/mnsc.2020.3942,paywalled,未找到开放获取副本
management-science,2021,Costly Interpretation of Asset Prices,https://doi.org/10.1287/mnsc.2020.3871,https://doi.org/10.1287/mnsc.2020.3871,failed,HTTP 403
management-science,2021,Speculative Trading and Bubbles: Evidence from the Art Market,https://doi.org/10.1287/mnsc.2021.4088,https://doi.org/10.1287/mnsc.2021.4088,paywalled,non-pdf-content
management-science,2021,Funding Liquidity and Market Liquidity: The Broker-Dealer Perspective,https://doi.org/10.1287/mnsc.2021.4053,https://doi.org/10.1287/mnsc.2021.4053,paywalled,未找到开放获取副本
management-science,2021,Disaggregated Sales and Stock Returns,https://doi.org/10.1287/mnsc.2020.3813,https://doi.org/10.1287/mnsc.2020.3813,paywalled,未找到开放获取副本
management-science,2021,Dark Trading and Post-Earnings-Announcement Drift,https://doi.org/10.1287/mnsc.2020.3828,https://doi.org/10.1287/mnsc.2020.3828,paywalled,未找到开放获取副本
management-science,2021,Consistency as a Means to Comparability: Theory and Evidence,https://doi.org/10.1287/mnsc.2021.4052,https://doi.org/10.1287/mnsc.2021.4052,paywalled,未找到开放获取副本
management-science,2021,The Short-Run and Long-Run Components of Idiosyncratic Volatility and Stock Returns,https://doi.org/10.1287/mnsc.2020.3884,https://doi.org/10.1287/mnsc.2020.3884,paywalled,未找到开放获取副本
management-science,2021,The Information Asymmetry Effects of Expanded Disclosures About Derivative and Hedging Activities,https://doi.org/10.1287/mnsc.2021.4198,https://doi.org/10.1287/mnsc.2021.4198,paywalled,未找到开放获取副本
management-science,2021,Interest Rate Volatility and No-Arbitrage Affine Term Structure Models,https://doi.org/10.1287/mnsc.2020.3858,https://doi.org/10.1287/mnsc.2020.3858,paywalled,未找到开放获取副本
management-science,2021,Skill Acquisition and Data Sales,https://doi.org/10.1287/mnsc.2021.4117,https://doi.org/10.1287/mnsc.2021.4117,paywalled,未找到开放获取副本
management-science,2021,Managing Self-Replicating Innovative Goods,https://doi.org/10.1287/mnsc.2020.3936,https://doi.org/10.1287/mnsc.2020.3936,paywalled,未找到开放获取副本
management-science,2021,Hedging with an Edge: Parametric Currency Overlay,https://doi.org/10.1287/mnsc.2020.3872,https://doi.org/10.1287/mnsc.2020.3872,paywalled,未找到开放获取副本
management-science,2021,Extrapolation Bias and Robust Dynamic Liquidity Management,https://doi.org/10.1287/mnsc.2020.3765,https://doi.org/10.1287/mnsc.2020.3765,paywalled,未找到开放获取副本
management-science,2021,"Speculation, Sentiment, and Interest Rates",https://doi.org/10.1287/mnsc.2021.3956,https://doi.org/10.1287/mnsc.2021.3956,paywalled,non-pdf-content
management-science,2021,Financial Uncertainty with Ambiguity and Learning,https://doi.org/10.1287/mnsc.2021.3958,https://doi.org/10.1287/mnsc.2021.3958,paywalled,non-pdf-content
management-science,2021,Hedging on the Hill: Does Political Hedging Reduce Firm Risk?,https://doi.org/10.1287/mnsc.2021.4050,https://doi.org/10.1287/mnsc.2021.4050,paywalled,non-pdf-content
management-science,2021,On the Learning Benefits of Resource Flexibility,https://doi.org/10.1287/mnsc.2020.3795,https://doi.org/10.1287/mnsc.2020.3795,failed,HTTP 403
management-science,2021,Principal Trading Arrangements: When Are Common Contracts Optimal?,https://doi.org/10.1287/mnsc.2021.4022,https://doi.org/10.1287/mnsc.2021.4022,paywalled,未找到开放获取副本
management-science,2021,Portfolio Choices with Many Big Models,https://doi.org/10.1287/mnsc.2020.3876,https://doi.org/10.1287/mnsc.2020.3876,paywalled,未找到开放获取副本
management-science,2021,The Informational Content of High-Frequency Option Prices,https://doi.org/10.1287/mnsc.2020.3949,https://doi.org/10.1287/mnsc.2020.3949,paywalled,未找到开放获取副本
management-science,2021,Bimodal Characteristic Returns and Predictability Enhancement via Machine Learning,https://doi.org/10.1287/mnsc.2021.4189,https://doi.org/10.1287/mnsc.2021.4189,failed,HTTP 403
management-science,2021,How Do Shocks Arise and Spread Across Stock Markets? A Microstructure Perspective,https://doi.org/10.1287/mnsc.2021.3979,https://doi.org/10.1287/mnsc.2021.3979,paywalled,non-pdf-content
management-science,2021,The Willingness to Pay for Diversification,https://doi.org/10.1287/mnsc.2021.4122,https://doi.org/10.1287/mnsc.2021.4122,failed,HTTP 405
management-science,2021,Implied Ambiguity: Mean-Variance Inefficiency and Pricing Errors,https://doi.org/10.1287/mnsc.2021.4097,https://doi.org/10.1287/mnsc.2021.4097,paywalled,未找到开放获取副本
management-science,2021,The Calendar Effects of the Idiosyncratic Volatility Puzzle: A Tale of Two Days?,https://doi.org/10.1287/mnsc.2020.3803,https://doi.org/10.1287/mnsc.2020.3803,failed,HTTP 202
management-science,2021,"Insider Trading, Competition, and Real Activities Manipulation",https://doi.org/10.1287/mnsc.2020.3915,https://doi.org/10.1287/mnsc.2020.3915,paywalled,non-pdf-content
management-science,2021,Newspaper Censorship in China: Evidence from Tunneling Scandals,https://doi.org/10.1287/mnsc.2020.3804,https://doi.org/10.1287/mnsc.2020.3804,paywalled,未找到开放获取副本
management-science,2021,A Test of Income Smoothing Using Pseudo Fiscal Years,https://doi.org/10.1287/mnsc.2021.4158,https://doi.org/10.1287/mnsc.2021.4158,paywalled,未找到开放获取副本
management-science,2021,How Does Deleveraging Affect Funding Market Liquidity?,https://doi.org/10.1287/mnsc.2021.4070,https://doi.org/10.1287/mnsc.2021.4070,failed,HTTP 403
management-science,2021,Vanishing Contagion Spreads,https://doi.org/10.1287/mnsc.2020.3868,https://doi.org/10.1287/mnsc.2020.3868,paywalled,未找到开放获取副本
management-science,2021,Asymmetric Returns and the Economic Content of Accruals and Investment,https://doi.org/10.1287/mnsc.2020.3676,https://doi.org/10.1287/mnsc.2020.3676,failed,HTTP 403
management-science,2021,Fair and Square: A Retention Model of Managerial Compensation,https://doi.org/10.1287/mnsc.2021.4062,https://doi.org/10.1287/mnsc.2021.4062,paywalled,未找到开放获取副本
management-science,2021,Labor Unions and Product Quality Failures,https://doi.org/10.1287/mnsc.2021.4082,https://doi.org/10.1287/mnsc.2021.4082,failed,HTTP 403
management-science,2021,Do People Understand the Benefit of Diversification?,https://doi.org/10.1287/mnsc.2020.3893,https://doi.org/10.1287/mnsc.2020.3893,paywalled,未找到开放获取副本
management-science,2020,What Drives Risk Perception? A Global Survey with Financial Professionals and Laypeople,https://doi.org/10.1287/mnsc.2019.3526,https://doi.org/10.1287/mnsc.2019.3526,paywalled,non-pdf-content
management-science,2020,An Axiomatic Foundation for the Expected Shortfall,https://doi.org/10.1287/mnsc.2020.3617,https://doi.org/10.1287/mnsc.2020.3617,paywalled,未找到开放获取副本
management-science,2020,Evolution of Shares in a Proof-of-Stake Cryptocurrency,https://doi.org/10.1287/mnsc.2020.3791,https://doi.org/10.1287/mnsc.2020.3791,paywalled,未找到开放获取副本
management-science,2020,Why Do Option Prices Predict Stock Returns? The Role of Price Pressure in the Stock Market,https://doi.org/10.1287/mnsc.2019.3398,https://doi.org/10.1287/mnsc.2019.3398,paywalled,non-pdf-content
management-science,2020,Consumption and Portfolio Choice Under Loss Aversion and Endogenous Updating of the Reference Level,https://doi.org/10.1287/mnsc.2019.3393,https://doi.org/10.1287/mnsc.2019.3393,paywalled,non-pdf-content
management-science,2020,"Style and Skill: Hedge Funds, Mutual Funds, and Momentum",https://doi.org/10.1287/mnsc.2019.3433,https://doi.org/10.1287/mnsc.2019.3433,paywalled,未找到开放获取副本
management-science,2020,The Financialization of Storable Commodities,https://doi.org/10.1287/mnsc.2019.3445,https://doi.org/10.1287/mnsc.2019.3445,paywalled,未找到开放获取副本
management-science,2020,Multilocation Newsvendor Problem: Centralization and Inventory Pooling,https://doi.org/10.1287/mnsc.2019.3532,https://doi.org/10.1287/mnsc.2019.3532,paywalled,未找到开放获取副本
management-science,2020,Information Content of Aggregate Implied Volatility Spread,https://doi.org/10.1287/mnsc.2019.3520,https://doi.org/10.1287/mnsc.2019.3520,paywalled,未找到开放获取副本
management-science,2020,Index Option Trading Activity and Market Returns,https://doi.org/10.1287/mnsc.2019.3529,https://doi.org/10.1287/mnsc.2019.3529,failed,HTTP 202
management-science,2020,Salience and Mutual Fund Investor Demand for Idiosyncratic Volatility,https://doi.org/10.1287/mnsc.2020.3716,https://doi.org/10.1287/mnsc.2020.3716,paywalled,未找到开放获取副本
management-science,2020,External Financing and Customer Capital: A Financial Theory of Markups,https://doi.org/10.1287/mnsc.2020.3739,https://doi.org/10.1287/mnsc.2020.3739,paywalled,未找到开放获取副本
management-science,2020,The Genesis of Voluntary Disclosure: An Analysis of Firms’ First Earnings Guidance,https://doi.org/10.1287/mnsc.2019.3514,https://doi.org/10.1287/mnsc.2019.3514,paywalled,未找到开放获取副本
management-science,2020,Do Noisy Stock Prices Impede Real Efficiency?,https://doi.org/10.1287/mnsc.2019.3422,https://doi.org/10.1287/mnsc.2019.3422,paywalled,未找到开放获取副本
management-science,2020,Vertical Contracts in a Supply Chain and the Bullwhip Effect,https://doi.org/10.1287/mnsc.2020.3630,https://doi.org/10.1287/mnsc.2020.3630,paywalled,未找到开放获取副本
management-science,2020,Financial Reporting for Pollution Reduction Programs,https://doi.org/10.1287/mnsc.2019.3416,https://doi.org/10.1287/mnsc.2019.3416,paywalled,未找到开放获取副本
management-science,2020,Product Price Risk and Liquidity Management: Evidence from the Electricity Industry,https://doi.org/10.1287/mnsc.2020.3579,https://doi.org/10.1287/mnsc.2020.3579,paywalled,未找到开放获取副本
management-science,2020,Tail Risk and Robust Portfolio Decisions,https://doi.org/10.1287/mnsc.2020.3615,https://doi.org/10.1287/mnsc.2020.3615,paywalled,未找到开放获取副本
management-science,2020,Information Avoidance and Medical Screening: A Field Experiment in China,https://doi.org/10.1287/mnsc.2020.3723,https://doi.org/10.1287/mnsc.2020.3723,paywalled,non-pdf-content
management-science,2020,Unfiltered Market Access and Liquidity: Evidence from the SEC Rule 15c3-5,https://doi.org/10.1287/mnsc.2019.3466,https://doi.org/10.1287/mnsc.2019.3466,paywalled,未找到开放获取副本
management-science,2020,The Unintended Impact of Academic Research on Asset Returns: The Capital Asset Pricing Model Alpha,https://doi.org/10.1287/mnsc.2020.3635,https://doi.org/10.1287/mnsc.2020.3635,paywalled,未找到开放获取副本
management-science,2020,Speed Acquisition,https://doi.org/10.1287/mnsc.2020.3669,https://doi.org/10.1287/mnsc.2020.3669,paywalled,non-pdf-content
management-science,2020,How Do Consumers Avoid Penalty Fees? Evidence from Credit Cards,https://doi.org/10.1287/mnsc.2019.3568,https://doi.org/10.1287/mnsc.2019.3568,failed,HTTP 403
management-science,2020,Asset Volatility and Capital Structure: Evidence from Corporate Mergers,https://doi.org/10.1287/mnsc.2020.3607,https://doi.org/10.1287/mnsc.2020.3607,paywalled,未找到开放获取副本
management-science,2020,Central Counterparty Exposure in Stressed Markets,https://doi.org/10.1287/mnsc.2020.3601,https://doi.org/10.1287/mnsc.2020.3601,failed,HTTP 403
management-science,2020,Risk-Based Loan Pricing: Portfolio Optimization Approach with Marginal Risk Contribution,https://doi.org/10.1287/mnsc.2019.3378,https://doi.org/10.1287/mnsc.2019.3378,paywalled,未找到开放获取副本
management-science,2020,How to Play Fantasy Sports Strategically (and Win),https://doi.org/10.1287/mnsc.2019.3528,https://doi.org/10.1287/mnsc.2019.3528,paywalled,未找到开放获取副本
management-science,2020,Strategic Risk Shifting and the Idiosyncratic Volatility Puzzle: An Empirical Investigation,https://doi.org/10.1287/mnsc.2020.3593,https://doi.org/10.1287/mnsc.2020.3593,paywalled,未找到开放获取副本
management-science,2020,Spanning Tests for Assets with Option-Like Payoffs: The Case of Hedge Funds,https://doi.org/10.1287/mnsc.2019.3429,https://doi.org/10.1287/mnsc.2019.3429,paywalled,non-pdf-content
management-science,2020,Timing to the Statement: Understanding Fluctuations in Consumer Credit Use,https://doi.org/10.1287/mnsc.2020.3720,https://doi.org/10.1287/mnsc.2020.3720,paywalled,未找到开放获取副本
management-science,2020,A Foundation for Cue-Triggered Behavior,https://doi.org/10.1287/mnsc.2020.3632,https://doi.org/10.1287/mnsc.2020.3632,paywalled,non-pdf-content
management-science,2020,Risk Aversion Sensitive Real Business Cycles,https://doi.org/10.1287/mnsc.2019.3561,https://doi.org/10.1287/mnsc.2019.3561,failed,"网络错误 [Errno 8] nodename nor servname provided, or not known"
management-science,2020,Capital Budgeting and Risk Taking Under Credit Constraints,https://doi.org/10.1287/mnsc.2019.3369,https://doi.org/10.1287/mnsc.2019.3369,paywalled,non-pdf-content
management-science,2020,The Effect of Monetary Policy on Bank Wholesale Funding,https://doi.org/10.1287/mnsc.2019.3463,https://doi.org/10.1287/mnsc.2019.3463,paywalled,未找到开放获取副本
management-science,2020,Predicting Bond Return Predictability,https://doi.org/10.1287/mnsc.2023.4713,https://doi.org/10.1287/mnsc.2023.4713,failed,HTTP 403
mathematical-finance,2026,Optimal Portfolio Choice With Cross‐Impact Propagators,https://doi.org/10.1111/mafi.70025,https://doi.org/10.1111/mafi.70025,failed,HTTP 403
mathematical-finance,2026,Optimal Investment in Equity and Credit Default Swaps in the Presence of Default,https://doi.org/10.1111/mafi.70022,https://doi.org/10.1111/mafi.70022,failed,HTTP 403
mathematical-finance,2026,When Are Option Prices TP2?,https://doi.org/10.1111/mafi.70024,https://doi.org/10.1111/mafi.70024,failed,HTTP 403
mathematical-finance,2026,Endogenous Distress Contagion in a Dynamic Interbank Model: How Possible Future Losses May Spell Doom Today,https://doi.org/10.1111/mafi.70023,https://doi.org/10.1111/mafi.70023,failed,HTTP 403
mathematical-finance,2026,Issue Information,https://doi.org/10.1111/mafi.70026,https://doi.org/10.1111/mafi.70026,paywalled,未找到开放获取副本
mathematical-finance,2026,"Reinforcement Learning for Jump‐Diffusions, With Financial Applications",https://doi.org/10.1111/mafi.70027,https://doi.org/10.1111/mafi.70027,failed,HTTP 403
mathematical-finance,2026,Navigating Supply Shocks: Sector Resilience and Production Prices Through Stochastic Input–Output Modeling,https://doi.org/10.1111/mafi.70029,https://doi.org/10.1111/mafi.70029,failed,HTTP 403
mathematical-finance,2026,Relative Arbitrage Opportunities With Interactions Among <i>N</i> Investors,https://doi.org/10.1111/mafi.70032,https://doi.org/10.1111/mafi.70032,paywalled,未找到开放获取副本
mathematical-finance,2026,The Optimal Mean–Variance Selling Problem With Finite Horizon,https://doi.org/10.1111/mafi.70034,https://doi.org/10.1111/mafi.70034,failed,HTTP 403
mathematical-finance,2026,"The ESG Rating Game: Deviation, Disagreement, and Greenwashing",https://doi.org/10.1111/mafi.70040,https://doi.org/10.1111/mafi.70040,paywalled,未找到开放获取副本
mathematical-finance,2026,Issue Information,https://doi.org/10.1111/mafi.70038,https://doi.org/10.1111/mafi.70038,paywalled,未找到开放获取副本
mathematical-finance,2025,Optimal Liquidation With Signals: The General Propagator Case,https://doi.org/10.1111/mafi.12465,https://doi.org/10.1111/mafi.12465,failed,HTTP 403
mathematical-finance,2025,An Extended Merton Problem With Relaxed Benchmark Tracking,https://doi.org/10.1111/mafi.70015,https://doi.org/10.1111/mafi.70015,paywalled,未找到开放获取副本
mathematical-finance,2025,Statistical Error Bounds for Weighted Mean and Median With Application to Robust Aggregation of Cryptocurrency Data,https://doi.org/10.1111/mafi.12461,https://doi.org/10.1111/mafi.12461,failed,HTTP 403
mathematical-finance,2025,Quantitative Fundamental Theorem of Asset Pricing,https://doi.org/10.1111/mafi.12457,https://doi.org/10.1111/mafi.12457,failed,HTTP 403
mathematical-finance,2025,Hedging of Fixing Exposure,https://doi.org/10.1111/mafi.12464,https://doi.org/10.1111/mafi.12464,paywalled,non-pdf-content
mathematical-finance,2025,Statistical Learning of Value‐at‐Risk and Expected Shortfall,https://doi.org/10.1111/mafi.70000,https://doi.org/10.1111/mafi.70000,paywalled,未找到开放获取副本
mathematical-finance,2025,Partial Information in a Mean‐Variance Portfolio Selection Game,https://doi.org/10.1111/mafi.70013,https://doi.org/10.1111/mafi.70013,paywalled,未找到开放获取副本
mathematical-finance,2025,Polar Coordinates for the 3/2 Stochastic Volatility Model,https://doi.org/10.1111/mafi.12455,https://doi.org/10.1111/mafi.12455,paywalled,未找到开放获取副本
mathematical-finance,2025,Optimal Contracts for Delegated Order Execution,https://doi.org/10.1111/mafi.12462,https://doi.org/10.1111/mafi.12462,failed,HTTP 403
mathematical-finance,2025,Robust Λ$\Lambda$‐Quantiles and Extremal Distributions,https://doi.org/10.1111/mafi.12467,https://doi.org/10.1111/mafi.12467,failed,HTTP 403
mathematical-finance,2025,Distributionally Robust Risk Evaluation With a Causality Constraint and Structural Information,https://doi.org/10.1111/mafi.12466,https://doi.org/10.1111/mafi.12466,failed,HTTP 403
mathematical-finance,2025,Partial Observability of Implied Volatility Matrices: Identification and Covolatilities Filtering,https://doi.org/10.1111/mafi.12468,https://doi.org/10.1111/mafi.12468,paywalled,未找到开放获取副本
mathematical-finance,2025,Unified Asymptotics for Investment Under Illiquidity: Transaction Costs and Search Frictions,https://doi.org/10.1111/mafi.70001,https://doi.org/10.1111/mafi.70001,paywalled,未找到开放获取副本
mathematical-finance,2025,Correction to “Neural Optimal Stopping Boundary”,https://doi.org/10.1111/mafi.70003,https://doi.org/10.1111/mafi.70003,failed,HTTP 403
mathematical-finance,2025,Efficiency in Pure‐Exchange Economies With Risk‐Averse Monetary Utilities,https://doi.org/10.1111/mafi.70006,https://doi.org/10.1111/mafi.70006,failed,HTTP 403
mathematical-finance,2025,Upper Comonotonicity and Risk Aggregation Under Dependence Uncertainty,https://doi.org/10.1111/mafi.70008,https://doi.org/10.1111/mafi.70008,failed,HTTP 403
mathematical-finance,2025,Term Structure Shapes and Their Consistent Dynamics in the Svensson Family,https://doi.org/10.1111/mafi.70005,https://doi.org/10.1111/mafi.70005,failed,HTTP 403
mathematical-finance,2025,Dynamically Consistent Analysis of Realized Covariations in Term Structure Models,https://doi.org/10.1111/mafi.70011,https://doi.org/10.1111/mafi.70011,failed,HTTP 403
mathematical-finance,2025,Pricing and Hedging of SOFR Derivatives,https://doi.org/10.1111/mafi.70004,https://doi.org/10.1111/mafi.70004,failed,HTTP 403
mathematical-finance,2025,Nonconcave Stochastic Optimal Control in Finite Discrete Time Under Model Uncertainty,https://doi.org/10.1111/mafi.70012,https://doi.org/10.1111/mafi.70012,paywalled,未找到开放获取副本
mathematical-finance,2025,"Risk Sharing, Measuring Variability, and Distortion Riskmetrics",https://doi.org/10.1111/mafi.70007,https://doi.org/10.1111/mafi.70007,paywalled,未找到开放获取副本
mathematical-finance,2025,Macroscopic Market Making Games,https://doi.org/10.1111/mafi.70010,https://doi.org/10.1111/mafi.70010,failed,HTTP 403
mathematical-finance,2025,Agents' Behavior and Interest Rate Model Optimization in DeFi Lending,https://doi.org/10.1111/mafi.70002,https://doi.org/10.1111/mafi.70002,paywalled,未找到开放获取副本
mathematical-finance,2025,Order Routing and Market Quality: Who Benefits From Internalization?,https://doi.org/10.1111/mafi.70014,https://doi.org/10.1111/mafi.70014,failed,HTTP 403
mathematical-finance,2025,Elicitability and Identifiability of Tail Risk Measures,https://doi.org/10.1111/mafi.70016,https://doi.org/10.1111/mafi.70016,failed,HTTP 403
mathematical-finance,2025,Decentralized Prediction Markets and Sports Books,https://doi.org/10.1111/mafi.70017,https://doi.org/10.1111/mafi.70017,paywalled,未找到开放获取副本
mathematical-finance,2025,Perpetual Futures Pricing,https://doi.org/10.1111/mafi.70018,https://doi.org/10.1111/mafi.70018,failed,HTTP 403
mathematical-finance,2025,Unwinding Stochastic Order Flow: When to Warehouse Trades,https://doi.org/10.1111/mafi.70019,https://doi.org/10.1111/mafi.70019,paywalled,未找到开放获取副本
mathematical-finance,2024,Joint calibration to SPX and VIX options with signature‐based models,https://doi.org/10.1111/mafi.12442,https://doi.org/10.1111/mafi.12442,failed,HTTP 403
mathematical-finance,2024,Designing stablecoins,https://doi.org/10.1111/mafi.12445,https://doi.org/10.1111/mafi.12445,failed,HTTP 403
mathematical-finance,2024,Corporate debt value under transition scenario uncertainty,https://doi.org/10.1111/mafi.12441,https://doi.org/10.1111/mafi.12441,failed,HTTP 403
mathematical-finance,2024,Joint SPX &amp; VIX calibration with Gaussian polynomial volatility models: Deep pricing with quantization hints,https://doi.org/10.1111/mafi.12451,https://doi.org/10.1111/mafi.12451,paywalled,未找到开放获取副本
mathematical-finance,2024,Detecting asset price bubbles using deep learning,https://doi.org/10.1111/mafi.12443,https://doi.org/10.1111/mafi.12443,failed,HTTP 403
mathematical-finance,2024,Mean‐field liquidation games with market drop‐out,https://doi.org/10.1111/mafi.12429,https://doi.org/10.1111/mafi.12429,paywalled,non-pdf-content
mathematical-finance,2024,"Distortion risk measures: Prudence, coherence, and the expected shortfall",https://doi.org/10.1111/mafi.12435,https://doi.org/10.1111/mafi.12435,failed,HTTP 403
mathematical-finance,2024,On Time‐Inconsistency in Mean‐Field Games,https://doi.org/10.1111/mafi.12456,https://doi.org/10.1111/mafi.12456,paywalled,未找到开放获取副本
mathematical-finance,2024,Do investors gain by selling the tails of return distributions?,https://doi.org/10.1111/mafi.12447,https://doi.org/10.1111/mafi.12447,paywalled,未找到开放获取副本
mathematical-finance,2024,Special issue on machine learning in finance,https://doi.org/10.1111/mafi.12430,http://dx.doi.org/10.1111/mafi.12430,paywalled,未找到开放获取副本
mathematical-finance,2024,Long‐term risk with stochastic interest rates,https://doi.org/10.1111/mafi.12440,https://doi.org/10.1111/mafi.12440,paywalled,未找到开放获取副本
mathematical-finance,2024,Tackling nonlinear price impact with linear strategies,https://doi.org/10.1111/mafi.12449,https://doi.org/10.1111/mafi.12449,failed,HTTP 403
mathematical-finance,2024,Measure‐valued processes for energy markets,https://doi.org/10.1111/mafi.12452,https://doi.org/10.1111/mafi.12452,failed,HTTP 403
mathematical-finance,2024,Golden parachutes under the threat of accidents,https://doi.org/10.1111/mafi.12448,https://doi.org/10.1111/mafi.12448,failed,HTTP 403
mathematical-finance,2023,Recent advances in reinforcement learning in finance,https://doi.org/10.1111/mafi.12382,https://doi.org/10.1111/mafi.12382,failed,HTTP 403
mathematical-finance,2023,Robust distortion risk measures,https://doi.org/10.1111/mafi.12414,https://doi.org/10.1111/mafi.12414,failed,HTTP 403
mathematical-finance,2023,Learning equilibrium mean‐variance strategy,https://doi.org/10.1111/mafi.12402,https://doi.org/10.1111/mafi.12402,paywalled,未找到开放获取副本
mathematical-finance,2023,Deep order flow imbalance: Extracting alpha at multiple horizons from the limit order book,https://doi.org/10.1111/mafi.12413,https://doi.org/10.1111/mafi.12413,failed,HTTP 403
mathematical-finance,2023,Crypto quanto and inverse options,https://doi.org/10.1111/mafi.12410,https://doi.org/10.1111/mafi.12410,failed,HTTP 403
mathematical-finance,2023,Reinforcement learning with dynamic convex risk measures,https://doi.org/10.1111/mafi.12388,https://doi.org/10.1111/mafi.12388,failed,HTTP 403
mathematical-finance,2023,Preference robust distortion risk measure and its application,https://doi.org/10.1111/mafi.12379,https://doi.org/10.1111/mafi.12379,failed,HTTP 403
mathematical-finance,2023,Discrete‐time risk sensitive portfolio optimization with proportional transaction costs,https://doi.org/10.1111/mafi.12406,https://doi.org/10.1111/mafi.12406,failed,HTTP 403
mathematical-finance,2023,Risk concentration and the mean‐expected shortfall criterion,https://doi.org/10.1111/mafi.12417,https://doi.org/10.1111/mafi.12417,failed,HTTP 403
mathematical-finance,2023,Analytical solvability and exact simulation in models with affine stochastic volatility and Lévy jumps,https://doi.org/10.1111/mafi.12387,https://doi.org/10.1111/mafi.12387,failed,HTTP 403
mathematical-finance,2023,Equilibria of time‐inconsistent stopping for one‐dimensional diffusion processes,https://doi.org/10.1111/mafi.12385,https://doi.org/10.1111/mafi.12385,failed,HTTP 403
mathematical-finance,2023,Improving reinforcement learning algorithms: Towards optimal learning rate policies,https://doi.org/10.1111/mafi.12378,https://doi.org/10.1111/mafi.12378,failed,HTTP 202
mathematical-finance,2023,Insurance–finance arbitrage,https://doi.org/10.1111/mafi.12412,https://doi.org/10.1111/mafi.12412,failed,HTTP 403
mathematical-finance,2023,Markov decision processes under model uncertainty,https://doi.org/10.1111/mafi.12381,https://doi.org/10.1111/mafi.12381,failed,HTTP 403
mathematical-finance,2023,Epstein‐Zin utility maximization on a random horizon,https://doi.org/10.1111/mafi.12404,https://doi.org/10.1111/mafi.12404,failed,HTTP 403
mathematical-finance,2023,Risk Budgeting portfolios: Existence and computation,https://doi.org/10.1111/mafi.12419,https://doi.org/10.1111/mafi.12419,failed,HTTP 403
mathematical-finance,2023,Effective algorithms for optimal portfolio deleveraging problem with cross impact,https://doi.org/10.1111/mafi.12383,https://doi.org/10.1111/mafi.12383,failed,HTTP 403
mathematical-finance,2023,Local volatility under rough volatility,https://doi.org/10.1111/mafi.12392,https://doi.org/10.1111/mafi.12392,failed,HTTP 403
mathematical-finance,2023,GANs training: A game and stochastic control approach,https://doi.org/10.1111/mafi.12427,https://doi.org/10.1111/mafi.12427,paywalled,未找到开放获取副本
mathematical-finance,2023,Time‐inconsistent contract theory,https://doi.org/10.1111/mafi.12426,https://doi.org/10.1111/mafi.12426,failed,HTTP 403
mathematical-finance,2023,"Nonlocality, nonlinearity, and time inconsistency in stochastic differential games",https://doi.org/10.1111/mafi.12420,https://doi.org/10.1111/mafi.12420,failed,HTTP 403
mathematical-finance,2023,Asymptotic subadditivity/superadditivity of Value‐at‐Risk under tail dependence,https://doi.org/10.1111/mafi.12393,https://doi.org/10.1111/mafi.12393,failed,HTTP 403
mathematical-finance,2023,Clustering heterogeneous financial networks,https://doi.org/10.1111/mafi.12407,https://doi.org/10.1111/mafi.12407,failed,HTTP 403
mathematical-finance,2023,A general approximation method for optimal stopping and random delay,https://doi.org/10.1111/mafi.12380,https://doi.org/10.1111/mafi.12380,paywalled,未找到开放获取副本
mathematical-finance,2023,Trading under the proof‐of‐stake protocol – A continuous‐time control approach,https://doi.org/10.1111/mafi.12403,https://doi.org/10.1111/mafi.12403,failed,HTTP 403
mathematical-finance,2023,Reconstructing volatility: Pricing of index options under rough volatility,https://doi.org/10.1111/mafi.12374,https://doi.org/10.1111/mafi.12374,failed,HTTP 403
mathematical-finance,2023,Noncausal affine processes with applications to derivative pricing,https://doi.org/10.1111/mafi.12384,https://doi.org/10.1111/mafi.12384,failed,HTTP 403
mathematical-finance,2023,Optimal investment with correlated stochastic volatility factors,https://doi.org/10.1111/mafi.12371,https://doi.org/10.1111/mafi.12371,failed,HTTP 403
mathematical-finance,2023,In memoriam: Marco Avellaneda (1955–2022),https://doi.org/10.1111/mafi.12375,https://doi.org/10.1111/mafi.12375,failed,HTTP 403
mathematical-finance,2023,Arbitrage theory in a market of stochastic dimension,https://doi.org/10.1111/mafi.12418,https://doi.org/10.1111/mafi.12418,failed,HTTP 403
mathematical-finance,2023,A Leland model for delta hedging in central risk books,https://doi.org/10.1111/mafi.12395,https://doi.org/10.1111/mafi.12395,failed,HTTP 403
mathematical-finance,2023,Mean–variance hedging of contingent claims with random maturity,https://doi.org/10.1111/mafi.12411,http://dx.doi.org/10.1111/mafi.12411,failed,HTTP 403
mathematical-finance,2022,Consistent estimation for fractional stochastic volatility model under high‐frequency asymptotics,https://doi.org/10.1111/mafi.12354,https://doi.org/10.1111/mafi.12354,paywalled,未找到开放获取副本
mathematical-finance,2022,Algorithmic market making in dealer markets with hedging and market impact,https://doi.org/10.1111/mafi.12367,https://doi.org/10.1111/mafi.12367,failed,HTTP 403
mathematical-finance,2022,Optimal dynamic regulation of carbon emissions market,https://doi.org/10.1111/mafi.12364,https://doi.org/10.1111/mafi.12364,failed,"网络错误 [Errno 8] nodename nor servname provided, or not known"
mathematical-finance,2022,The American put with finite‐time maturity and stochastic interest rate,https://doi.org/10.1111/mafi.12361,https://doi.org/10.1111/mafi.12361,failed,HTTP 403
mathematical-finance,2022,Asymptotic analysis of long‐term investment with two illiquid and correlated assets,https://doi.org/10.1111/mafi.12360,https://doi.org/10.1111/mafi.12360,paywalled,未找到开放获取副本
mathematical-finance,2022,Consistent time‐homogeneous modeling of SPX and VIX derivatives,https://doi.org/10.1111/mafi.12348,https://doi.org/10.1111/mafi.12348,failed,HTTP 403
mathematical-finance,2022,Super‐replication with transaction costs under model uncertainty for continuous processes,https://doi.org/10.1111/mafi.12355,https://doi.org/10.1111/mafi.12355,failed,HTTP 403
mathematical-finance,2022,Limits of semistatic trading strategies,https://doi.org/10.1111/mafi.12366,https://doi.org/10.1111/mafi.12366,paywalled,未找到开放获取副本
mathematical-finance,2022,Affine term structure models: A time‐change approach with perfect fit to market curves,https://doi.org/10.1111/mafi.12342,https://doi.org/10.1111/mafi.12342,paywalled,non-pdf-content
mathematical-finance,2022,Inter‐temporal mutual‐fund management,https://doi.org/10.1111/mafi.12349,https://doi.org/10.1111/mafi.12349,paywalled,未找到开放获取副本
mathematical-finance,2022,Estimating volatility in the Merton model: The KMV estimate is not maximum likelihood,https://doi.org/10.1111/mafi.12362,https://doi.org/10.1111/mafi.12362,failed,HTTP 403
mathematical-finance,2022,Fairness principles for insurance contracts in the presence of default risk,https://doi.org/10.1111/mafi.12344,https://doi.org/10.1111/mafi.12344,failed,HTTP 403
mathematical-finance,2022,Marco Avellaneda: Mathematician and trader,https://doi.org/10.1111/mafi.12372,https://doi.org/10.1111/mafi.12372,failed,HTTP 403
mathematical-finance,2021,"Bayes risk, elicitability, and the Expected Shortfall",https://doi.org/10.1111/mafi.12313,https://doi.org/10.1111/mafi.12313,paywalled,未找到开放获取副本
mathematical-finance,2021,Risk‐sensitive benchmarked asset management with expert forecasts,https://doi.org/10.1111/mafi.12310,https://doi.org/10.1111/mafi.12310,paywalled,未找到开放获取副本
mathematical-finance,2021,Optimal dynamic risk sharing under the time‐consistent mean‐variance criterion,https://doi.org/10.1111/mafi.12299,https://doi.org/10.1111/mafi.12299,paywalled,未找到开放获取副本
mathematical-finance,2021,Mean‐ portfolio selection and ‐arbitrage for coherent risk measures,https://doi.org/10.1111/mafi.12333,https://doi.org/10.1111/mafi.12333,failed,HTTP 403
mathematical-finance,2021,Penalty method for portfolio selection with capital gains tax,https://doi.org/10.1111/mafi.12309,https://doi.org/10.1111/mafi.12309,paywalled,未找到开放获取副本
mathematical-finance,2021,Optimal investment for retail investors,https://doi.org/10.1111/mafi.12336,https://doi.org/10.1111/mafi.12336,failed,HTTP 403
mathematical-finance,2021,"On buybacks, dilutions, dividends, and the pricing of stock‐based claims",https://doi.org/10.1111/mafi.12332,https://doi.org/10.1111/mafi.12332,paywalled,未找到开放获取副本
mathematical-finance,2021,Optimal fund menus,https://doi.org/10.1111/mafi.12341,https://doi.org/10.1111/mafi.12341,paywalled,non-pdf-content
mathematical-finance,2021,Simulating risk measures via asymptotic expansions for relative errors,https://doi.org/10.1111/mafi.12304,https://doi.org/10.1111/mafi.12304,paywalled,未找到开放获取副本
mathematical-finance,2021,Risk‐neutral pricing techniques and examples,https://doi.org/10.1111/mafi.12307,https://doi.org/10.1111/mafi.12307,paywalled,未找到开放获取副本
mathematical-finance,2021,Expected median of a shifted Brownian motion: Theory and calculations,https://doi.org/10.1111/mafi.12343,https://doi.org/10.1111/mafi.12343,paywalled,未找到开放获取副本
mathematical-finance,2021,Equilibrium price in intraday electricity markets,https://doi.org/10.1111/mafi.12340,https://doi.org/10.1111/mafi.12340,failed,HTTP 403
mathematical-finance,2021,"Young, timid, and risk takers",https://doi.org/10.1111/mafi.12329,https://doi.org/10.1111/mafi.12329,failed,HTTP 403
mathematical-finance,2020,Network valuation in financial systems,https://doi.org/10.1111/mafi.12272,https://doi.org/10.1111/mafi.12272,failed,HTTP 403
mathematical-finance,2020,Equilibrium concepts for time‐inconsistent stopping problems in continuous time,https://doi.org/10.1111/mafi.12293,https://doi.org/10.1111/mafi.12293,failed,HTTP 403
mathematical-finance,2020,Sharing the value‐at‐risk under distributional ambiguity,https://doi.org/10.1111/mafi.12296,https://doi.org/10.1111/mafi.12296,paywalled,未找到开放获取副本
mathematical-finance,2020,Risk functionals with convex level sets,https://doi.org/10.1111/mafi.12270,https://doi.org/10.1111/mafi.12270,paywalled,未找到开放获取副本
mathematical-finance,2020,Lifetime investment and consumption with recursive preferences and small transaction costs,https://doi.org/10.1111/mafi.12245,https://doi.org/10.1111/mafi.12245,paywalled,non-pdf-content
mathematical-finance,2020,Shortfall aversion,https://doi.org/10.1111/mafi.12239,https://doi.org/10.1111/mafi.12239,failed,HTTP 404
mathematical-finance,2020,Self‐similarity in long‐horizon returns,https://doi.org/10.1111/mafi.12269,https://doi.org/10.1111/mafi.12269,paywalled,non-pdf-content
mathematical-finance,2020,When to sell an asset amid anxiety about drawdowns,https://doi.org/10.1111/mafi.12278,https://doi.org/10.1111/mafi.12278,failed,HTTP 403
mathematical-finance,2020,Open markets,https://doi.org/10.1111/mafi.12294,https://doi.org/10.1111/mafi.12294,paywalled,未找到开放获取副本
mathematical-finance,2020,Semitractability of optimal stopping problems via a weighted stochastic mesh algorithm,https://doi.org/10.1111/mafi.12271,https://doi.org/10.1111/mafi.12271,failed,HTTP 403
mathematical-finance,2020,Optimal equilibria for time‐inconsistent stopping problems in continuous time,https://doi.org/10.1111/mafi.12251,https://doi.org/10.1111/mafi.12251,paywalled,未找到开放获取副本
mathematical-finance,2020,"Optimal investment, derivative demand, and arbitrage under price impact",https://doi.org/10.1111/mafi.12282,https://doi.org/10.1111/mafi.12282,paywalled,未找到开放获取副本
mathematical-finance,2020,Convergence of utility indifference prices to the superreplication price in a multiple‐priors framework,https://doi.org/10.1111/mafi.12288,https://doi.org/10.1111/mafi.12288,paywalled,non-pdf-content
operations-research,2026,Pre-hedging,https://doi.org/10.1287/opre.2024.1011,https://doi.org/10.1287/opre.2024.1011,paywalled,未找到开放获取副本
operations-research,2026,Deep Learning for High-Dimensional Continuous-Time Stochastic Optimal Control Without Explicit Solution,https://doi.org/10.1287/opre.2024.1102,https://doi.org/10.1287/opre.2024.1102,paywalled,未找到开放获取副本
operations-research,2026,Long-History Principal Component Analysis in a Dynamic Factor Model with Weak Loadings,https://doi.org/10.1287/opre.2024.1134,https://doi.org/10.1287/opre.2024.1134,paywalled,未找到开放获取副本
operations-research,2026,Dual Sourcing Made Easy: Distributionally Robust Optimization of Inventory Systems Under Independent Demand,https://doi.org/10.1287/opre.2024.1481,https://doi.org/10.1287/opre.2024.1481,paywalled,未找到开放获取副本
operations-research,2025,Trading with Concave Price Impact and Impact Decay—Theory and Evidence,https://doi.org/10.1287/opre.2023.0620,https://doi.org/10.1287/opre.2023.0620,failed,HTTP 403
operations-research,2025,Axioms for Automated Market Makers: A Mathematical Framework in FinTech and Decentralized Finance,https://doi.org/10.1287/opre.2022.0520,https://doi.org/10.1287/opre.2022.0520,paywalled,未找到开放获取副本
operations-research,2025,On Consistency of Signature Using Lasso,https://doi.org/10.1287/opre.2024.1133,https://doi.org/10.1287/opre.2024.1133,paywalled,未找到开放获取副本
operations-research,2025,Robust Actionable Prescriptive Analytics,https://doi.org/10.1287/opre.2023.0300,https://doi.org/10.1287/opre.2023.0300,paywalled,未找到开放获取副本
operations-research,2025,Optimal Trading with Speed-Dependent Transaction Cost Rates: A Flexible Framework,https://doi.org/10.1287/opre.2022.0160,https://doi.org/10.1287/opre.2022.0160,paywalled,未找到开放获取副本
operations-research,2025,Dynamic Black-Litterman,https://doi.org/10.1287/opre.2024.1010,https://doi.org/10.1287/opre.2024.1010,paywalled,未找到开放获取副本
operations-research,2025,Optimal Trade Execution Under Endogenous Order Flow,https://doi.org/10.1287/opre.2023.0151,https://doi.org/10.1287/opre.2023.0151,paywalled,未找到开放获取副本
operations-research,2025,Sinkhorn Distributionally Robust Optimization,https://doi.org/10.1287/opre.2023.0294,https://doi.org/10.1287/opre.2023.0294,paywalled,未找到开放获取副本
operations-research,2025,Post-trade Netting and Contagion,https://doi.org/10.1287/opre.2021.0800,https://doi.org/10.1287/opre.2021.0800,paywalled,未找到开放获取副本
operations-research,2024,"Technical Note—An Unexpected Stochastic Dominance: Pareto Distributions, Dependence, and Diversification",https://doi.org/10.1287/opre.2022.0505,https://doi.org/10.1287/opre.2022.0505,paywalled,未找到开放获取副本
operations-research,2024,Optimal Cash Management with Payables Finance,https://doi.org/10.1287/opre.2022.0196,https://doi.org/10.1287/opre.2022.0196,paywalled,未找到开放获取副本
operations-research,2024,Technical Note—Production Management with General Demands and Lost Sales,https://doi.org/10.1287/opre.2022.0191,https://doi.org/10.1287/opre.2022.0191,paywalled,未找到开放获取副本
operations-research,2024,Robust Financial Networks,https://doi.org/10.1287/opre.2022.0272,https://doi.org/10.1287/opre.2022.0272,paywalled,未找到开放获取副本
operations-research,2024,Preventing Price-Mediated Contagion Due to Fire Sales Externalities: Strategic Foundations of Macroprudential Regulation,https://doi.org/10.1287/opre.2023.0237,https://doi.org/10.1287/opre.2023.0237,paywalled,未找到开放获取副本
operations-research,2023,Systemic Portfolio Diversification,https://doi.org/10.1287/opre.2022.0290,https://doi.org/10.1287/opre.2022.0290,paywalled,未找到开放获取副本
operations-research,2023,Production Planning with Risk Hedging Under a Conditional Value at Risk Objective,https://doi.org/10.1287/opre.2022.2423,https://doi.org/10.1287/opre.2022.2423,paywalled,未找到开放获取副本
operations-research,2023,Stochastic Liquidity as a Proxy for Nonlinear Price Impact,https://doi.org/10.1287/opre.2022.0627,https://doi.org/10.1287/opre.2022.0627,paywalled,未找到开放获取副本
operations-research,2023,Beta and Coskewness Pricing: Perspective from Probability Weighting,https://doi.org/10.1287/opre.2022.2421,https://doi.org/10.1287/opre.2022.2421,paywalled,未找到开放获取副本
operations-research,2023,Technical Note—Optimizing Risk-Balancing Return Under Discrete Choice Models,https://doi.org/10.1287/opre.2023.2465,https://doi.org/10.1287/opre.2023.2465,paywalled,未找到开放获取副本
operations-research,2023,Optimal Leveraged Portfolio Selection Under Quasi-Elastic Market Impact,https://doi.org/10.1287/opre.2023.2462,http://dx.doi.org/10.1287/opre.2023.2462,paywalled,未找到开放获取副本
operations-research,2023,Does the Prohibition of Trade-Through Hurt Liquidity Demanders?,https://doi.org/10.1287/opre.2023.2454,https://doi.org/10.1287/opre.2023.2454,paywalled,未找到开放获取副本
operations-research,2022,Robust Satisficing,https://doi.org/10.1287/opre.2021.2238,https://doi.org/10.1287/opre.2021.2238,paywalled,未找到开放获取副本
operations-research,2022,Technical Note—Data-Driven Chance Constrained Programs over Wasserstein Balls,https://doi.org/10.1287/opre.2022.2330,https://doi.org/10.1287/opre.2022.2330,paywalled,non-pdf-content
operations-research,2022,The Value of Coordination in Multimarket Bidding of Grid Energy Storage,https://doi.org/10.1287/opre.2021.2247,https://doi.org/10.1287/opre.2021.2247,failed,网络错误 [Errno 61] Connection refused
operations-research,2022,Systemic Risk-Driven Portfolio Selection,https://doi.org/10.1287/opre.2021.2234,https://doi.org/10.1287/opre.2021.2234,paywalled,未找到开放获取副本
operations-research,2022,Dark Matter in (Volatility and) Equity Option Risk Premiums,https://doi.org/10.1287/opre.2022.2360,https://doi.org/10.1287/opre.2022.2360,paywalled,未找到开放获取副本
operations-research,2022,Online Resource Allocation with Personalized Learning,https://doi.org/10.1287/opre.2022.2294,https://doi.org/10.1287/opre.2022.2294,paywalled,未找到开放获取副本
operations-research,2022,"Cross-Sectional Variation of Intraday Liquidity, Cross-Impact, and Their Effect on Portfolio Execution",https://doi.org/10.1287/opre.2021.2201,https://doi.org/10.1287/opre.2021.2201,paywalled,未找到开放获取副本
operations-research,2022,Pricing Under Uncertainty in Multi-Interval Real-Time Markets,https://doi.org/10.1287/opre.2022.2314,https://doi.org/10.1287/opre.2022.2314,paywalled,non-pdf-content
operations-research,2022,Market Making and Incentives Design in the Presence of a Dark Pool: A Stackelberg Actor–Critic Approach,https://doi.org/10.1287/opre.2022.2406,https://doi.org/10.1287/opre.2022.2406,paywalled,non-pdf-content
operations-research,2022,Risk-Based Robust Statistical Learning by Stochastic Difference-of-Convex Value-Function Optimization,https://doi.org/10.1287/opre.2021.2248,https://doi.org/10.1287/opre.2021.2248,paywalled,未找到开放获取副本
operations-research,2022,Technical Note—Revenue Volatility Under Uncertain Network Effects,https://doi.org/10.1287/opre.2022.2302,https://doi.org/10.1287/opre.2022.2302,paywalled,non-pdf-content
operations-research,2021,Risk Management for Sustainable Sovereign Debt Financing,https://doi.org/10.1287/opre.2020.2055,https://doi.org/10.1287/opre.2020.2055,paywalled,未找到开放获取副本
operations-research,2021,Menu Costs and the Bullwhip Effect: Supply Chain Implications of Dynamic Pricing,https://doi.org/10.1287/opre.2021.2175,https://doi.org/10.1287/opre.2021.2175,failed,HTTP 403
operations-research,2021,Dynamic Learning and Market Making in Spread Betting Markets with Informed Bettors,https://doi.org/10.1287/opre.2021.2109,https://doi.org/10.1287/opre.2021.2109,paywalled,未找到开放获取副本
operations-research,2021,Quantile Markov Decision Processes,https://doi.org/10.1287/opre.2021.2123,https://doi.org/10.1287/opre.2021.2123,paywalled,non-pdf-content
operations-research,2021,Optimal Auction Duration: A Price Formation Viewpoint,https://doi.org/10.1287/opre.2021.2113,https://doi.org/10.1287/opre.2021.2113,paywalled,未找到开放获取副本
operations-research,2021,Queueing Dynamics and State Space Collapse in Fragmented Limit Order Book Markets,https://doi.org/10.1287/opre.2020.1989,https://doi.org/10.1287/opre.2020.1989,paywalled,未找到开放获取副本
operations-research,2020,A Generalized Black–Litterman Model,https://doi.org/10.1287/opre.2019.1893,https://doi.org/10.1287/opre.2019.1893,failed,HTTP 403
operations-research,2020,Risk Arbitrage Opportunities for Stock Index Options,https://doi.org/10.1287/opre.2020.2012,https://doi.org/10.1287/opre.2020.2012,paywalled,未找到开放获取副本
operations-research,2020,Technical Note—Options Portfolio Selection,https://doi.org/10.1287/opre.2019.1925,https://doi.org/10.1287/opre.2019.1925,paywalled,non-pdf-content
operations-research,2020,Technical Note—Central Limit Theorems for Estimated Functions at Estimated Points,https://doi.org/10.1287/opre.2019.1922,https://doi.org/10.1287/opre.2019.1922,paywalled,未找到开放获取副本
quantitative-finance,2026,A decision-focused learning framework for goal-based investing,https://doi.org/10.1080/14697688.2025.2596917,https://doi.org/10.1080/14697688.2025.2596917,paywalled,未找到开放获取副本
quantitative-finance,2026,Analytical approximations for American option pricing under regime-switching models,https://doi.org/10.1080/14697688.2026.2629951,https://doi.org/10.1080/14697688.2026.2629951,paywalled,未找到开放获取副本
quantitative-finance,2026,Forecasting carbon returns under structural breaks and model uncertainty: a time-weighted regularized combination approach,https://doi.org/10.1080/14697688.2025.2602783,https://doi.org/10.1080/14697688.2025.2602783,paywalled,未找到开放获取副本
quantitative-finance,2026,Calibrating a proportional hazards model with time-correlated covariates: a case study in probability of default modelling for credit risk analysis,https://doi.org/10.1080/14697688.2025.2601721,https://doi.org/10.1080/14697688.2025.2601721,paywalled,未找到开放获取副本
quantitative-finance,2026,Pricing American Parisian options under general time-inhomogeneous Markov models,https://doi.org/10.1080/14697688.2025.2596132,https://doi.org/10.1080/14697688.2025.2596132,paywalled,未找到开放获取副本
quantitative-finance,2026,Pairs trading with stock borrowing fee,https://doi.org/10.1080/14697688.2025.2596920,https://doi.org/10.1080/14697688.2025.2596920,paywalled,未找到开放获取副本
quantitative-finance,2026,Multivariate portfolio choice via quantiles,https://doi.org/10.1080/14697688.2025.2594061,https://doi.org/10.1080/14697688.2025.2594061,paywalled,未找到开放获取副本
quantitative-finance,2026,Surpassing stock market's noise-nonstationarity tradeoff by causal-based domain discovery,https://doi.org/10.1080/14697688.2025.2591906,https://doi.org/10.1080/14697688.2025.2591906,paywalled,未找到开放获取副本
quantitative-finance,2026,Optimal execution in intraday energy markets under Hawkes processes with transient impact,https://doi.org/10.1080/14697688.2025.2597415,https://doi.org/10.1080/14697688.2025.2597415,paywalled,未找到开放获取副本
quantitative-finance,2026,Addressing estimation errors on expected asset returns through robust portfolio optimization,https://doi.org/10.1080/14697688.2025.2606114,https://doi.org/10.1080/14697688.2025.2606114,paywalled,未找到开放获取副本
quantitative-finance,2026,Random processes for long-term market simulations,https://doi.org/10.1080/14697688.2025.2604768,https://doi.org/10.1080/14697688.2025.2604768,paywalled,未找到开放获取副本
quantitative-finance,2026,Optimizing stock portfolios with deep reinforcement learning after FNN-based fundamental analysis,https://doi.org/10.1080/14697688.2025.2604770,https://doi.org/10.1080/14697688.2025.2604770,paywalled,未找到开放获取副本
quantitative-finance,2026,Stock returns revisited and variances hedged by machine learning,https://doi.org/10.1080/14697688.2025.2609651,https://doi.org/10.1080/14697688.2025.2609651,paywalled,未找到开放获取副本
quantitative-finance,2026,Leveraging machine learning for high-dimensional option pricing within the uncertain volatility model,https://doi.org/10.1080/14697688.2025.2609643,https://doi.org/10.1080/14697688.2025.2609643,paywalled,未找到开放获取副本
quantitative-finance,2026,A structured PDE framework for pricing resettable convertible bonds,https://doi.org/10.1080/14697688.2026.2616345,https://doi.org/10.1080/14697688.2026.2616345,paywalled,未找到开放获取副本
quantitative-finance,2026,An interpretable labeling model for reject inference based on multi-level sub-model migration in the credit risk assessment scenario,https://doi.org/10.1080/14697688.2026.2619537,https://doi.org/10.1080/14697688.2026.2619537,paywalled,未找到开放获取副本
quantitative-finance,2026,Constant proportion performance participation,https://doi.org/10.1080/14697688.2026.2615107,https://doi.org/10.1080/14697688.2026.2615107,paywalled,未找到开放获取副本
quantitative-finance,2026,Detecting toxic flow,https://doi.org/10.1080/14697688.2026.2619539,https://doi.org/10.1080/14697688.2026.2619539,failed,HTTP 403
quantitative-finance,2026,The ‘double’ square-root law: evidence for the mechanical origin of market impact using Tokyo stock exchange data,https://doi.org/10.1080/14697688.2026.2615106,https://doi.org/10.1080/14697688.2026.2615106,paywalled,未找到开放获取副本
quantitative-finance,2026,On the measurement of bank vulnerability,https://doi.org/10.1080/14697688.2026.2631114,https://doi.org/10.1080/14697688.2026.2631114,failed,HTTP 403
quantitative-finance,2026,Quantum advantage for multi-option portfolio pricing and valuation adjustments,https://doi.org/10.1080/14697688.2026.2614573,https://doi.org/10.1080/14697688.2026.2614573,paywalled,未找到开放获取副本
quantitative-finance,2026,Smart leverage? Rethinking the role of Leveraged Exchange Traded Funds in constructing portfolios to beat a benchmark,https://doi.org/10.1080/14697688.2026.2620566,https://doi.org/10.1080/14697688.2026.2620566,paywalled,未找到开放获取副本
quantitative-finance,2026,A multi-factor model for improved commodity pricing: calibration and an application to the oil market,https://doi.org/10.1080/14697688.2026.2619531,https://doi.org/10.1080/14697688.2026.2619531,paywalled,未找到开放获取副本
quantitative-finance,2026,Machine learning methods for pricing financial derivatives,https://doi.org/10.1080/14697688.2026.2623901,https://doi.org/10.1080/14697688.2026.2623901,paywalled,未找到开放获取副本
quantitative-finance,2026,A multi-layered network approach for the corporate and banking sectors: unwrapping the fundamental features of velocity of money,https://doi.org/10.1080/14697688.2026.2618180,https://doi.org/10.1080/14697688.2026.2618180,paywalled,未找到开放获取副本
quantitative-finance,2026,Household stock portfolios under sequential search: implications for diversification puzzle and household risk,https://doi.org/10.1080/14697688.2026.2620565,https://doi.org/10.1080/14697688.2026.2620565,paywalled,未找到开放获取副本
quantitative-finance,2026,Forward-looking physical tail risk: a deep learning approach,https://doi.org/10.1080/14697688.2026.2623897,https://doi.org/10.1080/14697688.2026.2623897,paywalled,未找到开放获取副本
quantitative-finance,2026,Filtering market signals: dynamic asset allocation with momentum and hidden mean reversion,https://doi.org/10.1080/14697688.2026.2627261,https://doi.org/10.1080/14697688.2026.2627261,failed,HTTP 403
quantitative-finance,2026,Expanding the risk horizon: an integrated framework for managing uncertainty and risk in portfolio selection,https://doi.org/10.1080/14697688.2026.2633448,https://doi.org/10.1080/14697688.2026.2633448,failed,HTTP 403
quantitative-finance,2026,Distribution of price and volume in a call auction,https://doi.org/10.1080/14697688.2026.2636565,https://doi.org/10.1080/14697688.2026.2636565,paywalled,未找到开放获取副本
quantitative-finance,2026,Dimensionality reduction techniques to support insider trading detection,https://doi.org/10.1080/14697688.2026.2636556,https://doi.org/10.1080/14697688.2026.2636556,paywalled,未找到开放获取副本
quantitative-finance,2026,Valuation and hedging efficiency of multifactor swing quanto options for price-volume risk in electricity markets,https://doi.org/10.1080/14697688.2026.2637741,https://doi.org/10.1080/14697688.2026.2637741,paywalled,未找到开放获取副本
quantitative-finance,2026,Reinforcement learning for trade execution with market and limit orders,https://doi.org/10.1080/14697688.2026.2631116,https://doi.org/10.1080/14697688.2026.2631116,failed,HTTP 403
quantitative-finance,2026,Multivariate rough volatility,https://doi.org/10.1080/14697688.2026.2638519,https://doi.org/10.1080/14697688.2026.2638519,paywalled,未找到开放获取副本
quantitative-finance,2026,Simulation-analytical approach for calculating VaR contributions in credit portfolios,https://doi.org/10.1080/14697688.2026.2641764,https://doi.org/10.1080/14697688.2026.2641764,paywalled,未找到开放获取副本
quantitative-finance,2026,The implied volatility surface (also) is path-dependent,https://doi.org/10.1080/14697688.2026.2637739,https://doi.org/10.1080/14697688.2026.2637739,paywalled,未找到开放获取副本
quantitative-finance,2026,A Bayesian approach to generating distribution-based signals in pairs trading,https://doi.org/10.1080/14697688.2026.2644357,https://doi.org/10.1080/14697688.2026.2644357,paywalled,未找到开放获取副本
quantitative-finance,2026,"The subtle interplay between square-root impact, order imbalance &amp; volatility: a unifying framework",https://doi.org/10.1080/14697688.2026.2641766,https://doi.org/10.1080/14697688.2026.2641766,paywalled,未找到开放获取副本
quantitative-finance,2026,Revisiting the bond premium puzzle: a robustness approach,https://doi.org/10.1080/14697688.2026.2646274,https://doi.org/10.1080/14697688.2026.2646274,failed,HTTP 403
quantitative-finance,2026,The impact of green bonds on issuers' environmental performance,https://doi.org/10.1080/14697688.2026.2641012,https://doi.org/10.1080/14697688.2026.2641012,paywalled,未找到开放获取副本
quantitative-finance,2026,Efficient upper bounds for American options: regression-based duals from backward primals,https://doi.org/10.1080/14697688.2026.2647986,https://doi.org/10.1080/14697688.2026.2647986,failed,HTTP 403
quantitative-finance,2026,Explicit local volatility formula for Cheyette-type interest rate models,https://doi.org/10.1080/14697688.2026.2654728,https://doi.org/10.1080/14697688.2026.2654728,paywalled,未找到开放获取副本
quantitative-finance,2026,Exploring parsimonious principles that unify active portfolio selection (II): validation,https://doi.org/10.1080/14697688.2026.2645380,https://doi.org/10.1080/14697688.2026.2645380,failed,HTTP 403
quantitative-finance,2026,Pair trading strategies in the cryptoassets market: a cointegration framework with optimized thresholds using genetic algorithms,https://doi.org/10.1080/14697688.2026.2653663,https://doi.org/10.1080/14697688.2026.2653663,paywalled,未找到开放获取副本
quantitative-finance,2026,Exploring parsimonious principles that unify active portfolio selection (I): model,https://doi.org/10.1080/14697688.2026.2633449,https://doi.org/10.1080/14697688.2026.2633449,failed,HTTP 403
quantitative-finance,2025,Options-driven volatility forecasting,https://doi.org/10.1080/14697688.2025.2454623,https://doi.org/10.1080/14697688.2025.2454623,failed,HTTP 403
quantitative-finance,2025,Deep limit order book forecasting: a microstructural guide,https://doi.org/10.1080/14697688.2025.2522911,https://doi.org/10.1080/14697688.2025.2522911,failed,HTTP 403
quantitative-finance,2025,Multiple equilibria in mean-field game models of firm competition with strategic complementarities,https://doi.org/10.1080/14697688.2024.2438217,https://doi.org/10.1080/14697688.2024.2438217,paywalled,未找到开放获取副本
quantitative-finance,2025,Bid-ask bounds for option prices: the two-tail distortion model,https://doi.org/10.1080/14697688.2025.2475087,https://doi.org/10.1080/14697688.2025.2475087,paywalled,未找到开放获取副本
quantitative-finance,2025,Generation of synthetic financial time series by diffusion models,https://doi.org/10.1080/14697688.2025.2528697,https://doi.org/10.1080/14697688.2025.2528697,failed,HTTP 403
quantitative-finance,2025,Sparse portfolio selection via topological data analysis based clustering,https://doi.org/10.1080/14697688.2025.2544762,https://doi.org/10.1080/14697688.2025.2544762,paywalled,未找到开放获取副本
quantitative-finance,2025,The pricing of total loss absorption capacity bonds in a jump-diffusion model with regime-switching,https://doi.org/10.1080/14697688.2025.2571150,https://doi.org/10.1080/14697688.2025.2571150,failed,HTTP 404
quantitative-finance,2025,Ensemble learning for portfolio valuation and risk management,https://doi.org/10.1080/14697688.2024.2430299,https://doi.org/10.1080/14697688.2024.2430299,failed,HTTP 403
quantitative-finance,2025,Denoising ESG: uncertainty-aware scoring through probabilistic imputation of missing data,https://doi.org/10.1080/14697688.2025.2542507,https://doi.org/10.1080/14697688.2025.2542507,paywalled,未找到开放获取副本
quantitative-finance,2025,Local sensitivity analysis of heating degree day and cooling degree day temperature derivative prices,https://doi.org/10.1080/14697688.2025.2471347,https://doi.org/10.1080/14697688.2025.2471347,failed,HTTP 403
quantitative-finance,2025,When order execution meets informed trading,https://doi.org/10.1080/14697688.2025.2479049,https://doi.org/10.1080/14697688.2025.2479049,paywalled,未找到开放获取副本
quantitative-finance,2025,Computing the SSR,https://doi.org/10.1080/14697688.2025.2486173,https://doi.org/10.1080/14697688.2025.2486173,paywalled,未找到开放获取副本
quantitative-finance,2025,The non-linear ESG premium,https://doi.org/10.1080/14697688.2025.2492794,https://doi.org/10.1080/14697688.2025.2492794,failed,HTTP 403
quantitative-finance,2025,Optimal portfolio choice with ESG considerations and asymmetric information,https://doi.org/10.1080/14697688.2025.2519836,https://doi.org/10.1080/14697688.2025.2519836,paywalled,未找到开放获取副本
quantitative-finance,2025,Trading TP <sub>2</sub> option violations,https://doi.org/10.1080/14697688.2025.2538597,https://doi.org/10.1080/14697688.2025.2538597,paywalled,未找到开放获取副本
quantitative-finance,2025,A semi-parametric dynamic conditional correlation framework for risk forecasting,https://doi.org/10.1080/14697688.2024.2446740,https://doi.org/10.1080/14697688.2024.2446740,paywalled,未找到开放获取副本
quantitative-finance,2025,Harnessing uncertainty: a new approach to real estate investment decision support,https://doi.org/10.1080/14697688.2025.2468269,https://doi.org/10.1080/14697688.2025.2468269,failed,HTTP 403
quantitative-finance,2025,Simultaneous upper and lower bounds of American-style option prices with hedging via neural networks,https://doi.org/10.1080/14697688.2025.2472874,https://doi.org/10.1080/14697688.2025.2472874,paywalled,未找到开放获取副本
quantitative-finance,2025,Green technology innovation with environmental constraints,https://doi.org/10.1080/14697688.2025.2506778,https://doi.org/10.1080/14697688.2025.2506778,paywalled,未找到开放获取副本
quantitative-finance,2025,Stock market simulator using hidden Markov generative model and its application in risk measurement,https://doi.org/10.1080/14697688.2025.2511115,https://doi.org/10.1080/14697688.2025.2511115,paywalled,未找到开放获取副本
quantitative-finance,2025,On the predictive power of food commodity futures prices in forecasting inflation,https://doi.org/10.1080/14697688.2025.2536611,https://doi.org/10.1080/14697688.2025.2536611,failed,HTTP 403
quantitative-finance,2025,Macroscopic properties of equity markets: stylized facts and portfolio performance,https://doi.org/10.1080/14697688.2025.2541859,https://doi.org/10.1080/14697688.2025.2541859,paywalled,未找到开放获取副本
quantitative-finance,2025,Ex ante and ex post risk premiums in electricity futures,https://doi.org/10.1080/14697688.2025.2551768,https://doi.org/10.1080/14697688.2025.2551768,failed,HTTP 403
quantitative-finance,2025,Optimal recursive utility maximization with debt-to-income limits,https://doi.org/10.1080/14697688.2025.2578409,https://doi.org/10.1080/14697688.2025.2578409,paywalled,未找到开放获取副本
quantitative-finance,2025,Feature configuration effects in DRL portfolio management: a risk-focused evaluation under market stress,https://doi.org/10.1080/14697688.2025.2592822,https://doi.org/10.1080/14697688.2025.2592822,failed,HTTP 403
quantitative-finance,2025,Social contagion and asset prices: Reddit's self-organized bull runs,https://doi.org/10.1080/14697688.2025.2559970,https://doi.org/10.1080/14697688.2025.2559970,failed,HTTP 403
quantitative-finance,2025,Randomized signature methods in optimal portfolio selection,https://doi.org/10.1080/14697688.2025.2458613,https://doi.org/10.1080/14697688.2025.2458613,failed,HTTP 403
quantitative-finance,2025,Optimal reinsurance in a dynamic contagion model: comparing self-exciting and externally-exciting risks,https://doi.org/10.1080/14697688.2025.2488450,https://doi.org/10.1080/14697688.2025.2488450,paywalled,未找到开放获取副本
quantitative-finance,2025,Merged LSTM-MLP for option valuation,https://doi.org/10.1080/14697688.2025.2493965,https://doi.org/10.1080/14697688.2025.2493965,failed,HTTP 403
quantitative-finance,2025,Spot beta estimation with asynchronous noisy prices,https://doi.org/10.1080/14697688.2025.2500494,https://doi.org/10.1080/14697688.2025.2500494,paywalled,未找到开放获取副本
quantitative-finance,2025,Explaining risks: axiomatic risk attributions for financial models,https://doi.org/10.1080/14697688.2025.2519837,https://doi.org/10.1080/14697688.2025.2519837,paywalled,未找到开放获取副本
quantitative-finance,2025,Crypto inverse-power options and fractional stochastic volatility,https://doi.org/10.1080/14697688.2025.2518252,https://doi.org/10.1080/14697688.2025.2518252,paywalled,未找到开放获取副本
quantitative-finance,2025,Exploratory mean-variance portfolio selection with Choquet regularizers,https://doi.org/10.1080/14697688.2025.2563094,https://doi.org/10.1080/14697688.2025.2563094,paywalled,未找到开放获取副本
quantitative-finance,2025,A social media alert system for meme stocks,https://doi.org/10.1080/14697688.2025.2464179,https://doi.org/10.1080/14697688.2025.2464179,paywalled,未找到开放获取副本
quantitative-finance,2025,"Optimal harvest with multiple fishing zones, endogenous price and global uncertainty",https://doi.org/10.1080/14697688.2025.2550476,https://doi.org/10.1080/14697688.2025.2550476,paywalled,未找到开放获取副本
quantitative-finance,2025,NN de-Americanization: an efficient method to facilitate calibration of American-style options,https://doi.org/10.1080/14697688.2024.2432511,https://doi.org/10.1080/14697688.2024.2432511,paywalled,未找到开放获取副本
quantitative-finance,2025,A new test of factor model for asset returns: based on pleiotropy model,https://doi.org/10.1080/14697688.2024.2440540,https://doi.org/10.1080/14697688.2024.2440540,paywalled,未找到开放获取副本
quantitative-finance,2025,Time-consistent investment strategy for a DC pension plan with the return of premiums clause and mispricing,https://doi.org/10.1080/14697688.2024.2445853,https://doi.org/10.1080/14697688.2024.2445853,paywalled,未找到开放获取副本
quantitative-finance,2025,Special Issue on XXIV Workshop on Quantitative Finance,https://doi.org/10.1080/14697688.2025.2461887,https://doi.org/10.1080/14697688.2025.2461887,failed,HTTP 403
quantitative-finance,2025,Optimal liquidation under indirect price impact with propagator,https://doi.org/10.1080/14697688.2025.2463368,https://doi.org/10.1080/14697688.2025.2463368,paywalled,non-pdf-content
quantitative-finance,2025,<i>α</i> -threshold networks in credit risk models,https://doi.org/10.1080/14697688.2025.2465697,https://doi.org/10.1080/14697688.2025.2465697,failed,HTTP 403
quantitative-finance,2025,Back-testing credit risk parameters on low default portfolios: a simple Bayesian transfer learning approach with an application to sovereign risk‖,https://doi.org/10.1080/14697688.2025.2466740,https://doi.org/10.1080/14697688.2025.2466740,paywalled,未找到开放获取副本
quantitative-finance,2025,Multiperiod interval-based stochastic dominance with application to dynamic portfolios,https://doi.org/10.1080/14697688.2025.2476080,https://doi.org/10.1080/14697688.2025.2476080,paywalled,未找到开放获取副本
quantitative-finance,2025,A model of financial bubbles and drawdowns with non-local behavioral self-referencing,https://doi.org/10.1080/14697688.2025.2479633,https://doi.org/10.1080/14697688.2025.2479633,failed,HTTP 403
quantitative-finance,2025,Hydrodynamics of Markets: Hidden Links between Physics and Finance,https://doi.org/10.1080/14697688.2025.2487101,https://doi.org/10.1080/14697688.2025.2487101,failed,HTTP 403
quantitative-finance,2025,A copula-based data augmentation strategy for the sensitivity analysis of extreme operational losses,https://doi.org/10.1080/14697688.2025.2487103,https://doi.org/10.1080/14697688.2025.2487103,failed,HTTP 403
quantitative-finance,2025,Enhanced indexation: can volatility timing improve portfolio performance?,https://doi.org/10.1080/14697688.2025.2490630,https://doi.org/10.1080/14697688.2025.2490630,paywalled,未找到开放获取副本
quantitative-finance,2025,An optimal retirement problem with job switching and unemployment risks under subsistence consumption constraints,https://doi.org/10.1080/14697688.2025.2498395,https://doi.org/10.1080/14697688.2025.2498395,paywalled,未找到开放获取副本
quantitative-finance,2025,Multilayer interdependencies in the banking system of Japan: correlation dynamics and determinants,https://doi.org/10.1080/14697688.2025.2503270,https://doi.org/10.1080/14697688.2025.2503270,paywalled,未找到开放获取副本
quantitative-finance,2025,Volatility connectedness of commodity futures and its application in portfolio optimization,https://doi.org/10.1080/14697688.2025.2503284,https://doi.org/10.1080/14697688.2025.2503284,paywalled,未找到开放获取副本
quantitative-finance,2025,Semi-Markov-modulated exponential-affine bond prices,https://doi.org/10.1080/14697688.2025.2506771,https://doi.org/10.1080/14697688.2025.2506771,paywalled,未找到开放获取副本
quantitative-finance,2025,Bayesian nonparametric modelling of stochastic volatility,https://doi.org/10.1080/14697688.2025.2509561,https://doi.org/10.1080/14697688.2025.2509561,paywalled,未找到开放获取副本
quantitative-finance,2025,Life-cycle planning model with inflation and time-varying consumption constraints,https://doi.org/10.1080/14697688.2025.2512157,https://doi.org/10.1080/14697688.2025.2512157,paywalled,未找到开放获取副本
quantitative-finance,2025,Betting Against (Bad) Beta,https://doi.org/10.1080/14697688.2025.2517270,https://doi.org/10.1080/14697688.2025.2517270,failed,HTTP 404
quantitative-finance,2025,Fit for purpose,https://doi.org/10.1080/14697688.2025.2505584,https://doi.org/10.1080/14697688.2025.2505584,paywalled,未找到开放获取副本
quantitative-finance,2025,"The good, the bad, and latency: exploratory trading on Bybit and Binance",https://doi.org/10.1080/14697688.2025.2515933,https://doi.org/10.1080/14697688.2025.2515933,failed,HTTP 403
quantitative-finance,2025,"Option pricing with a compound CARMA( <i>p</i> , <i>q</i> )-Hawkes",https://doi.org/10.1080/14697688.2025.2519841,https://doi.org/10.1080/14697688.2025.2519841,paywalled,non-pdf-content
quantitative-finance,2025,A methodological approach to the computational problems in the estimation of adjusted PIN model,https://doi.org/10.1080/14697688.2025.2515929,https://doi.org/10.1080/14697688.2025.2515929,paywalled,未找到开放获取副本
quantitative-finance,2025,Realized skewness of oil price returns and the short-term predictability for exchange rate,https://doi.org/10.1080/14697688.2025.2522177,https://doi.org/10.1080/14697688.2025.2522177,paywalled,未找到开放获取副本
quantitative-finance,2025,"Investment, financing, strategic debt service, and liquidation",https://doi.org/10.1080/14697688.2025.2528693,https://doi.org/10.1080/14697688.2025.2528693,paywalled,未找到开放获取副本
quantitative-finance,2025,"Attention-based reading, highlighting, and forecasting of the limit order book",https://doi.org/10.1080/14697688.2025.2522914,https://doi.org/10.1080/14697688.2025.2522914,paywalled,未找到开放获取副本
quantitative-finance,2025,Intra-day seasonality and abnormal returns in the Brent crude oil futures market,https://doi.org/10.1080/14697688.2025.2535479,https://doi.org/10.1080/14697688.2025.2535479,paywalled,未找到开放获取副本
quantitative-finance,2025,Bayesian probability of default models with Langevin dynamics,https://doi.org/10.1080/14697688.2025.2532025,https://doi.org/10.1080/14697688.2025.2532025,paywalled,未找到开放获取副本
quantitative-finance,2025,Modeling variance risk in financial markets using power-laws: new evidence from the Garman-Klass variance estimator,https://doi.org/10.1080/14697688.2025.2529485,https://doi.org/10.1080/14697688.2025.2529485,failed,HTTP 403
quantitative-finance,2025,Optimal portfolio and labor-leisure decisions with intolerance for declining standards of living,https://doi.org/10.1080/14697688.2025.2534601,https://doi.org/10.1080/14697688.2025.2534601,paywalled,未找到开放获取副本
quantitative-finance,2025,"Artificial Intelligence in Finance, Volume 1",https://doi.org/10.1080/14697688.2025.2491689,https://doi.org/10.1080/14697688.2025.2491689,paywalled,未找到开放获取副本
quantitative-finance,2025,A simple realized factor-based portfolio: improving minimum variance portfolio performance by incorporating low-frequency betas,https://doi.org/10.1080/14697688.2025.2538595,https://doi.org/10.1080/14697688.2025.2538595,paywalled,未找到开放获取副本
quantitative-finance,2025,Efficient computations of prices and Greeks for autocallables under Heston model,https://doi.org/10.1080/14697688.2025.2544760,https://doi.org/10.1080/14697688.2025.2544760,paywalled,未找到开放获取副本
quantitative-finance,2025,Closed-form option formulas for Kou-like models,https://doi.org/10.1080/14697688.2025.2546000,https://doi.org/10.1080/14697688.2025.2546000,failed,HTTP 403
quantitative-finance,2025,Algorithmic and high-frequency trading problems for Semi-Markov and Hawkes jump-diffusion models,https://doi.org/10.1080/14697688.2025.2541007,https://doi.org/10.1080/14697688.2025.2541007,paywalled,未找到开放获取副本
quantitative-finance,2025,New approaches of the multivariate GARCH residual: application to foreign exchange rates,https://doi.org/10.1080/14697688.2025.2547829,https://doi.org/10.1080/14697688.2025.2547829,paywalled,未找到开放获取副本
quantitative-finance,2025,Short-maturity options on realized variance in local-stochastic volatility models,https://doi.org/10.1080/14697688.2025.2563107,https://doi.org/10.1080/14697688.2025.2563107,paywalled,未找到开放获取副本
quantitative-finance,2025,On the Hull-White model with volatility smile for Valuation Adjustments,https://doi.org/10.1080/14697688.2025.2565270,https://doi.org/10.1080/14697688.2025.2565270,paywalled,未找到开放获取副本
quantitative-finance,2025,Greenwashing risk in asset pricing: the shift after the Paris agreement,https://doi.org/10.1080/14697688.2025.2563091,https://doi.org/10.1080/14697688.2025.2563091,failed,HTTP 403
quantitative-finance,2025,Simulating and analyzing a sparse order book: an application to intraday electricity markets,https://doi.org/10.1080/14697688.2025.2568693,https://doi.org/10.1080/14697688.2025.2568693,paywalled,未找到开放获取副本
quantitative-finance,2025,Spatial-temporal stock movement prediction and portfolio selection based on the semantic company relationship graph,https://doi.org/10.1080/14697688.2025.2548897,https://doi.org/10.1080/14697688.2025.2548897,paywalled,non-pdf-content
quantitative-finance,2025,A time-stepping deep gradient flow method for option pricing in (rough) diffusion models,https://doi.org/10.1080/14697688.2025.2572318,https://doi.org/10.1080/14697688.2025.2572318,paywalled,未找到开放获取副本
quantitative-finance,2025,Numerical perspectives on the rebalancing premium,https://doi.org/10.1080/14697688.2025.2577822,https://doi.org/10.1080/14697688.2025.2577822,paywalled,未找到开放获取副本
quantitative-finance,2025,Impact of the carbon price on credit portfolio's loss with stochastic collateral,https://doi.org/10.1080/14697688.2025.2577121,https://doi.org/10.1080/14697688.2025.2577121,paywalled,未找到开放获取副本
quantitative-finance,2025,On the realized joint Laplace transform of volatilities with application to test the volatility dependence,https://doi.org/10.1080/14697688.2025.2582515,https://doi.org/10.1080/14697688.2025.2582515,paywalled,未找到开放获取副本
quantitative-finance,2025,Analytics on conditional moment generating functions of stochastic volatility models,https://doi.org/10.1080/14697688.2025.2587079,https://doi.org/10.1080/14697688.2025.2587079,paywalled,未找到开放获取副本
quantitative-finance,2025,"Consumption skewness, time deformation and the term structure",https://doi.org/10.1080/14697688.2025.2578405,https://doi.org/10.1080/14697688.2025.2578405,paywalled,未找到开放获取副本
quantitative-finance,2025,"Handbook of Sharing Confidential Data: Differential Privacy, Secure Multiparty Computation, and Synthetic Data",https://doi.org/10.1080/14697688.2025.2558687,https://doi.org/10.1080/14697688.2025.2558687,paywalled,未找到开放获取副本
quantitative-finance,2025,Special Issue of <i>Quantitative Finance</i> on ‘Business Analytics in Banking and Finance’,https://doi.org/10.1080/14697688.2025.2590946,https://doi.org/10.1080/14697688.2025.2590946,paywalled,未找到开放获取副本
quantitative-finance,2025,Arbitrage filtering of option prices: a simple real-time approach,https://doi.org/10.1080/14697688.2025.2574907,https://doi.org/10.1080/14697688.2025.2574907,failed,HTTP 403
quantitative-finance,2024,Fin-GAN: forecasting and classifying financial time series via generative adversarial networks,https://doi.org/10.1080/14697688.2023.2299466,https://doi.org/10.1080/14697688.2023.2299466,failed,HTTP 403
quantitative-finance,2024,Deep Learning: Foundations and Concepts,https://doi.org/10.1080/14697688.2024.2436137,https://doi.org/10.1080/14697688.2024.2436137,paywalled,未找到开放获取副本
quantitative-finance,2024,The contagion of extreme risks between fossil and green energy markets: evidence from China,https://doi.org/10.1080/14697688.2024.2339374,https://doi.org/10.1080/14697688.2024.2339374,paywalled,未找到开放获取副本
quantitative-finance,2024,Investigating the price determinants of the European Emission Trading System: a non-parametric approach,https://doi.org/10.1080/14697688.2024.2407895,https://doi.org/10.1080/14697688.2024.2407895,failed,HTTP 403
quantitative-finance,2024,GPT's idea of stock factors,https://doi.org/10.1080/14697688.2024.2318220,https://doi.org/10.1080/14697688.2024.2318220,paywalled,未找到开放获取副本
quantitative-finance,2024,DeepVol: volatility forecasting from high-frequency data with dilated causal convolutions,https://doi.org/10.1080/14697688.2024.2387222,https://doi.org/10.1080/14697688.2024.2387222,paywalled,non-pdf-content
quantitative-finance,2024,Monte-Carlo Methods and Stochastic Processes: From Linear to Non-Linear,https://doi.org/10.1080/14697688.2024.2310568,http://dx.doi.org/10.1080/14697688.2024.2310568,failed,HTTP 403
quantitative-finance,2024,Deep calibration with random grids,https://doi.org/10.1080/14697688.2024.2332375,https://doi.org/10.1080/14697688.2024.2332375,paywalled,non-pdf-content
quantitative-finance,2024,Efficient option pricing in the rough Heston model using weak simulation schemes,https://doi.org/10.1080/14697688.2024.2391523,https://doi.org/10.1080/14697688.2024.2391523,failed,HTTP 403
quantitative-finance,2024,On the optimal forecast with the fractional Brownian motion,https://doi.org/10.1080/14697688.2023.2297730,https://doi.org/10.1080/14697688.2023.2297730,paywalled,non-pdf-content
quantitative-finance,2024,Valuation and hedging of cryptocurrency inverse options,https://doi.org/10.1080/14697688.2024.2364804,https://doi.org/10.1080/14697688.2024.2364804,paywalled,未找到开放获取副本
quantitative-finance,2024,Earnings mean reversion and dynamic optimal capital structure,https://doi.org/10.1080/14697688.2024.2361018,https://doi.org/10.1080/14697688.2024.2361018,failed,HTTP 403
quantitative-finance,2024,Optimal reinsurance under a new design: two layers and multiple reinsurers,https://doi.org/10.1080/14697688.2024.2349019,https://doi.org/10.1080/14697688.2024.2349019,failed,HTTP 403
quantitative-finance,2024,Online learning of order flow and market impact with Bayesian change-point detection methods,https://doi.org/10.1080/14697688.2024.2337300,https://doi.org/10.1080/14697688.2024.2337300,failed,HTTP 403
quantitative-finance,2024,Market consistent bid-ask option pricing under Dempster-Shafer uncertainty,https://doi.org/10.1080/14697688.2024.2353318,https://doi.org/10.1080/14697688.2024.2353318,failed,HTTP 403
quantitative-finance,2024,Predicting VIX with adaptive machine learning,https://doi.org/10.1080/14697688.2024.2439458,https://doi.org/10.1080/14697688.2024.2439458,failed,HTTP 403
quantitative-finance,2024,Regulating stochastic clocks§,https://doi.org/10.1080/14697688.2024.2376743,https://doi.org/10.1080/14697688.2024.2376743,paywalled,未找到开放获取副本
quantitative-finance,2024,Portfolio and reinsurance optimization under unknown market price of risk,https://doi.org/10.1080/14697688.2024.2384392,https://doi.org/10.1080/14697688.2024.2384392,paywalled,未找到开放获取副本
quantitative-finance,2024,FuNVol: multi-asset implied volatility market simulator using functional principal components and neural SDEs,https://doi.org/10.1080/14697688.2024.2396977,https://doi.org/10.1080/14697688.2024.2396977,paywalled,未找到开放获取副本
quantitative-finance,2024,Detecting rough volatility: a filtering approach,https://doi.org/10.1080/14697688.2024.2399284,https://doi.org/10.1080/14697688.2024.2399284,failed,HTTP 403
quantitative-finance,2024,Assessing network risk with FRM: links with pricing kernel volatility and application to cryptocurrencies,https://doi.org/10.1080/14697688.2024.2370311,http://dx.doi.org/10.1080/14697688.2024.2370311,paywalled,non-pdf-content
quantitative-finance,2024,Narrative triggers of information sensitivity,https://doi.org/10.1080/14697688.2024.2335241,https://doi.org/10.1080/14697688.2024.2335241,failed,HTTP 403
quantitative-finance,2024,Optimal operation of a hydropower plant in a stochastic environment,https://doi.org/10.1080/14697688.2024.2332384,http://dx.doi.org/10.1080/14697688.2024.2332384,paywalled,未找到开放获取副本
quantitative-finance,2024,A study on asset price bubble dynamics: explosive trend or quadratic variation?,https://doi.org/10.1080/14697688.2024.2342897,https://doi.org/10.1080/14697688.2024.2342897,failed,HTTP 403
quantitative-finance,2024,Forecasting the equity premium: can machine learning beat the historical average?,https://doi.org/10.1080/14697688.2024.2409278,https://doi.org/10.1080/14697688.2024.2409278,paywalled,未找到开放获取副本
quantitative-finance,2024,Estimating correlations among elliptically distributed random variables under any form of heteroskedasticity,https://doi.org/10.1080/14697688.2023.2278502,https://doi.org/10.1080/14697688.2023.2278502,paywalled,未找到开放获取副本
quantitative-finance,2024,Interactions between monetary and macroprudential policies,https://doi.org/10.1080/14697688.2024.2327065,http://dx.doi.org/10.1080/14697688.2024.2327065,paywalled,未找到开放获取副本
quantitative-finance,2024,Spike and hike modeling for interest rate derivatives: with an application to SOFR caplets,https://doi.org/10.1080/14697688.2024.2364800,https://doi.org/10.1080/14697688.2024.2364800,paywalled,未找到开放获取副本
quantitative-finance,2024,Implied roughness in the term structure of oil market volatility,https://doi.org/10.1080/14697688.2023.2291081,https://doi.org/10.1080/14697688.2023.2291081,paywalled,non-pdf-content
quantitative-finance,2024,Joint calibration of local volatility models with stochastic interest rates using semimartingale optimal transport,https://doi.org/10.1080/14697688.2024.2398605,https://doi.org/10.1080/14697688.2024.2398605,failed,HTTP 403
quantitative-finance,2024,An early indicator for anomalous stock market performance,https://doi.org/10.1080/14697688.2023.2281529,http://dx.doi.org/10.1080/14697688.2023.2281529,paywalled,未找到开放获取副本
quantitative-finance,2024,Speed and duration of drawdown under general Markov models,https://doi.org/10.1080/14697688.2024.2336154,https://doi.org/10.1080/14697688.2024.2336154,paywalled,未找到开放获取副本
quantitative-finance,2024,Network analysis of aggregated money flows in stock markets,https://doi.org/10.1080/14697688.2024.2409272,https://doi.org/10.1080/14697688.2024.2409272,failed,HTTP 403
quantitative-finance,2024,Path shadowing Monte Carlo,https://doi.org/10.1080/14697688.2024.2399285,https://doi.org/10.1080/14697688.2024.2399285,failed,HTTP 403
quantitative-finance,2024,15 years of Adjoint Algorithmic Differentiation (AAD) in finance,https://doi.org/10.1080/14697688.2024.2325158,http://dx.doi.org/10.1080/14697688.2024.2325158,paywalled,未找到开放获取副本
quantitative-finance,2024,Risk management under weighted limited expected loss,https://doi.org/10.1080/14697688.2024.2352542,http://dx.doi.org/10.1080/14697688.2024.2352542,paywalled,未找到开放获取副本
quantitative-finance,2024,Optimal trading and competition with information in the price impact model,https://doi.org/10.1080/14697688.2024.2357729,https://doi.org/10.1080/14697688.2024.2357729,paywalled,未找到开放获取副本
quantitative-finance,2024,On the implied volatility skew outside the at-the-money point,https://doi.org/10.1080/14697688.2024.2357727,https://doi.org/10.1080/14697688.2024.2357727,paywalled,non-pdf-content
quantitative-finance,2024,"Trade co-occurrence, trade flow decomposition and conditional order imbalance in equity markets",https://doi.org/10.1080/14697688.2024.2358963,https://doi.org/10.1080/14697688.2024.2358963,failed,HTTP 403
quantitative-finance,2024,Asset prices when large investors interact strategically,https://doi.org/10.1080/14697688.2024.2387821,https://doi.org/10.1080/14697688.2024.2387821,paywalled,non-pdf-content
quantitative-finance,2024,Optimal attention allocation: picking alpha or betting on beta?,https://doi.org/10.1080/14697688.2024.2423702,https://doi.org/10.1080/14697688.2024.2423702,paywalled,未找到开放获取副本
quantitative-finance,2024,On bid and ask pricing of European options via direct discretization of Choquet distorted expectations,https://doi.org/10.1080/14697688.2024.2430309,https://doi.org/10.1080/14697688.2024.2430309,paywalled,未找到开放获取副本
quantitative-finance,2024,Dynamic currency hedging with non-Gaussianity and ambiguity,https://doi.org/10.1080/14697688.2023.2301419,https://doi.org/10.1080/14697688.2023.2301419,failed,HTTP 404
quantitative-finance,2024,On the impact of feeding cost risk in aquaculture valuation and decision making,https://doi.org/10.1080/14697688.2024.2308069,http://dx.doi.org/10.1080/14697688.2024.2308069,failed,HTTP 403
quantitative-finance,2024,Interest rate convexity in a Gaussian framework,https://doi.org/10.1080/14697688.2024.2356234,https://doi.org/10.1080/14697688.2024.2356234,failed,HTTP 403
quantitative-finance,2024,Robustness meets co-jumps: optimal consumption and portfolio choice with derivatives,https://doi.org/10.1080/14697688.2024.2410862,https://doi.org/10.1080/14697688.2024.2410862,paywalled,未找到开放获取副本
quantitative-finance,2024,Risk-free rate caplets pricing by CTMC approximation,https://doi.org/10.1080/14697688.2024.2421377,https://doi.org/10.1080/14697688.2024.2421377,paywalled,未找到开放获取副本
quantitative-finance,2024,An orthogonal expansion approach to joint SPX and VIX calibration in affine stochastic volatility models with jumps,https://doi.org/10.1080/14697688.2024.2433142,https://doi.org/10.1080/14697688.2024.2433142,failed,HTTP 403
quantitative-finance,2024,Optimal stop-loss rules in markets with long-range dependence,https://doi.org/10.1080/14697688.2024.2306830,https://doi.org/10.1080/14697688.2024.2306830,paywalled,未找到开放获取副本
quantitative-finance,2024,Mean-variance portfolio with wealth and volatility dependent risk aversion,https://doi.org/10.1080/14697688.2024.2353874,http://dx.doi.org/10.1080/14697688.2024.2353874,paywalled,未找到开放获取副本
quantitative-finance,2024,Weight bound constraints in mean-variance models: a robust control theory foundation via machine learning,https://doi.org/10.1080/14697688.2024.2358954,https://doi.org/10.1080/14697688.2024.2358954,paywalled,未找到开放获取副本
quantitative-finance,2024,Introducing and testing the Carr model of default,https://doi.org/10.1080/14697688.2024.2368081,https://doi.org/10.1080/14697688.2024.2368081,paywalled,未找到开放获取副本
quantitative-finance,2024,Covariance matrix filtering and portfolio optimisation: the average oracle vs non-linear shrinkage and all the variants of DCC-NLS,https://doi.org/10.1080/14697688.2024.2372053,https://doi.org/10.1080/14697688.2024.2372053,paywalled,未找到开放获取副本
quantitative-finance,2024,Statistical inference for the first-order autoregressive process with the fractional Gaussian noise,https://doi.org/10.1080/14697688.2024.2398621,https://doi.org/10.1080/14697688.2024.2398621,paywalled,未找到开放获取副本
quantitative-finance,2024,Detecting bubbles via FDR and FNR based on calibrated <i>p</i> -values,https://doi.org/10.1080/14697688.2024.2406561,https://doi.org/10.1080/14697688.2024.2406561,paywalled,未找到开放获取副本
quantitative-finance,2024,Equity protection swaps: investment insurance for superannuation accounts,https://doi.org/10.1080/14697688.2024.2435037,https://doi.org/10.1080/14697688.2024.2435037,paywalled,未找到开放获取副本
quantitative-finance,2024,Forecasting volatility in Chinese crude oil futures: insights from volatility-of-volatility and Markov regime-switching approaches,https://doi.org/10.1080/14697688.2024.2434127,https://doi.org/10.1080/14697688.2024.2434127,paywalled,未找到开放获取副本
quantitative-finance,2024,Risk conscious investment,https://doi.org/10.1080/14697688.2024.2398607,http://dx.doi.org/10.1080/14697688.2024.2398607,paywalled,non-pdf-content
quantitative-finance,2024,Book review,https://doi.org/10.1080/14697688.2023.2286023,http://dx.doi.org/10.1080/14697688.2023.2286023,failed,HTTP 403
quantitative-finance,2024,A static replication approach for callable interest rate derivatives: mathematical foundations and efficient estimation of SIMM–MVA,https://doi.org/10.1080/14697688.2024.2312523,http://dx.doi.org/10.1080/14697688.2024.2312523,failed,HTTP 403
quantitative-finance,2024,Tail risk aversion and backwardation of index futures,https://doi.org/10.1080/14697688.2024.2330612,http://dx.doi.org/10.1080/14697688.2024.2330612,paywalled,未找到开放获取副本
quantitative-finance,2024,Dynamic partial (co)variance forecasting model,https://doi.org/10.1080/14697688.2024.2342896,http://dx.doi.org/10.1080/14697688.2024.2342896,paywalled,未找到开放获取副本
quantitative-finance,2024,Consistent curves in the -world: optimal bonds portfolio,https://doi.org/10.1080/14697688.2024.2356232,http://dx.doi.org/10.1080/14697688.2024.2356232,paywalled,未找到开放获取副本
quantitative-finance,2024,Cross-section without factors: a string model for expected returns,https://doi.org/10.1080/14697688.2024.2357189,http://dx.doi.org/10.1080/14697688.2024.2357189,failed,HTTP 403
quantitative-finance,2024,Predicting forward default probabilities of firms: a discrete-time forward hazard model with firm-specific frailty,https://doi.org/10.1080/14697688.2024.2363863,http://dx.doi.org/10.1080/14697688.2024.2363863,paywalled,未找到开放获取副本
quantitative-finance,2024,Causal Factor Investing,https://doi.org/10.1080/14697688.2024.2354849,http://dx.doi.org/10.1080/14697688.2024.2354849,paywalled,未找到开放获取副本
quantitative-finance,2024,Pricing airbag option via first passage time approach,https://doi.org/10.1080/14697688.2024.2379919,http://dx.doi.org/10.1080/14697688.2024.2379919,paywalled,未找到开放获取副本
quantitative-finance,2024,Quantum Machine Learning and Optimisation in Finance,https://doi.org/10.1080/14697688.2024.2375260,https://doi.org/10.1080/14697688.2024.2375260,failed,HTTP 403
quantitative-finance,2024,FX Open Forward,https://doi.org/10.1080/14697688.2024.2388802,https://doi.org/10.1080/14697688.2024.2388802,failed,HTTP 403
quantitative-finance,2024,GDP-linked bonds as a new asset class,https://doi.org/10.1080/14697688.2024.2386323,https://doi.org/10.1080/14697688.2024.2386323,failed,HTTP 403
quantitative-finance,2024,Special issue of <i>Quantitative Finance</i> in honor of Michael Dempster's 85th birthday,https://doi.org/10.1080/14697688.2024.2408105,https://doi.org/10.1080/14697688.2024.2408105,failed,HTTP 403
quantitative-finance,2024,Virtual Barrels: Quantitative Trading in the Oil Market,https://doi.org/10.1080/14697688.2024.2414754,http://dx.doi.org/10.1080/14697688.2024.2414754,failed,HTTP 403
quantitative-finance,2024,High-dimensional macroeconomic stress testing of corporate recovery rate,https://doi.org/10.1080/14697688.2024.2414758,https://doi.org/10.1080/14697688.2024.2414758,paywalled,未找到开放获取副本
quantitative-finance,2024,Algorithmic trading of real-time electricity with machine learning,https://doi.org/10.1080/14697688.2024.2420609,https://doi.org/10.1080/14697688.2024.2420609,paywalled,未找到开放获取副本
quantitative-finance,2024,On general semi-closed-form solutions for VIX derivative pricing,https://doi.org/10.1080/14697688.2024.2429424,https://doi.org/10.1080/14697688.2024.2429424,paywalled,未找到开放获取副本
quantitative-finance,2024,Price dynamics with circuit breakers,https://doi.org/10.1080/14697688.2024.2429421,https://doi.org/10.1080/14697688.2024.2429421,paywalled,未找到开放获取副本
quantitative-finance,2023,Volatility is (mostly) path-dependent,https://doi.org/10.1080/14697688.2023.2221281,https://doi.org/10.1080/14697688.2023.2221281,paywalled,未找到开放获取副本
quantitative-finance,2023,Technical analysis as a sentiment barometer and the cross-section of stock returns,https://doi.org/10.1080/14697688.2023.2244991,https://doi.org/10.1080/14697688.2023.2244991,failed,HTTP 403
quantitative-finance,2023,Assessing the accuracy of exponentially weighted moving average models for Value-at-Risk and Expected Shortfall of crypto portfolios,https://doi.org/10.1080/14697688.2022.2159505,https://doi.org/10.1080/14697688.2022.2159505,failed,HTTP 403
quantitative-finance,2023,How does price (in)efficiency influence cryptocurrency portfolios performance? The role of multifractality,https://doi.org/10.1080/14697688.2023.2266448,https://doi.org/10.1080/14697688.2023.2266448,failed,HTTP 403
quantitative-finance,2023,Deep-learning models for forecasting financial risk premia and their interpretations,https://doi.org/10.1080/14697688.2023.2203844,https://doi.org/10.1080/14697688.2023.2203844,failed,HTTP 403
quantitative-finance,2023,Deep reinforcement learning for option pricing and hedging under dynamic expectile risk measures,https://doi.org/10.1080/14697688.2023.2244531,https://doi.org/10.1080/14697688.2023.2244531,failed,HTTP 403
quantitative-finance,2023,Adaptive online mean-variance portfolio selection with transaction costs,https://doi.org/10.1080/14697688.2023.2287134,https://doi.org/10.1080/14697688.2023.2287134,paywalled,未找到开放获取副本
quantitative-finance,2023,Kurtosis-based risk parity: methodology and portfolio effects,https://doi.org/10.1080/14697688.2022.2145988,https://doi.org/10.1080/14697688.2022.2145988,paywalled,未找到开放获取副本
quantitative-finance,2023,A semi-parametric conditional autoregressive joint value-at-risk and expected shortfall modeling framework incorporating realized measures,https://doi.org/10.1080/14697688.2022.2157322,https://doi.org/10.1080/14697688.2022.2157322,paywalled,未找到开放获取副本
quantitative-finance,2023,A multivariate 4/2 stochastic covariance model: properties and applications to portfolio decisions,https://doi.org/10.1080/14697688.2022.2160936,https://doi.org/10.1080/14697688.2022.2160936,paywalled,未找到开放获取副本
quantitative-finance,2023,W-shaped implied volatility curves and the Gaussian mixture model,https://doi.org/10.1080/14697688.2023.2165448,https://doi.org/10.1080/14697688.2023.2165448,paywalled,未找到开放获取副本
quantitative-finance,2023,The timing of debt renegotiation and its implications for irreversible investment and capital structure,https://doi.org/10.1080/14697688.2023.2186260,https://doi.org/10.1080/14697688.2023.2186260,paywalled,未找到开放获取副本
quantitative-finance,2023,A theoretical generalization of the Markowitz model incorporating skewness and kurtosis,https://doi.org/10.1080/14697688.2023.2176250,https://doi.org/10.1080/14697688.2023.2176250,paywalled,未找到开放获取副本
quantitative-finance,2023,Analysis and modeling of client order flow in limit order markets,https://doi.org/10.1080/14697688.2022.2150282,http://dx.doi.org/10.1080/14697688.2022.2150282,failed,HTTP 403
quantitative-finance,2023,A hybrid convolutional neural network with long short-term memory for statistical arbitrage,https://doi.org/10.1080/14697688.2023.2181707,https://doi.org/10.1080/14697688.2023.2181707,paywalled,未找到开放获取副本
quantitative-finance,2023,Large-scale financial planning via a partially observable stochastic dual dynamic programming framework,https://doi.org/10.1080/14697688.2023.2221296,https://doi.org/10.1080/14697688.2023.2221296,paywalled,未找到开放获取副本
quantitative-finance,2023,A data-driven deep learning approach for options market making,https://doi.org/10.1080/14697688.2023.2186257,https://doi.org/10.1080/14697688.2023.2186257,paywalled,未找到开放获取副本
quantitative-finance,2023,A neuro-structural framework for bankruptcy prediction,https://doi.org/10.1080/14697688.2023.2230241,https://doi.org/10.1080/14697688.2023.2230241,failed,HTTP 403
quantitative-finance,2023,Media trading groups and short selling manipulation,https://doi.org/10.1080/14697688.2023.2222751,https://doi.org/10.1080/14697688.2023.2222751,paywalled,未找到开放获取副本
quantitative-finance,2023,The economics of time as it is embedded in the prices of options§,https://doi.org/10.1080/14697688.2022.2164208,https://doi.org/10.1080/14697688.2022.2164208,paywalled,未找到开放获取副本
quantitative-finance,2023,Dynamic core-satellite investing using higher order moments: an explicit solution,https://doi.org/10.1080/14697688.2023.2269987,https://doi.org/10.1080/14697688.2023.2269987,paywalled,non-pdf-content
quantitative-finance,2023,A cost-sensitive ensemble deep forest approach for extremely imbalanced credit fraud detection,https://doi.org/10.1080/14697688.2023.2230264,https://doi.org/10.1080/14697688.2023.2230264,paywalled,未找到开放获取副本
quantitative-finance,2023,Bayesian nonparametric portfolio selection with rolling maximum drawdown control,https://doi.org/10.1080/14697688.2023.2250386,https://doi.org/10.1080/14697688.2023.2250386,paywalled,未找到开放获取副本
quantitative-finance,2023,Principled pasting: attaching tails to risk-neutral probability density functions recovered from option prices,https://doi.org/10.1080/14697688.2023.2272677,https://doi.org/10.1080/14697688.2023.2272677,failed,HTTP 403
quantitative-finance,2023,The Economics of Banking and Finance in Africa: Developments in Africa's Financial Systems,https://doi.org/10.1080/14697688.2023.2190767,https://doi.org/10.1080/14697688.2023.2190767,failed,HTTP 403
quantitative-finance,2023,Stable dividends under linear-quadratic optimisation,https://doi.org/10.1080/14697688.2023.2227661,https://doi.org/10.1080/14697688.2023.2227661,paywalled,non-pdf-content
quantitative-finance,2023,Pairs trading with wavelet transform,https://doi.org/10.1080/14697688.2023.2230249,https://doi.org/10.1080/14697688.2023.2230249,paywalled,未找到开放获取副本
quantitative-finance,2023,"Pricing tenure payment reverse mortgages with optimal exercised prepayment options by accounting for house prices, interest rates, and mortality risk",https://doi.org/10.1080/14697688.2023.2223649,https://doi.org/10.1080/14697688.2023.2223649,paywalled,未找到开放获取副本
quantitative-finance,2023,High-dimensional sparse index tracking based on a multi-step convex optimization approach,https://doi.org/10.1080/14697688.2023.2236158,https://doi.org/10.1080/14697688.2023.2236158,paywalled,未找到开放获取副本
quantitative-finance,2023,"Contemporary Issues in Islamic Law, Economics and Finance: A Multidisciplinary Approach",https://doi.org/10.1080/14697688.2023.2200489,http://dx.doi.org/10.1080/14697688.2023.2200489,failed,HTTP 403
quantitative-finance,2023,Household financial health: a machine learning approach for data-driven diagnosis and prescription,https://doi.org/10.1080/14697688.2023.2254335,http://dx.doi.org/10.1080/14697688.2023.2254335,paywalled,未找到开放获取副本
quantitative-finance,2023,A subdiffusive stochastic volatility jump model,https://doi.org/10.1080/14697688.2023.2199959,https://doi.org/10.1080/14697688.2023.2199959,paywalled,non-pdf-content
quantitative-finance,2023,"Islamic Philanthropy: Exploring Zakat, Waqf, and Sadaqah in Islamic Finance and Economics <b>Islamic Philanthropy: Exploring Zakat, Waqf, and Sadaqah in Islamic Finance and Economics</b> , edited by Abdul Ghafar Ismail, Rose Abdullah, and Muhammad Hasbi Zaenal, Palgrave Macmillan (2022). Hardcover. ISBN 978-3-031-06889-8. E-book. ISBN 978-3-031-06890-4.",https://doi.org/10.1080/14697688.2023.2224395,https://doi.org/10.1080/14697688.2023.2224395,failed,HTTP 403
quantitative-finance,2023,Simulated Greeks for American options,https://doi.org/10.1080/14697688.2022.2159869,https://doi.org/10.1080/14697688.2022.2159869,paywalled,未找到开放获取副本
quantitative-finance,2023,Optimal asset allocation under search frictions and stochastic interest rate,https://doi.org/10.1080/14697688.2023.2199781,https://doi.org/10.1080/14697688.2023.2199781,paywalled,未找到开放获取副本
quantitative-finance,2023,Optimal trading with transaction costs and short-term predictability,https://doi.org/10.1080/14697688.2023.2222158,https://doi.org/10.1080/14697688.2023.2222158,paywalled,未找到开放获取副本
quantitative-finance,2023,A transform-based method for pricing Asian options under general two-dimensional models,https://doi.org/10.1080/14697688.2023.2256358,https://doi.org/10.1080/14697688.2023.2256358,paywalled,未找到开放获取副本
quantitative-finance,2023,The role of fleeting orders on option expiration days,https://doi.org/10.1080/14697688.2023.2229375,https://doi.org/10.1080/14697688.2023.2229375,paywalled,未找到开放获取副本
quantitative-finance,2023,Hedging error as generalized timing risk,https://doi.org/10.1080/14697688.2022.2154255,https://doi.org/10.1080/14697688.2022.2154255,failed,HTTP 403
quantitative-finance,2023,Option pricing under stochastic volatility models with latent volatility,https://doi.org/10.1080/14697688.2023.2215496,https://doi.org/10.1080/14697688.2023.2215496,paywalled,未找到开放获取副本
quantitative-finance,2023,Optimal portfolio choice of couples with tax-deferred accounts and survival-contingent products,https://doi.org/10.1080/14697688.2023.2252852,http://dx.doi.org/10.1080/14697688.2023.2252852,paywalled,未找到开放获取副本
quantitative-finance,2023,Machine Learning and Data Sciences for Financial Markets: A Guide to Contemporary Practices,https://doi.org/10.1080/14697688.2023.2280101,http://dx.doi.org/10.1080/14697688.2023.2280101,failed,HTTP 403
quantitative-finance,2023,A model of dynamic information production for initial public offerings,https://doi.org/10.1080/14697688.2023.2273975,http://dx.doi.org/10.1080/14697688.2023.2273975,paywalled,未找到开放获取副本
quantitative-finance,2023,"Quantitative reverse stress testing, bottom up",https://doi.org/10.1080/14697688.2023.2187315,http://dx.doi.org/10.1080/14697688.2023.2187315,paywalled,non-pdf-content
quantitative-finance,2023,Finite difference scheme versus piecewise binomial lattice for interest rates under the skew CEV model,https://doi.org/10.1080/14697688.2023.2174040,https://doi.org/10.1080/14697688.2023.2174040,paywalled,未找到开放获取副本
quantitative-finance,2023,VIX pricing in the rBergomi model under a regime switching change of measure,https://doi.org/10.1080/14697688.2023.2178321,http://dx.doi.org/10.1080/14697688.2023.2178321,failed,HTTP 403
quantitative-finance,2023,"Coupled GARCH(1,1) model",https://doi.org/10.1080/14697688.2023.2175715,http://dx.doi.org/10.1080/14697688.2023.2175715,paywalled,未找到开放获取副本
quantitative-finance,2023,Rule-based trading on an order-driven exchange: a reassessment,https://doi.org/10.1080/14697688.2023.2270711,http://dx.doi.org/10.1080/14697688.2023.2270711,paywalled,未找到开放获取副本
quantitative-finance,2023,Metalearning of time series: an approximate dynamic programming approach,https://doi.org/10.1080/14697688.2022.2161408,https://doi.org/10.1080/14697688.2022.2161408,paywalled,未找到开放获取副本
quantitative-finance,2023,"Quantitative Finance with Python: A Practical Guide to Investment Management, Trading and Financial Engineering",https://doi.org/10.1080/14697688.2023.2179939,http://dx.doi.org/10.1080/14697688.2023.2179939,failed,HTTP 403
quantitative-finance,2023,"A Tour of C++, Third Edition",https://doi.org/10.1080/14697688.2023.2167667,http://dx.doi.org/10.1080/14697688.2023.2167667,paywalled,未找到开放获取副本
quantitative-finance,2023,"Real Time Computing (NATO ASI Series. Series F, Computer and Systems Sciences, Vol. 127)",https://doi.org/10.1080/14697688.2023.2200406,http://dx.doi.org/10.1080/14697688.2023.2200406,failed,HTTP 403
quantitative-finance,2023,Correction,https://doi.org/10.1080/14697688.2023.2239659,https://doi.org/10.1080/14697688.2023.2239659,failed,HTTP 403
quantitative-finance,2023,Model-free analysis of real option exercise probability and timing,https://doi.org/10.1080/14697688.2023.2243995,http://dx.doi.org/10.1080/14697688.2023.2243995,paywalled,未找到开放获取副本
quantitative-finance,2023,Book review,https://doi.org/10.1080/14697688.2023.2205452,http://dx.doi.org/10.1080/14697688.2023.2205452,failed,HTTP 403
quantitative-finance,2023,Smiles in delta,https://doi.org/10.1080/14697688.2023.2258932,http://dx.doi.org/10.1080/14697688.2023.2258932,paywalled,未找到开放获取副本
quantitative-finance,2023,"Islamic Banking and Finance, Second Edition",https://doi.org/10.1080/14697688.2023.2270495,https://doi.org/10.1080/14697688.2023.2270495,failed,HTTP 403
quantitative-finance,2023,Effective stochastic local volatility models,https://doi.org/10.1080/14697688.2023.2271514,https://doi.org/10.1080/14697688.2023.2271514,paywalled,未找到开放获取副本
quantitative-finance,2023,Bubbles and dependence between international equity markets,https://doi.org/10.1080/14697688.2023.2278508,http://dx.doi.org/10.1080/14697688.2023.2278508,paywalled,未找到开放获取副本
quantitative-finance,2023,Centred expected shortfall (CES): a traditional asset manager’s view on decomposing downside investment risk,https://doi.org/10.1080/14697688.2023.2269992,http://dx.doi.org/10.1080/14697688.2023.2269992,paywalled,未找到开放获取副本
quantitative-finance,2023,The Politics of Financial Control: The Role of the House of Commons,https://doi.org/10.1080/14697688.2023.2283200,http://dx.doi.org/10.1080/14697688.2023.2283200,failed,HTTP 403
quantitative-finance,2022,Reinforcement Learning and Stochastic Optimization: A Unified Framework for Sequential Decisions,https://doi.org/10.1080/14697688.2022.2135456,https://doi.org/10.1080/14697688.2022.2135456,paywalled,未找到开放获取副本
quantitative-finance,2022,A data-driven explainable case-based reasoning approach for financial risk detection,https://doi.org/10.1080/14697688.2022.2118071,https://doi.org/10.1080/14697688.2022.2118071,failed,HTTP 403
quantitative-finance,2022,Markovian approximations of stochastic Volterra equations with the fractional kernel,https://doi.org/10.1080/14697688.2022.2139193,https://doi.org/10.1080/14697688.2022.2139193,failed,HTTP 403
quantitative-finance,2022,"The Book of Alternative Data: A Guide for Investors, Traders and Risk Managers",https://doi.org/10.1080/14697688.2022.2078736,https://doi.org/10.1080/14697688.2022.2078736,paywalled,未找到开放获取副本
quantitative-finance,2022,Forecasting crude oil prices: do technical indicators need economic constraints?,https://doi.org/10.1080/14697688.2022.2074305,https://doi.org/10.1080/14697688.2022.2074305,paywalled,未找到开放获取副本
quantitative-finance,2022,Empirical deep hedging,https://doi.org/10.1080/14697688.2022.2136037,https://doi.org/10.1080/14697688.2022.2136037,failed,HTTP 403
quantitative-finance,2022,"Bitcoin: jumps, convenience yields, and option prices",https://doi.org/10.1080/14697688.2022.2109989,https://doi.org/10.1080/14697688.2022.2109989,failed,HTTP 403
quantitative-finance,2022,Incorporating financial news for forecasting Bitcoin prices based on long short-term memory networks,https://doi.org/10.1080/14697688.2022.2130085,https://doi.org/10.1080/14697688.2022.2130085,paywalled,未找到开放获取副本
quantitative-finance,2022,Stock market prediction based on adaptive training algorithm in machine learning,https://doi.org/10.1080/14697688.2022.2041208,https://doi.org/10.1080/14697688.2022.2041208,paywalled,未找到开放获取副本
quantitative-finance,2022,Forecasting interval-valued crude oil prices using asymmetric interval models,https://doi.org/10.1080/14697688.2022.2112065,https://doi.org/10.1080/14697688.2022.2112065,paywalled,未找到开放获取副本
quantitative-finance,2022,Pairs trading under delayed cointegration,https://doi.org/10.1080/14697688.2022.2064760,https://doi.org/10.1080/14697688.2022.2064760,paywalled,未找到开放获取副本
quantitative-finance,2022,Horizon effect on optimal retirement decision,https://doi.org/10.1080/14697688.2022.2125426,https://doi.org/10.1080/14697688.2022.2125426,paywalled,未找到开放获取副本
quantitative-finance,2022,"The effects of errors in means, variances, and correlations on the mean-variance framework",https://doi.org/10.1080/14697688.2022.2083009,https://doi.org/10.1080/14697688.2022.2083009,paywalled,未找到开放获取副本
quantitative-finance,2022,Drawdown beta and portfolio optimization,https://doi.org/10.1080/14697688.2022.2037698,https://doi.org/10.1080/14697688.2022.2037698,paywalled,未找到开放获取副本
quantitative-finance,2022,A reinforcement learning approach to optimal execution,https://doi.org/10.1080/14697688.2022.2039403,https://doi.org/10.1080/14697688.2022.2039403,paywalled,未找到开放获取副本
quantitative-finance,2022,The EWMA Heston model,https://doi.org/10.1080/14697688.2022.2140699,https://doi.org/10.1080/14697688.2022.2140699,paywalled,未找到开放获取副本
quantitative-finance,2022,Vulnerability-CoVaR: investigating the crypto-market,https://doi.org/10.1080/14697688.2022.2063166,https://doi.org/10.1080/14697688.2022.2063166,failed,HTTP 403
quantitative-finance,2022,Are missing values important for earnings forecasts? A machine learning perspective,https://doi.org/10.1080/14697688.2021.1963825,https://doi.org/10.1080/14697688.2021.1963825,paywalled,non-pdf-content
quantitative-finance,2022,Mathematical Modeling and Computation in Finance: With Exercises and Python and Matlab Computer Codes,https://doi.org/10.1080/14697688.2022.2117641,https://doi.org/10.1080/14697688.2022.2117641,paywalled,未找到开放获取副本
quantitative-finance,2022,When do systematic strategies decay?,https://doi.org/10.1080/14697688.2022.2098810,https://doi.org/10.1080/14697688.2022.2098810,failed,HTTP 403
quantitative-finance,2022,Stationary increments reverting to a Tempered Fractional Lévy Process (TFLP),https://doi.org/10.1080/14697688.2022.2060852,https://doi.org/10.1080/14697688.2022.2060852,paywalled,未找到开放获取副本
quantitative-finance,2022,Optimal reinsurance-investment with loss aversion under rough Heston model,https://doi.org/10.1080/14697688.2022.2140308,https://doi.org/10.1080/14697688.2022.2140308,paywalled,未找到开放获取副本
quantitative-finance,2022,Improving the asymmetric stochastic volatility model with ex-post volatility: the identification of the asymmetry,https://doi.org/10.1080/14697688.2022.2140700,https://doi.org/10.1080/14697688.2022.2140700,failed,HTTP 403
quantitative-finance,2022,GARCH-UGH: a bias-reduced approach for dynamic extreme Value-at-Risk estimation in financial time series,https://doi.org/10.1080/14697688.2022.2048061,https://doi.org/10.1080/14697688.2022.2048061,failed,HTTP 403
quantitative-finance,2022,A new representation of the risk-neutral distribution and its applications,https://doi.org/10.1080/14697688.2021.2013520,https://doi.org/10.1080/14697688.2021.2013520,paywalled,未找到开放获取副本
quantitative-finance,2022,"Rating frailty, Bayesian updates, and portfolio credit risk analysis*",https://doi.org/10.1080/14697688.2021.2013519,https://doi.org/10.1080/14697688.2021.2013519,paywalled,未找到开放获取副本
quantitative-finance,2022,Supervised portfolios,https://doi.org/10.1080/14697688.2022.2122543,https://doi.org/10.1080/14697688.2022.2122543,paywalled,non-pdf-content
quantitative-finance,2022,A deep learning approach to estimating fill probabilities in a limit order book,https://doi.org/10.1080/14697688.2022.2124189,https://doi.org/10.1080/14697688.2022.2124189,paywalled,未找到开放获取副本
quantitative-finance,2022,Group sparse enhanced indexation model with adaptive beta value,https://doi.org/10.1080/14697688.2022.2092542,https://doi.org/10.1080/14697688.2022.2092542,paywalled,未找到开放获取副本
quantitative-finance,2022,Bond market completeness under stochastic strings with distribution-valued strategies,https://doi.org/10.1080/14697688.2021.2018483,https://doi.org/10.1080/14697688.2021.2018483,paywalled,未找到开放获取副本
quantitative-finance,2022,Estimating time-varying risk aversion from option prices and realized returns,https://doi.org/10.1080/14697688.2022.2130086,https://doi.org/10.1080/14697688.2022.2130086,failed,HTTP 403
quantitative-finance,2022,Behavioral Finance and Your Portfolio: A Navigation Guide for Building Wealth,https://doi.org/10.1080/14697688.2022.2077231,https://doi.org/10.1080/14697688.2022.2077231,paywalled,未找到开放获取副本
quantitative-finance,2022,Optimal characteristic portfolios,https://doi.org/10.1080/14697688.2022.2094282,https://doi.org/10.1080/14697688.2022.2094282,failed,HTTP 403
quantitative-finance,2022,Peer effects in professional analysts’ choice of their portfolio of companies,https://doi.org/10.1080/14697688.2022.2119881,https://doi.org/10.1080/14697688.2022.2119881,paywalled,未找到开放获取副本
quantitative-finance,2022,SABR equipped with AI wings,https://doi.org/10.1080/14697688.2022.2150561,https://doi.org/10.1080/14697688.2022.2150561,paywalled,未找到开放获取副本
quantitative-finance,2022,Moments of integrated exponential Lévy processes and applications to Asian options pricing,https://doi.org/10.1080/14697688.2022.2070533,https://doi.org/10.1080/14697688.2022.2070533,paywalled,未找到开放获取副本
quantitative-finance,2022,A generalized heterogeneous autoregressive model using market information,https://doi.org/10.1080/14697688.2022.2076606,https://doi.org/10.1080/14697688.2022.2076606,failed,HTTP 403
quantitative-finance,2022,Portfolio Theory and Arbitrage: A Course in Mathematical Finance,https://doi.org/10.1080/14697688.2022.2107434,https://doi.org/10.1080/14697688.2022.2107434,paywalled,未找到开放获取副本
quantitative-finance,2022,Sparse index tracking using sequential Monte Carlo,https://doi.org/10.1080/14697688.2022.2057353,https://doi.org/10.1080/14697688.2022.2057353,paywalled,未找到开放获取副本
quantitative-finance,2022,The Black–Scholes equation in the presence of arbitrage,https://doi.org/10.1080/14697688.2022.2117075,https://doi.org/10.1080/14697688.2022.2117075,paywalled,未找到开放获取副本
quantitative-finance,2022,Model-based approach for scenario design: stress test severity and banks' resiliency,https://doi.org/10.1080/14697688.2022.2090420,https://doi.org/10.1080/14697688.2022.2090420,paywalled,non-pdf-content
quantitative-finance,2022,Closed-form option pricing for exponential Lévy models: a residue approach,https://doi.org/10.1080/14697688.2022.2152365,https://doi.org/10.1080/14697688.2022.2152365,paywalled,未找到开放获取副本
quantitative-finance,2022,International portfolio choice under multi-factor stochastic volatility,https://doi.org/10.1080/14697688.2021.2019820,https://doi.org/10.1080/14697688.2021.2019820,paywalled,未找到开放获取副本
quantitative-finance,2022,A note on spurious model selection,https://doi.org/10.1080/14697688.2022.2097120,https://doi.org/10.1080/14697688.2022.2097120,failed,HTTP 403
quantitative-finance,2022,Is the effectiveness of government bonds as a diversifier of equity risk weakened after the Covid-19 crisis?†,https://doi.org/10.1080/14697688.2022.2114930,https://doi.org/10.1080/14697688.2022.2114930,paywalled,未找到开放获取副本
quantitative-finance,2022,Market making with inventory control and order book information,https://doi.org/10.1080/14697688.2022.2028888,https://doi.org/10.1080/14697688.2022.2028888,paywalled,未找到开放获取副本
quantitative-finance,2022,Synthetic Data for Deep Learning,https://doi.org/10.1080/14697688.2022.2048062,https://doi.org/10.1080/14697688.2022.2048062,paywalled,未找到开放获取副本
quantitative-finance,2022,On model robustness of the regime switching approach for pegged foreign exchange markets,https://doi.org/10.1080/14697688.2022.2054356,https://doi.org/10.1080/14697688.2022.2054356,paywalled,未找到开放获取副本
quantitative-finance,2022,Transaction cost analytics for corporate bonds,https://doi.org/10.1080/14697688.2022.2054723,https://doi.org/10.1080/14697688.2022.2054723,failed,HTTP 403
quantitative-finance,2022,The volatility risk premium in the oil market,https://doi.org/10.1080/14697688.2022.2066322,https://doi.org/10.1080/14697688.2022.2066322,paywalled,未找到开放获取副本
quantitative-finance,2022,Continuous-Time Asset Pricing Theory,https://doi.org/10.1080/14697688.2022.2063756,https://doi.org/10.1080/14697688.2022.2063756,paywalled,未找到开放获取副本
quantitative-finance,2022,Applied Econometrics,https://doi.org/10.1080/14697688.2022.2054724,https://doi.org/10.1080/14697688.2022.2054724,paywalled,未找到开放获取副本
quantitative-finance,2022,A simple robust asset pricing model under statistical ambiguity,https://doi.org/10.1080/14697688.2021.2020887,https://doi.org/10.1080/14697688.2021.2020887,paywalled,未找到开放获取副本
quantitative-finance,2022,A default contagion model for pricing defaultable bonds from an information based perspective,https://doi.org/10.1080/14697688.2022.2138776,https://doi.org/10.1080/14697688.2022.2138776,paywalled,non-pdf-content
quantitative-finance,2022,Static replication of European standard dispersion options,https://doi.org/10.1080/14697688.2022.2040743,https://doi.org/10.1080/14697688.2022.2040743,paywalled,未找到开放获取副本
quantitative-finance,2022,Predicting credit ratings and transition probabilities: a simple cumulative link model with firm-specific frailty,https://doi.org/10.1080/14697688.2022.2125820,https://doi.org/10.1080/14697688.2022.2125820,paywalled,未找到开放获取副本
quantitative-finance,2022,An eigenvalue distribution derived ‘Stability Measure’ for evaluating Minimum Variance portfolios,https://doi.org/10.1080/14697688.2022.2149420,https://doi.org/10.1080/14697688.2022.2149420,failed,HTTP 403
quantitative-finance,2022,Persistence of jump-induced tail risk and limits to arbitrage,https://doi.org/10.1080/14697688.2022.2151502,https://doi.org/10.1080/14697688.2022.2151502,paywalled,未找到开放获取副本
quantitative-finance,2022,Smooth ambiguity preferences and asset prices with a jump-diffusion process,https://doi.org/10.1080/14697688.2021.2016922,https://doi.org/10.1080/14697688.2021.2016922,paywalled,未找到开放获取副本
quantitative-finance,2022,Characterizing financial crises using high-frequency data,https://doi.org/10.1080/14697688.2022.2027504,https://doi.org/10.1080/14697688.2022.2027504,paywalled,未找到开放获取副本
quantitative-finance,2022,Path-wise Monte Carlo simulation for Greeks of worst-of-all autocallables under multi-variate Black-Scholes model,https://doi.org/10.1080/14697688.2022.2076607,https://doi.org/10.1080/14697688.2022.2076607,paywalled,未找到开放获取副本
quantitative-finance,2022,Valuing real options with endogenous payoff,https://doi.org/10.1080/14697688.2022.2100271,https://doi.org/10.1080/14697688.2022.2100271,paywalled,未找到开放获取副本
quantitative-finance,2022,A novel state-transition forest: pricing corporate securities with intertemporal exercise policies and corresponding capital structure changes,https://doi.org/10.1080/14697688.2022.2120412,https://doi.org/10.1080/14697688.2022.2120412,paywalled,未找到开放获取副本
quantitative-finance,2022,Higher moments in the fundamental specification of electricity forward prices,https://doi.org/10.1080/14697688.2022.2119882,https://doi.org/10.1080/14697688.2022.2119882,paywalled,non-pdf-content
quantitative-finance,2022,Optimal multi-period transaction-cost-aware long-only portfolios and time consistency in efficiency,https://doi.org/10.1080/14697688.2022.2145231,https://doi.org/10.1080/14697688.2022.2145231,paywalled,未找到开放获取副本
quantitative-finance,2022,An adaptive model for security prices driven by latent values: parameter estimation and option pricing effects,https://doi.org/10.1080/14697688.2021.2023753,https://doi.org/10.1080/14697688.2021.2023753,failed,HTTP 403
quantitative-finance,2022,Effective Markovian projection: application to CMS spread options and mid-curve swaptions,https://doi.org/10.1080/14697688.2022.2043558,https://doi.org/10.1080/14697688.2022.2043558,paywalled,未找到开放获取副本
quantitative-finance,2022,Some analytical results on bivariate stable distributions with an application in operational risk,https://doi.org/10.1080/14697688.2022.2046285,https://doi.org/10.1080/14697688.2022.2046285,paywalled,non-pdf-content
quantitative-finance,2022,Portfolios of value and momentum: disappointment aversion and non-normalities,https://doi.org/10.1080/14697688.2022.2040742,https://doi.org/10.1080/14697688.2022.2040742,paywalled,未找到开放获取副本
quantitative-finance,2022,"Funding shortages, expectations, and forward rate risk premium",https://doi.org/10.1080/14697688.2022.2057352,https://doi.org/10.1080/14697688.2022.2057352,paywalled,未找到开放获取副本
quantitative-finance,2022,Book review,https://doi.org/10.1080/14697688.2022.2142155,https://doi.org/10.1080/14697688.2022.2142155,paywalled,未找到开放获取副本
quantitative-finance,2022,Size and power in tests of return predictability,https://doi.org/10.1080/14697688.2021.2020888,https://doi.org/10.1080/14697688.2021.2020888,paywalled,未找到开放获取副本
quantitative-finance,2022,Proper fund size: a perspective from both investors and fund managers,https://doi.org/10.1080/14697688.2021.2009904,https://doi.org/10.1080/14697688.2021.2009904,paywalled,未找到开放获取副本
quantitative-finance,2022,In Memoriam Mardi Dungey,https://doi.org/10.1080/14697688.2022.2061696,https://doi.org/10.1080/14697688.2022.2061696,paywalled,未找到开放获取副本
quantitative-finance,2022,Optimal long-term Tier 1 employee pension management with an application to Chinese urban areas,https://doi.org/10.1080/14697688.2022.2092329,https://doi.org/10.1080/14697688.2022.2092329,paywalled,未找到开放获取副本
quantitative-finance,2022,Market Microstructure in Practice,https://doi.org/10.1080/14697688.2022.2080103,https://doi.org/10.1080/14697688.2022.2080103,paywalled,未找到开放获取副本
quantitative-finance,2022,In memoriam Marco Avellaneda,https://doi.org/10.1080/14697688.2022.2115240,https://doi.org/10.1080/14697688.2022.2115240,paywalled,未找到开放获取副本
quantitative-finance,2022,Asymmetric short-rate model without lower bound,https://doi.org/10.1080/14697688.2022.2156384,https://doi.org/10.1080/14697688.2022.2156384,paywalled,non-pdf-content
quantitative-finance,2021,Optimal investment strategy in the family of 4/2 stochastic volatility models,https://doi.org/10.1080/14697688.2021.1901971,https://doi.org/10.1080/14697688.2021.1901971,paywalled,未找到开放获取副本
quantitative-finance,2021,A practical guide to robust portfolio optimization,https://doi.org/10.1080/14697688.2020.1849780,https://doi.org/10.1080/14697688.2020.1849780,paywalled,未找到开放获取副本
quantitative-finance,2021,Option hedging using LSTM-RNN: an empirical analysis,https://doi.org/10.1080/14697688.2021.1905171,https://doi.org/10.1080/14697688.2021.1905171,paywalled,未找到开放获取副本
quantitative-finance,2021,What is the value of the cross-sectional approach to deep reinforcement learning?,https://doi.org/10.1080/14697688.2021.2001032,https://doi.org/10.1080/14697688.2021.2001032,paywalled,未找到开放获取副本
quantitative-finance,2021,An investigation of cryptocurrency data: the market that never sleeps,https://doi.org/10.1080/14697688.2021.1930124,https://doi.org/10.1080/14697688.2021.1930124,paywalled,未找到开放获取副本
quantitative-finance,2021,A fast algorithm for simulation of rough volatility models,https://doi.org/10.1080/14697688.2021.1970213,https://doi.org/10.1080/14697688.2021.1970213,paywalled,未找到开放获取副本
quantitative-finance,2021,Sparse index clones via the sorted ℓ<sub>1</sub>-Norm,https://doi.org/10.1080/14697688.2021.1962539,https://doi.org/10.1080/14697688.2021.1962539,paywalled,non-pdf-content
quantitative-finance,2021,Backtesting expected shortfall and beyond,https://doi.org/10.1080/14697688.2020.1834120,https://doi.org/10.1080/14697688.2020.1834120,paywalled,未找到开放获取副本
quantitative-finance,2021,Dynamic patterns of daily lead-lag networks in stock markets,https://doi.org/10.1080/14697688.2021.1916067,https://doi.org/10.1080/14697688.2021.1916067,paywalled,未找到开放获取副本
quantitative-finance,2021,"Scale-, time- and asset-dependence of Hawkes process estimates on high frequency price changes",https://doi.org/10.1080/14697688.2020.1838602,https://doi.org/10.1080/14697688.2020.1838602,paywalled,未找到开放获取副本
quantitative-finance,2021,Deep learning-based least squares forward-backward stochastic differential equation solver for high-dimensional derivative pricing,https://doi.org/10.1080/14697688.2021.1881149,https://doi.org/10.1080/14697688.2021.1881149,paywalled,未找到开放获取副本
quantitative-finance,2021,Cryptocurrencies change everything,https://doi.org/10.1080/14697688.2021.1944490,https://doi.org/10.1080/14697688.2021.1944490,paywalled,未找到开放获取副本
quantitative-finance,2021,Optimal portfolio allocation and asset centrality revisited,https://doi.org/10.1080/14697688.2021.1937298,https://doi.org/10.1080/14697688.2021.1937298,failed,HTTP 403
quantitative-finance,2021,Distributionally robust portfolio optimization with linearized STARR performance measure,https://doi.org/10.1080/14697688.2021.1993623,https://doi.org/10.1080/14697688.2021.1993623,paywalled,未找到开放获取副本
quantitative-finance,2021,Estimation risk and the implicit value of index-tracking,https://doi.org/10.1080/14697688.2021.1959631,https://doi.org/10.1080/14697688.2021.1959631,paywalled,未找到开放获取副本
quantitative-finance,2021,On an irreversible investment problem with two-factor uncertainty,https://doi.org/10.1080/14697688.2021.1983202,https://doi.org/10.1080/14697688.2021.1983202,paywalled,non-pdf-content
quantitative-finance,2021,Life insurance surrender and liquidity risks,https://doi.org/10.1080/14697688.2021.1998586,https://doi.org/10.1080/14697688.2021.1998586,paywalled,未找到开放获取副本
quantitative-finance,2021,Pairs trading with general state space models,https://doi.org/10.1080/14697688.2021.1890806,https://doi.org/10.1080/14697688.2021.1890806,paywalled,未找到开放获取副本
quantitative-finance,2021,Macroeconomic uncertainty and expected shortfall (and value at risk): a new dynamic semiparametric model,https://doi.org/10.1080/14697688.2020.1862418,https://doi.org/10.1080/14697688.2020.1862418,paywalled,未找到开放获取副本
quantitative-finance,2021,Refinement by reducing and reusing random numbers of the Hybrid scheme for Brownian semistationary processes,https://doi.org/10.1080/14697688.2020.1866209,https://doi.org/10.1080/14697688.2020.1866209,failed,HTTP 403
quantitative-finance,2021,Effects of a government subsidy and labor flexibility on portfolio selection and retirement,https://doi.org/10.1080/14697688.2020.1859602,https://doi.org/10.1080/14697688.2020.1859602,paywalled,未找到开放获取副本
quantitative-finance,2021,"The performance of venture capital investments: failure risk, valuation uncertainty &amp; venture characteristics",https://doi.org/10.1080/14697688.2020.1854479,https://doi.org/10.1080/14697688.2020.1854479,paywalled,未找到开放获取副本
quantitative-finance,2021,Coherent portfolio performance ratios,https://doi.org/10.1080/14697688.2020.1869293,https://doi.org/10.1080/14697688.2020.1869293,paywalled,未找到开放获取副本
quantitative-finance,2021,"Blockchain and Distributed Ledgers: Mathematics, Technology, and Economics",https://doi.org/10.1080/14697688.2021.2007989,https://doi.org/10.1080/14697688.2021.2007989,paywalled,未找到开放获取副本
quantitative-finance,2021,"Gram–Charlier methods, regime-switching and stochastic volatility in exponential Lévy models",https://doi.org/10.1080/14697688.2021.1998585,https://doi.org/10.1080/14697688.2021.1998585,paywalled,未找到开放获取副本
quantitative-finance,2021,How does bank credit affect the shape of business groups' internal capital markets?,https://doi.org/10.1080/14697688.2021.1894349,https://doi.org/10.1080/14697688.2021.1894349,paywalled,non-pdf-content
quantitative-finance,2021,Kelly investing with downside risk control in a regime-switching market,https://doi.org/10.1080/14697688.2021.1993617,https://doi.org/10.1080/14697688.2021.1993617,paywalled,未找到开放获取副本
quantitative-finance,2021,Handbook of Financial Risk Management,https://doi.org/10.1080/14697688.2020.1855361,https://doi.org/10.1080/14697688.2020.1855361,paywalled,未找到开放获取副本
quantitative-finance,2021,"Valuation of non-negative equity guarantees, considering contagion risk for house prices under the HJM interest rate model",https://doi.org/10.1080/14697688.2021.1890805,https://doi.org/10.1080/14697688.2021.1890805,paywalled,未找到开放获取副本
quantitative-finance,2021,Short-term volatility forecasting with kernel support vector regression and Markov switching multifractal model,https://doi.org/10.1080/14697688.2021.1939116,https://doi.org/10.1080/14697688.2021.1939116,paywalled,未找到开放获取副本
quantitative-finance,2021,"Call auction, continuous trading and closing price formation",https://doi.org/10.1080/14697688.2020.1849782,https://doi.org/10.1080/14697688.2020.1849782,failed,HTTP 403
quantitative-finance,2021,"Classification of flash crashes using the Hawkes<i>(p,q)</i>framework",https://doi.org/10.1080/14697688.2021.1941212,https://doi.org/10.1080/14697688.2021.1941212,failed,HTTP 403
quantitative-finance,2021,‘Too central to fail’ firms in bi-layered financial networks: linkages in the US corporate bond and stock markets,https://doi.org/10.1080/14697688.2021.2006281,https://doi.org/10.1080/14697688.2021.2006281,paywalled,未找到开放获取副本
quantitative-finance,2021,Robust portfolio rebalancing with cardinality and diversification constraints,https://doi.org/10.1080/14697688.2021.1879392,https://doi.org/10.1080/14697688.2021.1879392,paywalled,未找到开放获取副本
quantitative-finance,2021,Bayesian model averaging and the conditional volatility process: an application to predicting aggregate equity returns by conditioning on economic variables,https://doi.org/10.1080/14697688.2021.1901970,https://doi.org/10.1080/14697688.2021.1901970,paywalled,未找到开放获取副本
quantitative-finance,2021,Brexit news propagation in financial systems: multidimensional visibility networks for market volatility dynamics,https://doi.org/10.1080/14697688.2021.1970212,https://doi.org/10.1080/14697688.2021.1970212,paywalled,未找到开放获取副本
quantitative-finance,2021,The impact of CoCo bonds on systemic risk considering liquidity risk,https://doi.org/10.1080/14697688.2021.1909113,https://doi.org/10.1080/14697688.2021.1909113,paywalled,未找到开放获取副本
quantitative-finance,2021,Portfolio selection with tail nonlinearly transformed risk measures—a comparison with mean-CVaR analysis,https://doi.org/10.1080/14697688.2020.1856912,https://doi.org/10.1080/14697688.2020.1856912,paywalled,未找到开放获取副本
quantitative-finance,2021,Informative option portfolios in filter design for option pricing models,https://doi.org/10.1080/14697688.2020.1841907,https://doi.org/10.1080/14697688.2020.1841907,paywalled,未找到开放获取副本
quantitative-finance,2021,Continuous-time stochastic mutual fund management game between active and passive funds,https://doi.org/10.1080/14697688.2021.1876242,https://doi.org/10.1080/14697688.2021.1876242,paywalled,未找到开放获取副本
quantitative-finance,2021,A generalized Esscher transform for option valuation with regime switching risk,https://doi.org/10.1080/14697688.2021.2005251,https://doi.org/10.1080/14697688.2021.2005251,paywalled,未找到开放获取副本
quantitative-finance,2021,When do two- or three-fund separation theorems hold?,https://doi.org/10.1080/14697688.2021.1905172,https://doi.org/10.1080/14697688.2021.1905172,paywalled,non-pdf-content
quantitative-finance,2021,"Lifetime consumption and investment with housing, deferred annuities and home equity release",https://doi.org/10.1080/14697688.2021.1993624,https://doi.org/10.1080/14697688.2021.1993624,failed,HTTP 403
quantitative-finance,2021,Lattice-based hedging schemes under GARCH models,https://doi.org/10.1080/14697688.2020.1865559,https://doi.org/10.1080/14697688.2020.1865559,paywalled,未找到开放获取副本
quantitative-finance,2021,Cumulative market impact of consecutive orders over one and two days: how long does the market remember past trades?,https://doi.org/10.1080/14697688.2021.1942535,https://doi.org/10.1080/14697688.2021.1942535,paywalled,未找到开放获取副本
quantitative-finance,2021,The limitations of estimating implied densities from option prices,https://doi.org/10.1080/14697688.2020.1840614,https://doi.org/10.1080/14697688.2020.1840614,paywalled,未找到开放获取副本
quantitative-finance,2021,Callable barrier reverse convertible securities,https://doi.org/10.1080/14697688.2021.1912380,https://doi.org/10.1080/14697688.2021.1912380,paywalled,未找到开放获取副本
quantitative-finance,2021,Errata: Instantaneous Portfolio theory,https://doi.org/10.1080/14697688.2021.1975806,https://doi.org/10.1080/14697688.2021.1975806,paywalled,未找到开放获取副本
quantitative-finance,2021,Robust portfolios with commodities and stochastic interest rates,https://doi.org/10.1080/14697688.2020.1859603,https://doi.org/10.1080/14697688.2020.1859603,paywalled,未找到开放获取副本
quantitative-finance,2021,Smart Alpha: active management with unstable and latent factors,https://doi.org/10.1080/14697688.2020.1868558,https://doi.org/10.1080/14697688.2020.1868558,paywalled,未找到开放获取副本
quantitative-finance,2021,Implied Markov transition matrices under structural price models,https://doi.org/10.1080/14697688.2021.1921242,https://doi.org/10.1080/14697688.2021.1921242,failed,HTTP 403
quantitative-finance,2021,Variance reduction for risk measures with importance sampling in nested simulation,https://doi.org/10.1080/14697688.2021.1985730,https://doi.org/10.1080/14697688.2021.1985730,failed,HTTP 403
quantitative-finance,2021,Performance measurement for option portfolios in a stochastic volatility framework,https://doi.org/10.1080/14697688.2021.1985163,https://doi.org/10.1080/14697688.2021.1985163,paywalled,未找到开放获取副本
quantitative-finance,2021,Evolutionary patterns of onshore and offshore Renminbi exchange rates with convexity–concavity indicators,https://doi.org/10.1080/14697688.2021.1921241,https://doi.org/10.1080/14697688.2021.1921241,paywalled,未找到开放获取副本
quantitative-finance,2021,Dynamic analysis of counterparty exposures and netting efficiency of central counterparty clearing,https://doi.org/10.1080/14697688.2020.1844283,https://doi.org/10.1080/14697688.2020.1844283,paywalled,未找到开放获取副本
quantitative-finance,2021,Structural breaks in Box-Cox transforms of realized volatility: a model selection perspective,https://doi.org/10.1080/14697688.2021.1914855,https://doi.org/10.1080/14697688.2021.1914855,paywalled,未找到开放获取副本
quantitative-finance,2021,Robust control in a rough environment,https://doi.org/10.1080/14697688.2021.1965193,https://doi.org/10.1080/14697688.2021.1965193,paywalled,未找到开放获取副本
quantitative-finance,2021,Geometry of unconditionally efficient portfolios formed with conditioning information: the efficient semicircle,https://doi.org/10.1080/14697688.2020.1837922,https://doi.org/10.1080/14697688.2020.1837922,paywalled,未找到开放获取副本
quantitative-finance,2021,CMS spread options,https://doi.org/10.1080/14697688.2021.1912379,https://doi.org/10.1080/14697688.2021.1912379,paywalled,未找到开放获取副本
quantitative-finance,2021,A new framework for examining creditworthiness of borrowers: the mover-stayer model with covariate and macroeconomic effects,https://doi.org/10.1080/14697688.2021.1917773,https://doi.org/10.1080/14697688.2021.1917773,paywalled,未找到开放获取副本
quantitative-finance,2021,The value and cost of more stages in stochastic programing: a statistical analysis on a set of portfolio choice problems,https://doi.org/10.1080/14697688.2021.1993620,https://doi.org/10.1080/14697688.2021.1993620,failed,HTTP 403
quantitative-finance,2021,Portfolio insurers and constant weight traders: who will survive?,https://doi.org/10.1080/14697688.2021.1987506,https://doi.org/10.1080/14697688.2021.1987506,paywalled,non-pdf-content
quantitative-finance,2021,Forecasting market index volatility using Ross-recovered distributions,https://doi.org/10.1080/14697688.2021.1939407,https://doi.org/10.1080/14697688.2021.1939407,paywalled,未找到开放获取副本
quantitative-finance,2021,Pricing renewable identification numbers under uncertainty,https://doi.org/10.1080/14697688.2021.1996625,https://doi.org/10.1080/14697688.2021.1996625,paywalled,未找到开放获取副本
quantitative-finance,2021,Efficient simulation methods for the Quasi-Gaussian term-structure model with volatility smiles: practical applications of the KLNV-scheme,https://doi.org/10.1080/14697688.2020.1861320,https://doi.org/10.1080/14697688.2020.1861320,paywalled,未找到开放获取副本
quantitative-finance,2021,Bond indifference prices,https://doi.org/10.1080/14697688.2020.1865560,https://doi.org/10.1080/14697688.2020.1865560,paywalled,未找到开放获取副本
quantitative-finance,2021,Reduction of estimation error impact in the risk parity strategies,https://doi.org/10.1080/14697688.2021.1881599,https://doi.org/10.1080/14697688.2021.1881599,paywalled,未找到开放获取副本
quantitative-finance,2021,Valuation of options under a constant elasticity of variance process and stochastic volatility,https://doi.org/10.1080/14697688.2021.1878258,https://doi.org/10.1080/14697688.2021.1878258,paywalled,未找到开放获取副本
quantitative-finance,2021,The Man Who Solved the Market: How Jim Simons Launched the Quant Revolution,https://doi.org/10.1080/14697688.2021.1901972,https://doi.org/10.1080/14697688.2021.1901972,paywalled,未找到开放获取副本
quantitative-finance,2021,"Exotic Options and Hybrids: A Guide to Structuring, Pricing and Trading",https://doi.org/10.1080/14697688.2021.1969032,https://doi.org/10.1080/14697688.2021.1969032,paywalled,未找到开放获取副本
quantitative-finance,2021,Computation of expected shortfall by fast detection of worst scenarios,https://doi.org/10.1080/14697688.2021.1880618,https://doi.org/10.1080/14697688.2021.1880618,paywalled,non-pdf-content
quantitative-finance,2021,Portfolio choices: comparative statics under both expected return and volatility uncertainty,https://doi.org/10.1080/14697688.2020.1849781,https://doi.org/10.1080/14697688.2020.1849781,paywalled,未找到开放获取副本
quantitative-finance,2021,Financial Modeling in Commodity Markets,https://doi.org/10.1080/14697688.2020.1855362,https://doi.org/10.1080/14697688.2020.1855362,paywalled,未找到开放获取副本
quantitative-finance,2021,Mathematics of the Bond Market: A Lévy Processes Approach,https://doi.org/10.1080/14697688.2021.1939118,https://doi.org/10.1080/14697688.2021.1939118,paywalled,未找到开放获取副本
quantitative-finance,2021,Forecasting exchange rates using asymmetric losses: A Bayesian approach,https://doi.org/10.1080/14697688.2021.1942180,https://doi.org/10.1080/14697688.2021.1942180,paywalled,未找到开放获取副本
quantitative-finance,2021,An Introduction to Machine Learning in Quantitative Finance,https://doi.org/10.1080/14697688.2021.1991992,https://doi.org/10.1080/14697688.2021.1991992,paywalled,non-pdf-content
quantitative-finance,2021,"The Rise and Fall of Business Firms: A Stochastic Framework on Innovation, Creative",https://doi.org/10.1080/14697688.2021.1990991,https://doi.org/10.1080/14697688.2021.1990991,paywalled,non-pdf-content
quantitative-finance,2021,Beyond convexity,https://doi.org/10.1080/14697688.2021.1911149,https://doi.org/10.1080/14697688.2021.1911149,paywalled,未找到开放获取副本
quantitative-finance,2020,Deep learning volatility: a deep neural network perspective on pricing and calibration in (rough) volatility models,https://doi.org/10.1080/14697688.2020.1817974,https://doi.org/10.1080/14697688.2020.1817974,paywalled,non-pdf-content
quantitative-finance,2020,Multilayer information spillover networks: measuring interconnectedness of financial institutions,https://doi.org/10.1080/14697688.2020.1831047,https://doi.org/10.1080/14697688.2020.1831047,paywalled,未找到开放获取副本
quantitative-finance,2020,A Course on Rough Paths: With an Introduction to Regularity Structures,https://doi.org/10.1080/14697688.2020.1828611,https://doi.org/10.1080/14697688.2020.1828611,paywalled,non-pdf-content
quantitative-finance,2020,High-Dimensional Probability: An Introduction with Applications in Data Science,https://doi.org/10.1080/14697688.2020.1813475,https://doi.org/10.1080/14697688.2020.1813475,paywalled,未找到开放获取副本
quantitative-finance,2020,Cryptocurrency liquidity during extreme price movements: is there a problem with virtual money?,https://doi.org/10.1080/14697688.2020.1788718,https://doi.org/10.1080/14697688.2020.1788718,paywalled,未找到开放获取副本
quantitative-finance,2020,Jumps and oil futures volatility forecasting: a new insight,https://doi.org/10.1080/14697688.2020.1805505,https://doi.org/10.1080/14697688.2020.1805505,paywalled,未找到开放获取副本
quantitative-finance,2020,High-dimensional index tracking based on the adaptive elastic net,https://doi.org/10.1080/14697688.2020.1737328,https://doi.org/10.1080/14697688.2020.1737328,paywalled,未找到开放获取副本
quantitative-finance,2020,Price discovery and spillover dynamics in the Chinese stock index futures market: a natural experiment on trading volume restriction,https://doi.org/10.1080/14697688.2020.1814037,https://doi.org/10.1080/14697688.2020.1814037,paywalled,未找到开放获取副本
quantitative-finance,2020,Machine Learning in Finance: From Theory to Practice,https://doi.org/10.1080/14697688.2020.1828609,https://doi.org/10.1080/14697688.2020.1828609,paywalled,non-pdf-content
quantitative-finance,2020,Inversion of convex ordering in the VIX market,https://doi.org/10.1080/14697688.2020.1753885,https://doi.org/10.1080/14697688.2020.1753885,paywalled,未找到开放获取副本
quantitative-finance,2020,Stock-specific sentiment and return predictability,https://doi.org/10.1080/14697688.2020.1736314,https://doi.org/10.1080/14697688.2020.1736314,paywalled,未找到开放获取副本
quantitative-finance,2020,Machine Learning: An Applied Mathematics Introduction,https://doi.org/10.1080/14697688.2020.1725610,https://doi.org/10.1080/14697688.2020.1725610,paywalled,未找到开放获取副本
quantitative-finance,2020,<i>G</i>-expected utility maximization with ambiguous equicorrelation,https://doi.org/10.1080/14697688.2020.1777321,https://doi.org/10.1080/14697688.2020.1777321,paywalled,未找到开放获取副本
quantitative-finance,2020,Joint effects of the liability network and portfolio overlapping on systemic financial risk: contagion and rescue,https://doi.org/10.1080/14697688.2020.1802054,https://doi.org/10.1080/14697688.2020.1802054,paywalled,未找到开放获取副本
quantitative-finance,2020,Advances in Financial Machine Learning,https://doi.org/10.1080/14697688.2019.1703030,https://doi.org/10.1080/14697688.2019.1703030,paywalled,non-pdf-content
quantitative-finance,2020,A Markov chain approximation scheme for option pricing under skew diffusions,https://doi.org/10.1080/14697688.2020.1781235,https://doi.org/10.1080/14697688.2020.1781235,paywalled,未找到开放获取副本
quantitative-finance,2020,Optimizing a portfolio of mean-reverting assets with transaction costs via a feedforward neural network,https://doi.org/10.1080/14697688.2020.1729994,https://doi.org/10.1080/14697688.2020.1729994,paywalled,未找到开放获取副本
quantitative-finance,2020,Multivariate continuous-time modeling of wind indexes and hedging of wind risk,https://doi.org/10.1080/14697688.2020.1804606,https://doi.org/10.1080/14697688.2020.1804606,paywalled,non-pdf-content
quantitative-finance,2020,On the first hitting time density for a reducible diffusion process,https://doi.org/10.1080/14697688.2020.1713394,https://doi.org/10.1080/14697688.2020.1713394,paywalled,未找到开放获取副本
quantitative-finance,2020,Machine Learning for Asset Managers,https://doi.org/10.1080/14697688.2020.1817534,https://doi.org/10.1080/14697688.2020.1817534,failed,HTTP 403
quantitative-finance,2020,Forward-looking portfolio selection with multivariate non-Gaussian models,https://doi.org/10.1080/14697688.2020.1733057,https://doi.org/10.1080/14697688.2020.1733057,paywalled,non-pdf-content
quantitative-finance,2020,Algorithmic trading in a microstructural limit order book model,https://doi.org/10.1080/14697688.2020.1729396,https://doi.org/10.1080/14697688.2020.1729396,paywalled,non-pdf-content
quantitative-finance,2020,A cost-effective approach to portfolio construction with range-based risk measures,https://doi.org/10.1080/14697688.2020.1781237,https://doi.org/10.1080/14697688.2020.1781237,paywalled,未找到开放获取副本
quantitative-finance,2020,A functional analysis approach to the static replication of European options,https://doi.org/10.1080/14697688.2020.1810857,https://doi.org/10.1080/14697688.2020.1810857,paywalled,未找到开放获取副本
quantitative-finance,2020,Infinite Powers: The Story of Calculus - The Language of the Universe,https://doi.org/10.1080/14697688.2020.1739738,https://doi.org/10.1080/14697688.2020.1739738,paywalled,未找到开放获取副本
quantitative-finance,2020,Design of adaptive Elman networks for credit risk assessment,https://doi.org/10.1080/14697688.2020.1778175,https://doi.org/10.1080/14697688.2020.1778175,paywalled,未找到开放获取副本
quantitative-finance,2020,Artificial neural network for option pricing with and without asymptotic correction,https://doi.org/10.1080/14697688.2020.1812702,https://doi.org/10.1080/14697688.2020.1812702,failed,HTTP 403
quantitative-finance,2020,Rough volatility and CGMY jumps with a finite history and the Rough Heston model – small-time asymptotics in the kt regime,https://doi.org/10.1080/14697688.2020.1790634,https://doi.org/10.1080/14697688.2020.1790634,paywalled,non-pdf-content
quantitative-finance,2020,Identifying the influential factors of commodity futures prices through a new text mining approach,https://doi.org/10.1080/14697688.2020.1814008,https://doi.org/10.1080/14697688.2020.1814008,paywalled,未找到开放获取副本
quantitative-finance,2020,Implied volatility sentiment: a tale of two tails,https://doi.org/10.1080/14697688.2019.1696018,https://doi.org/10.1080/14697688.2019.1696018,paywalled,non-pdf-content
quantitative-finance,2020,A neural network enhanced volatility component model,https://doi.org/10.1080/14697688.2019.1711148,https://doi.org/10.1080/14697688.2019.1711148,paywalled,non-pdf-content
quantitative-finance,2020,Accelerated share repurchase and other buyback programs: what neural networks can bring,https://doi.org/10.1080/14697688.2020.1729397,https://doi.org/10.1080/14697688.2020.1729397,paywalled,non-pdf-content
quantitative-finance,2020,Graph theoretical representations of equity indices and their centrality measures,https://doi.org/10.1080/14697688.2020.1822539,https://doi.org/10.1080/14697688.2020.1822539,paywalled,未找到开放获取副本
quantitative-finance,2020,Tail risks in large portfolio selection: penalized quantile and expectile minimum deviation models,https://doi.org/10.1080/14697688.2020.1820072,https://doi.org/10.1080/14697688.2020.1820072,paywalled,未找到开放获取副本
quantitative-finance,2020,Shock amplification in financial networks with applications to the CCP feasibility,https://doi.org/10.1080/14697688.2020.1741671,https://doi.org/10.1080/14697688.2020.1741671,paywalled,未找到开放获取副本
quantitative-finance,2020,Capturing model risk and rating momentum in the estimation of probabilities of default and credit rating migrations,https://doi.org/10.1080/14697688.2020.1726439,https://doi.org/10.1080/14697688.2020.1726439,failed,HTTP 403
quantitative-finance,2020,Analytic value function for a pairs trading strategy with a Lévy-driven Ornstein–Uhlenbeck process,https://doi.org/10.1080/14697688.2020.1736613,https://doi.org/10.1080/14697688.2020.1736613,paywalled,未找到开放获取副本
quantitative-finance,2020,A note on - vs. -expected loss portfolio constraints,https://doi.org/10.1080/14697688.2020.1764086,https://doi.org/10.1080/14697688.2020.1764086,failed,HTTP 404
quantitative-finance,2020,Behavioral Finance: What Everyone Needs to Know,https://doi.org/10.1080/14697688.2020.1809697,https://doi.org/10.1080/14697688.2020.1809697,paywalled,未找到开放获取副本
quantitative-finance,2020,The impact of options introduction on the volatility of the underlying equities: evidence from the Chinese stock markets,https://doi.org/10.1080/14697688.2020.1814015,https://doi.org/10.1080/14697688.2020.1814015,paywalled,未找到开放获取副本
quantitative-finance,2020,Index volatility and the put-call ratio: a tale of three markets,https://doi.org/10.1080/14697688.2020.1814009,https://doi.org/10.1080/14697688.2020.1814009,paywalled,未找到开放获取副本
quantitative-finance,2020,Mean-variance portfolio selection with non-negative state-dependent risk aversion,https://doi.org/10.1080/14697688.2020.1787492,https://doi.org/10.1080/14697688.2020.1787492,paywalled,未找到开放获取副本
quantitative-finance,2020,Optimal and equilibrium execution strategies with generalized price impact,https://doi.org/10.1080/14697688.2020.1749294,https://doi.org/10.1080/14697688.2020.1749294,paywalled,未找到开放获取副本
quantitative-finance,2020,Modelling the joint behaviour of electricity prices in interconnected markets,https://doi.org/10.1080/14697688.2020.1733059,https://doi.org/10.1080/14697688.2020.1733059,failed,HTTP 404
quantitative-finance,2020,Improvements in estimating the probability of informed trading models,https://doi.org/10.1080/14697688.2020.1800805,https://doi.org/10.1080/14697688.2020.1800805,paywalled,未找到开放获取副本
quantitative-finance,2020,Probability weighting and default risk: a possible explanation for distressed stock puzzles,https://doi.org/10.1080/14697688.2019.1698057,https://doi.org/10.1080/14697688.2019.1698057,paywalled,未找到开放获取副本
quantitative-finance,2020,Pricing methods for <i>α</i>-quantile and perpetual early exercise options based on Spitzer identities,https://doi.org/10.1080/14697688.2020.1718192,https://doi.org/10.1080/14697688.2020.1718192,failed,HTTP 403
quantitative-finance,2020,"On the dependence structure between S&amp;P500, VIX and implicit Interexpectile Differences",https://doi.org/10.1080/14697688.2020.1761029,https://doi.org/10.1080/14697688.2020.1761029,paywalled,non-pdf-content
quantitative-finance,2020,Valuation model for Chinese convertible bonds with soft call/put provision under the hybrid willow tree,https://doi.org/10.1080/14697688.2020.1814022,https://doi.org/10.1080/14697688.2020.1814022,paywalled,未找到开放获取副本
quantitative-finance,2020,Dynamic principal component CAW models for high-dimensional realized covariance matrices,https://doi.org/10.1080/14697688.2019.1701197,https://doi.org/10.1080/14697688.2019.1701197,paywalled,未找到开放获取副本
quantitative-finance,2020,Clearing price distributions in call auctions,https://doi.org/10.1080/14697688.2020.1744699,https://doi.org/10.1080/14697688.2020.1744699,failed,HTTP 403
quantitative-finance,2020,"Portfolio optimization under the generalized hyperbolic distribution: optimal allocation, performance and tail behavior",https://doi.org/10.1080/14697688.2020.1762913,https://doi.org/10.1080/14697688.2020.1762913,paywalled,未找到开放获取副本
quantitative-finance,2020,Effective stochastic volatility: applications to ZABR-type models,https://doi.org/10.1080/14697688.2020.1814396,https://doi.org/10.1080/14697688.2020.1814396,paywalled,未找到开放获取副本
quantitative-finance,2020,Option pricing methods in the City of London during the late 19th century,https://doi.org/10.1080/14697688.2019.1699950,https://doi.org/10.1080/14697688.2019.1699950,paywalled,未找到开放获取副本
quantitative-finance,2020,Slow-moving capital and stock returns,https://doi.org/10.1080/14697688.2020.1720276,https://doi.org/10.1080/14697688.2020.1720276,paywalled,未找到开放获取副本
quantitative-finance,2020,Random matrix models for datasets with fixed time horizons,https://doi.org/10.1080/14697688.2020.1711962,https://doi.org/10.1080/14697688.2020.1711962,paywalled,未找到开放获取副本
quantitative-finance,2020,Stochastic Flows and Jump-Diffusions,https://doi.org/10.1080/14697688.2020.1750680,https://doi.org/10.1080/14697688.2020.1750680,paywalled,未找到开放获取副本
quantitative-finance,2020,"Pricing European-type, early-exercise and discrete barrier options using an algorithm for the convolution of Legendre series",https://doi.org/10.1080/14697688.2020.1736612,https://doi.org/10.1080/14697688.2020.1736612,failed,HTTP 403
quantitative-finance,2020,A revised option pricing formula with the underlying being banned from short selling,https://doi.org/10.1080/14697688.2020.1718193,https://doi.org/10.1080/14697688.2020.1718193,paywalled,未找到开放获取副本
quantitative-finance,2020,Least-squares Monte-Carlo methods for optimal stopping investment under CEV models,https://doi.org/10.1080/14697688.2020.1736325,https://doi.org/10.1080/14697688.2020.1736325,paywalled,未找到开放获取副本
quantitative-finance,2020,The information content of high-frequency traders aggressive orders: recent evidence,https://doi.org/10.1080/14697688.2020.1748700,https://doi.org/10.1080/14697688.2020.1748700,paywalled,未找到开放获取副本
quantitative-finance,2020,Realized higher-order comoments,https://doi.org/10.1080/14697688.2020.1759816,https://doi.org/10.1080/14697688.2020.1759816,paywalled,未找到开放获取副本
quantitative-finance,2020,Digital economy era: the role of the telecommunications sector in frequency-dependent default risk connectedness,https://doi.org/10.1080/14697688.2020.1814038,https://doi.org/10.1080/14697688.2020.1814038,paywalled,未找到开放获取副本
quantitative-finance,2020,An options-pricing approach to election prediction,https://doi.org/10.1080/14697688.2020.1757136,https://doi.org/10.1080/14697688.2020.1757136,failed,HTTP 403
quantitative-finance,2020,Modeling and solving portfolio selection problems based on PVaR,https://doi.org/10.1080/14697688.2020.1819552,https://doi.org/10.1080/14697688.2020.1819552,paywalled,未找到开放获取副本
quantitative-finance,2020,Fractional stochastic volatility correction to CEV implied volatility,https://doi.org/10.1080/14697688.2020.1812703,https://doi.org/10.1080/14697688.2020.1812703,paywalled,未找到开放获取副本
quantitative-finance,2020,Chinese write-down bonds: issuance and bank capital structure,https://doi.org/10.1080/14697688.2020.1814034,https://doi.org/10.1080/14697688.2020.1814034,paywalled,未找到开放获取副本
quantitative-finance,2020,Robust statistical arbitrage strategies,https://doi.org/10.1080/14697688.2020.1824077,https://doi.org/10.1080/14697688.2020.1824077,paywalled,未找到开放获取副本
quantitative-finance,2020,Effects of intervaling on high-frequency realized higher-order moments,https://doi.org/10.1080/14697688.2020.1725100,https://doi.org/10.1080/14697688.2020.1725100,failed,HTTP 202
quantitative-finance,2020,Measuring liquidity commonality in financial markets,https://doi.org/10.1080/14697688.2020.1744698,https://doi.org/10.1080/14697688.2020.1744698,failed,HTTP 202
quantitative-finance,2020,Stochastic interest rate modelling using a single or multiple curves: an empirical performance analysis of the Lévy forward price model,https://doi.org/10.1080/14697688.2020.1722318,https://doi.org/10.1080/14697688.2020.1722318,failed,HTTP 403
quantitative-finance,2020,From risk bearing to propheteering,https://doi.org/10.1080/14697688.2020.1740428,https://doi.org/10.1080/14697688.2020.1740428,paywalled,未找到开放获取副本
quantitative-finance,2020,Market impact: a systematic study of the high frequency options market,https://doi.org/10.1080/14697688.2020.1791948,https://doi.org/10.1080/14697688.2020.1791948,paywalled,non-pdf-content
quantitative-finance,2020,Evaluation of gas sales agreements with indexation using tree and least-squares Monte Carlo methods on graphics processing units,https://doi.org/10.1080/14697688.2020.1775283,https://doi.org/10.1080/14697688.2020.1775283,paywalled,未找到开放获取副本
quantitative-finance,2020,The interest rate factor in commodity markets,https://doi.org/10.1080/14697688.2020.1819553,https://doi.org/10.1080/14697688.2020.1819553,paywalled,未找到开放获取副本
quantitative-finance,2020,Primal–dual quasi-Monte Carlo simulation with dimension reduction for pricing American options,https://doi.org/10.1080/14697688.2020.1753884,https://doi.org/10.1080/14697688.2020.1753884,paywalled,未找到开放获取副本
quantitative-finance,2020,The dependence structure between equity and foreign exchange markets and tail risk forecasts of foreign investments,https://doi.org/10.1080/14697688.2020.1812701,https://doi.org/10.1080/14697688.2020.1812701,failed,"网络错误 [Errno 8] nodename nor servname provided, or not known"
quantitative-finance,2020,Maximizing an equity portfolio excess growth rate: a new form of smart beta strategy?,https://doi.org/10.1080/14697688.2020.1729398,https://doi.org/10.1080/14697688.2020.1729398,paywalled,未找到开放获取副本
quantitative-finance,2020,Assessing the relevance of an information source to trading from an adaptive-markets hypothesis perspective,https://doi.org/10.1080/14697688.2020.1726438,https://doi.org/10.1080/14697688.2020.1726438,paywalled,未找到开放获取副本
quantitative-finance,2020,Fitting Local Volatility: Analytic and Numerical Approaches in Black-Scholes and Local Variance Gamma Models,https://doi.org/10.1080/14697688.2020.1829014,https://doi.org/10.1080/14697688.2020.1829014,paywalled,未找到开放获取副本
quantitative-finance,2020,Revisiting the Samuelson hypothesis on energy futures,https://doi.org/10.1080/14697688.2020.1724319,https://doi.org/10.1080/14697688.2020.1724319,paywalled,未找到开放获取副本
quantitative-finance,2020,Stochastic Disorder Problems,https://doi.org/10.1080/14697688.2020.1778775,https://doi.org/10.1080/14697688.2020.1778775,paywalled,未找到开放获取副本
quantitative-finance,2020,Risk management of deposit insurance corporations with risk-based premiums and credit default swaps,https://doi.org/10.1080/14697688.2020.1726437,https://doi.org/10.1080/14697688.2020.1726437,paywalled,未找到开放获取副本
quantitative-finance,2020,Hedging housing price risks: some empirical evidence from the US,https://doi.org/10.1080/14697688.2020.1814012,https://doi.org/10.1080/14697688.2020.1814012,paywalled,未找到开放获取副本
quantitative-finance,2020,Book review,https://doi.org/10.1080/14697688.2020.1803498,https://doi.org/10.1080/14697688.2020.1803498,paywalled,未找到开放获取副本
quantitative-finance,2020,An alternative nonparametric tail risk measure,https://doi.org/10.1080/14697688.2020.1787491,https://doi.org/10.1080/14697688.2020.1787491,failed,HTTP 403
quantitative-finance,2020,A set-valued Markov chain approach to credit default,https://doi.org/10.1080/14697688.2019.1693053,https://doi.org/10.1080/14697688.2019.1693053,paywalled,未找到开放获取副本
quantitative-finance,2020,Metals and Energy Finance,https://doi.org/10.1080/14697688.2020.1828610,https://doi.org/10.1080/14697688.2020.1828610,paywalled,未找到开放获取副本
quantitative-finance,2020,Testing for jumps based on high-frequency data: a method exploiting microstructure noise,https://doi.org/10.1080/14697688.2020.1772497,https://doi.org/10.1080/14697688.2020.1772497,paywalled,未找到开放获取副本
quantitative-finance,2020,From equity to default correlation with taxes,https://doi.org/10.1080/14697688.2020.1726436,https://doi.org/10.1080/14697688.2020.1726436,paywalled,未找到开放获取副本
quantitative-finance,2020,Strike from volatility and delta-with-premium,https://doi.org/10.1080/14697688.2020.1726440,https://doi.org/10.1080/14697688.2020.1726440,paywalled,未找到开放获取副本
quantitative-finance,2020,Adjusting covariance matrix for risk management,https://doi.org/10.1080/14697688.2020.1739737,https://doi.org/10.1080/14697688.2020.1739737,paywalled,未找到开放获取副本
quantitative-finance,2020,m-Double Poisson Lévy markets,https://doi.org/10.1080/14697688.2020.1747633,https://doi.org/10.1080/14697688.2020.1747633,paywalled,未找到开放获取副本
quantitative-finance,2020,Bond flotation with exotic commodity collateral,https://doi.org/10.1080/14697688.2020.1814002,https://doi.org/10.1080/14697688.2020.1814002,paywalled,未找到开放获取副本
quantitative-finance,2020,Application of power series approximation techniques to valuation of European style options,https://doi.org/10.1080/14697688.2020.1809696,https://doi.org/10.1080/14697688.2020.1809696,paywalled,未找到开放获取副本
quantitative-finance,2020,Calendar,https://doi.org/10.1080/14697688.2020.1719777,https://doi.org/10.1080/14697688.2020.1719777,paywalled,未找到开放获取副本
quantitative-finance,2020,Calendar,https://doi.org/10.1080/14697688.2020.1719780,https://doi.org/10.1080/14697688.2020.1719780,paywalled,未找到开放获取副本
quantitative-finance,2020,Correction,https://doi.org/10.1080/14697688.2020.1726120,https://doi.org/10.1080/14697688.2020.1726120,paywalled,未找到开放获取副本
quantitative-finance,2020,Correction,https://doi.org/10.1080/14697688.2020.1820246,https://doi.org/10.1080/14697688.2020.1820246,paywalled,未找到开放获取副本
quantitative-finance,2020,Calendar,https://doi.org/10.1080/14697688.2020.1707420,https://doi.org/10.1080/14697688.2020.1707420,paywalled,未找到开放获取副本
review-of-asset-pricing-studies,2026,Primary Capital Market Transactions and Index Funds,https://doi.org/10.1093/rapstu/raaf013,https://doi.org/10.1093/rapstu/raaf013,paywalled,未找到开放获取副本
review-of-asset-pricing-studies,2026,Cheap Options Are Expensive,https://doi.org/10.1093/rapstu/raag001,https://doi.org/10.1093/rapstu/raag001,paywalled,未找到开放获取副本
review-of-asset-pricing-studies,2026,Macro Financial Trends and Market Expected Returns,https://doi.org/10.1093/rapstu/raaf014,https://doi.org/10.1093/rapstu/raaf014,paywalled,未找到开放获取副本
review-of-asset-pricing-studies,2026,Asset Prices When Investors Underestimate Discount Rate Dynamics,https://doi.org/10.1093/rapstu/raag005,https://doi.org/10.1093/rapstu/raag005,paywalled,未找到开放获取副本
review-of-asset-pricing-studies,2026,"Prime Time for Prime Funds: Floating NAV, Intraday Redemptions, and Liquidity Risk during Crises",https://doi.org/10.1093/rapstu/raag006,https://doi.org/10.1093/rapstu/raag006,paywalled,未找到开放获取副本
review-of-asset-pricing-studies,2026,Cross-Fund Subsidization and Flow-Performance Relation,https://doi.org/10.1093/rapstu/raag007,https://doi.org/10.1093/rapstu/raag007,paywalled,未找到开放获取副本
review-of-asset-pricing-studies,2025,Asset Pricing in the Information Age: Employee Expectations and Stock Returns,https://doi.org/10.1093/rapstu/raae016,https://doi.org/10.1093/rapstu/raae016,paywalled,未找到开放获取副本
review-of-asset-pricing-studies,2025,Alpha Go Everywhere: Machine Learning and International Stock Returns,https://doi.org/10.1093/rapstu/raaf005,https://doi.org/10.1093/rapstu/raaf005,paywalled,未找到开放获取副本
review-of-asset-pricing-studies,2025,Short Selling Around News in International Stock Markets,https://doi.org/10.1093/rapstu/raaf011,https://doi.org/10.1093/rapstu/raaf011,failed,HTTP 403
review-of-asset-pricing-studies,2025,Jumps and Post-FOMC Announcement Returns in Currency Markets,https://doi.org/10.1093/rapstu/raaf003,https://doi.org/10.1093/rapstu/raaf003,paywalled,未找到开放获取副本
review-of-asset-pricing-studies,2025,Interacting Anomalies,https://doi.org/10.1093/rapstu/raaf001,https://doi.org/10.1093/rapstu/raaf001,paywalled,未找到开放获取副本
review-of-asset-pricing-studies,2025,"Priority Rules, Internalization, and Payment for Order Flow",https://doi.org/10.1093/rapstu/raaf004,https://doi.org/10.1093/rapstu/raaf004,paywalled,non-pdf-content
review-of-asset-pricing-studies,2025,Cross-Sectional Variation of Risk-targeting Option Portfolios,https://doi.org/10.1093/rapstu/raaf012,https://doi.org/10.1093/rapstu/raaf012,paywalled,未找到开放获取副本
review-of-asset-pricing-studies,2024,Trend Factor in China: The Role of Large Individual Trading,https://doi.org/10.1093/rapstu/raae003,https://doi.org/10.1093/rapstu/raae003,paywalled,未找到开放获取副本
review-of-asset-pricing-studies,2024,Investors’ Beliefs and Cryptocurrency Prices,https://doi.org/10.1093/rapstu/raad015,https://doi.org/10.1093/rapstu/raad015,paywalled,未找到开放获取副本
review-of-asset-pricing-studies,2024,Price of Regulations: Regulatory Costs and the Cross-section of Stock Returns,https://doi.org/10.1093/rapstu/raae001,http://dx.doi.org/10.1093/rapstu/raae001,failed,HTTP 403
review-of-asset-pricing-studies,2024,Predicting the Equity Premium with Combination Forecasts: A Reappraisal,https://doi.org/10.1093/rapstu/raae009,https://doi.org/10.1093/rapstu/raae009,paywalled,未找到开放获取副本
review-of-asset-pricing-studies,2024,Equity Return Predictability with the ICAPM,https://doi.org/10.1093/rapstu/raae007,https://doi.org/10.1093/rapstu/raae007,paywalled,未找到开放获取副本
review-of-asset-pricing-studies,2024,Contingent Claims and Hedging of Credit Risk with Equity Options,https://doi.org/10.1093/rapstu/raae005,https://doi.org/10.1093/rapstu/raae005,failed,HTTP 403
review-of-asset-pricing-studies,2024,Shorting the Dollar When Global Stock Markets Roar: The Equity Hedging Channel of Exchange Rate Determination,https://doi.org/10.1093/rapstu/raae012,https://doi.org/10.1093/rapstu/raae012,paywalled,未找到开放获取副本
review-of-asset-pricing-studies,2024,Systematic Skewness and Stock Returns,https://doi.org/10.1093/rapstu/raae010,https://doi.org/10.1093/rapstu/raae010,paywalled,未找到开放获取副本
review-of-asset-pricing-studies,2024,The Cross-Section of Stock Returns Around the World in the Early Twentieth Century,https://doi.org/10.1093/rapstu/raae014,https://doi.org/10.1093/rapstu/raae014,failed,HTTP 403
review-of-asset-pricing-studies,2024,Estimating Probability Weighting Functions through Option Pricing Bounds,https://doi.org/10.1093/rapstu/raae008,https://doi.org/10.1093/rapstu/raae008,paywalled,未找到开放获取副本
review-of-asset-pricing-studies,2024,An Empirical Assessment of Characteristics and Optimal Portfolios,https://doi.org/10.1093/rapstu/raae006,http://dx.doi.org/10.1093/rapstu/raae006,paywalled,未找到开放获取副本
review-of-asset-pricing-studies,2023,Limits of Arbitrage and Primary Risk-Taking in Derivative Securities,https://doi.org/10.1093/rapstu/raad003,https://doi.org/10.1093/rapstu/raad003,failed,HTTP 403
review-of-asset-pricing-studies,2023,Which Factors for Corporate Bond Returns?,https://doi.org/10.1093/rapstu/raad005,https://doi.org/10.1093/rapstu/raad005,paywalled,未找到开放获取副本
review-of-asset-pricing-studies,2023,Short Interest and Aggregate Stock Returns: International Evidence,https://doi.org/10.1093/rapstu/raad007,https://doi.org/10.1093/rapstu/raad007,failed,HTTP 403
review-of-asset-pricing-studies,2023,Factor Timing with Portfolio Characteristics,https://doi.org/10.1093/rapstu/raad010,https://doi.org/10.1093/rapstu/raad010,failed,HTTP 403
review-of-asset-pricing-studies,2023,Mutual Fund Proliferation and Entry Deterrence,https://doi.org/10.1093/rapstu/raad009,https://doi.org/10.1093/rapstu/raad009,paywalled,未找到开放获取副本
review-of-asset-pricing-studies,2023,"The Other Insiders: Personal Trading by Brokers, Analysts, and Fund Managers",https://doi.org/10.1093/rapstu/raad002,https://doi.org/10.1093/rapstu/raad002,paywalled,未找到开放获取副本
review-of-asset-pricing-studies,2023,Investor Demand for Leverage: Evidence from Equity Closed-End Funds,https://doi.org/10.1093/rapstu/raad012,https://doi.org/10.1093/rapstu/raad012,paywalled,未找到开放获取副本
review-of-asset-pricing-studies,2023,A New Value Strategy,https://doi.org/10.1093/rapstu/raad014,https://doi.org/10.1093/rapstu/raad014,paywalled,未找到开放获取副本
review-of-asset-pricing-studies,2023,"Product Market Competition, Labor Mobility, and the Cross-Section of Stock Returns",https://doi.org/10.1093/rapstu/raad001,https://doi.org/10.1093/rapstu/raad001,failed,HTTP 403
review-of-asset-pricing-studies,2023,Unconventional Monetary Policies and the Yield Curve: Estimating Non-Affine Term Structure Models with Unspanned Macro Risk by Factor Extraction,https://doi.org/10.1093/rapstu/raad011,http://dx.doi.org/10.1093/rapstu/raad011,failed,HTTP 403
review-of-asset-pricing-studies,2023,"Stochastic Interest Rates, Heterogeneous Valuations, and the Volatility-Volume Relation with Search Frictions",https://doi.org/10.1093/rapstu/raad004,https://doi.org/10.1093/rapstu/raad004,paywalled,未找到开放获取副本
review-of-asset-pricing-studies,2023,Never a Dull Moment: Entropy Risk in Commodity Markets,https://doi.org/10.1093/rapstu/raad008,http://dx.doi.org/10.1093/rapstu/raad008,paywalled,未找到开放获取副本
review-of-asset-pricing-studies,2023,Oil Price Exposure and the Cross-Section of Stock Returns,https://doi.org/10.1093/rapstu/raad016,http://dx.doi.org/10.1093/rapstu/raad016,paywalled,未找到开放获取副本
review-of-asset-pricing-studies,2022,The Cross-Section of Cryptocurrency Returns,https://doi.org/10.1093/rapstu/raac007,https://doi.org/10.1093/rapstu/raac007,paywalled,non-pdf-content
review-of-asset-pricing-studies,2022,What Drives the Size and Value Factors?,https://doi.org/10.1093/rapstu/raac016,https://doi.org/10.1093/rapstu/raac016,failed,HTTP 403
review-of-asset-pricing-studies,2022,Short Selling ETFs,https://doi.org/10.1093/rapstu/raac005,https://doi.org/10.1093/rapstu/raac005,failed,HTTP 403
review-of-asset-pricing-studies,2022,The Effect of Innovation Similarity on Asset Prices: Evidence from Patents’ Big Data,https://doi.org/10.1093/rapstu/raac014,https://doi.org/10.1093/rapstu/raac014,paywalled,未找到开放获取副本
review-of-asset-pricing-studies,2022,Investor Information Choice with Macro and Micro Information,https://doi.org/10.1093/rapstu/raac009,https://doi.org/10.1093/rapstu/raac009,paywalled,未找到开放获取副本
review-of-asset-pricing-studies,2022,Asset Pricing Tests of Infrequently Traded Securities: The Case of Municipal Bonds,https://doi.org/10.1093/rapstu/raac002,https://doi.org/10.1093/rapstu/raac002,paywalled,未找到开放获取副本
review-of-asset-pricing-studies,2022,Small Rebalanced Portfolios Often Beat the Market over Long Horizons,https://doi.org/10.1093/rapstu/raac020,https://doi.org/10.1093/rapstu/raac020,failed,HTTP 403
review-of-asset-pricing-studies,2022,The Marketing Capability Premium,https://doi.org/10.1093/rapstu/raac004,https://doi.org/10.1093/rapstu/raac004,failed,HTTP 403
review-of-asset-pricing-studies,2022,"The Geography of Subadvisors, Managerial Structure, and the Performance of International Equity Mutual Funds",https://doi.org/10.1093/rapstu/raac017,https://doi.org/10.1093/rapstu/raac017,paywalled,未找到开放获取副本
review-of-asset-pricing-studies,2022,Self-Fulfilling Asset Prices,https://doi.org/10.1093/rapstu/raac008,https://doi.org/10.1093/rapstu/raac008,paywalled,未找到开放获取副本
review-of-asset-pricing-studies,2022,Why Do Predicted Stock Issuers Earn Low Returns?,https://doi.org/10.1093/rapstu/raac013,https://doi.org/10.1093/rapstu/raac013,paywalled,未找到开放获取副本
review-of-asset-pricing-studies,2022,Predicting Returns Out of Sample: A Naïve Model Averaging Approach,https://doi.org/10.1093/rapstu/raac021,https://doi.org/10.1093/rapstu/raac021,paywalled,未找到开放获取副本
review-of-asset-pricing-studies,2022,Equity Risk Premium Predictability from Cross-Sectoral Downturns,https://doi.org/10.1093/rapstu/raac001,https://doi.org/10.1093/rapstu/raac001,failed,HTTP 403
review-of-asset-pricing-studies,2022,Is Economic Uncertainty a Valid Intertemporal CAPM State Variable?,https://doi.org/10.1093/rapstu/raac006,https://doi.org/10.1093/rapstu/raac006,paywalled,未找到开放获取副本
review-of-asset-pricing-studies,2022,Liquidation Cascade and Anticipatory Trading: Evidence from the Structured Equity Product Market,https://doi.org/10.1093/rapstu/raac010,https://doi.org/10.1093/rapstu/raac010,paywalled,未找到开放获取副本
review-of-asset-pricing-studies,2022,Asset Pricing Implications of Firms’ Government Sales Dependency,https://doi.org/10.1093/rapstu/raac011,https://doi.org/10.1093/rapstu/raac011,failed,HTTP 403
review-of-asset-pricing-studies,2021,Investing in Socially Responsible Mutual Funds,https://doi.org/10.1093/rapstu/raab004,https://doi.org/10.1093/rapstu/raab004,paywalled,未找到开放获取副本
review-of-asset-pricing-studies,2021,Working Remotely and the Supply-Side Impact of COVID-19,https://doi.org/10.1093/rapstu/raab026,https://doi.org/10.1093/rapstu/raab026,paywalled,non-pdf-content
review-of-asset-pricing-studies,2021,Embedded Leverage,https://doi.org/10.1093/rapstu/raab022,https://doi.org/10.1093/rapstu/raab022,failed,HTTP 403
review-of-asset-pricing-studies,2021,Active and Passive Investing: Understanding Samuelson’s Dictum,https://doi.org/10.1093/rapstu/raab020,https://doi.org/10.1093/rapstu/raab020,failed,HTTP 403
review-of-asset-pricing-studies,2021,Can Individual Investors Beat the Market?,https://doi.org/10.1093/rapstu/raab017,https://doi.org/10.1093/rapstu/raab017,failed,网络错误 [Errno 60] Operation timed out
review-of-asset-pricing-studies,2021,Disagreement after News: Gradual Information Diffusion or Differences of Opinion?,https://doi.org/10.1093/rapstu/raab008,https://doi.org/10.1093/rapstu/raab008,failed,HTTP 403
review-of-asset-pricing-studies,2021,Firm Characteristics and Global Stock Returns: A Conditional Asset Pricing Model,https://doi.org/10.1093/rapstu/raab024,https://doi.org/10.1093/rapstu/raab024,paywalled,未找到开放获取副本
review-of-asset-pricing-studies,2021,Pricing Implications of Covariances and Spreads in Currency Markets,https://doi.org/10.1093/rapstu/raab019,https://doi.org/10.1093/rapstu/raab019,paywalled,未找到开放获取副本
review-of-asset-pricing-studies,2021,Learning from Noise? Price and Liquidity Spillovers around Mutual Fund Fire Sales,https://doi.org/10.1093/rapstu/raab029,https://doi.org/10.1093/rapstu/raab029,paywalled,未找到开放获取副本
review-of-asset-pricing-studies,2021,Reputation Concerns and Slow-Moving Capital,https://doi.org/10.1093/rapstu/raab006,https://doi.org/10.1093/rapstu/raab006,paywalled,未找到开放获取副本
review-of-asset-pricing-studies,2021,Measuring Operating Leverage,https://doi.org/10.1093/rapstu/raab025,https://doi.org/10.1093/rapstu/raab025,paywalled,未找到开放获取副本
review-of-asset-pricing-studies,2021,Cross-Sectional Skewness,https://doi.org/10.1093/rapstu/raab023,https://doi.org/10.1093/rapstu/raab023,paywalled,未找到开放获取副本
review-of-asset-pricing-studies,2021,Characterizing the Variance Risk Premium: The Role of the Leverage Effect,https://doi.org/10.1093/rapstu/raab027,https://doi.org/10.1093/rapstu/raab027,paywalled,未找到开放获取副本
review-of-asset-pricing-studies,2021,A Panel Regression Approach to Holdings-Based Fund Performance Measures,https://doi.org/10.1093/rapstu/raab007,https://doi.org/10.1093/rapstu/raab007,paywalled,non-pdf-content
review-of-asset-pricing-studies,2021,Zero-Coupon Yields and the Cross-Section of Bond Prices,https://doi.org/10.1093/rapstu/raab002,https://doi.org/10.1093/rapstu/raab002,paywalled,未找到开放获取副本
review-of-asset-pricing-studies,2021,When and Where Is It Cheaper to Issue Inflation-Linked Debt?,https://doi.org/10.1093/rapstu/raab016,https://doi.org/10.1093/rapstu/raab016,paywalled,未找到开放获取副本
review-of-asset-pricing-studies,2021,Global Risk in Long-Term Sovereign Debt,https://doi.org/10.1093/rapstu/raab015,https://doi.org/10.1093/rapstu/raab015,failed,HTTP 403
review-of-asset-pricing-studies,2021,Valuation Risk in Mutual Fund Portfolio Disclosure,https://doi.org/10.1093/rapstu/raab021,https://doi.org/10.1093/rapstu/raab021,paywalled,未找到开放获取副本
review-of-asset-pricing-studies,2021,Dynamic Asset Pricing with Interactions between Short-Sale and Borrowing Constraints,https://doi.org/10.1093/rapstu/raab003,https://doi.org/10.1093/rapstu/raab003,failed,HTTP 403
review-of-asset-pricing-studies,2021,Covenant Prices of U.S. Corporate Bonds,https://doi.org/10.1093/rapstu/raag004,https://doi.org/10.1093/rapstu/raag004,failed,HTTP 403
review-of-asset-pricing-studies,2021,Are Monthly Market Returns Predictable?,https://doi.org/10.1093/rapstu/raab010,https://doi.org/10.1093/rapstu/raab010,paywalled,non-pdf-content
review-of-asset-pricing-studies,2021,The Annual Report of the Society for Financial Studies for 2019–2020,https://doi.org/10.1093/rapstu/raab001,https://doi.org/10.1093/rapstu/raab001,paywalled,未找到开放获取副本
review-of-asset-pricing-studies,2020,The Unprecedented Stock Market Reaction to COVID-19,https://doi.org/10.1093/rapstu/raaa008,https://doi.org/10.1093/rapstu/raaa008,failed,HTTP 403
review-of-asset-pricing-studies,2020,How Does Household Spending Respond to an Epidemic? Consumption during the 2020 COVID-19 Pandemic,https://doi.org/10.1093/rapstu/raaa009,https://doi.org/10.1093/rapstu/raaa009,failed,HTTP 403
review-of-asset-pricing-studies,2020,Coronavirus: Impact on Stock Prices and Growth Expectations,https://doi.org/10.1093/rapstu/raaa013,https://doi.org/10.1093/rapstu/raaa013,failed,HTTP 403
review-of-asset-pricing-studies,2020,Mutual Fund Performance and Flows during the COVID-19 Crisis,https://doi.org/10.1093/rapstu/raaa015,https://doi.org/10.1093/rapstu/raaa015,failed,HTTP 403
review-of-asset-pricing-studies,2020,Does Partisanship Shape Investor Beliefs? Evidence from the COVID-19 Pandemic,https://doi.org/10.1093/rapstu/raaa018,https://doi.org/10.1093/rapstu/raaa018,failed,HTTP 403
review-of-asset-pricing-studies,2020,Earnings Expectations during the COVID-19 Crisis*,https://doi.org/10.1093/rapstu/raaa016,https://doi.org/10.1093/rapstu/raaa016,failed,HTTP 403
review-of-asset-pricing-studies,2020,COVID-19 and the Cross-Section of Equity Returns: Impact and Transmission,https://doi.org/10.1093/rapstu/raaa017,https://doi.org/10.1093/rapstu/raaa017,failed,HTTP 403
review-of-asset-pricing-studies,2020,The Value Premium,https://doi.org/10.1093/rapstu/raaa021,https://doi.org/10.1093/rapstu/raaa021,paywalled,未找到开放获取副本
review-of-asset-pricing-studies,2020,Volatility Markets Underreacted to the Early Stages of the COVID-19 Pandemic,https://doi.org/10.1093/rapstu/raaa010,https://doi.org/10.1093/rapstu/raaa010,failed,HTTP 403
review-of-asset-pricing-studies,2020,A Tale of Two Crises: The 2008 Mortgage Meltdown and the 2020 COVID-19 Crisis,https://doi.org/10.1093/rapstu/raaa019,https://doi.org/10.1093/rapstu/raaa019,failed,HTTP 403
review-of-asset-pricing-studies,2020,Do Proxies for Informed Trading Measure Informed Trading? Evidence from Illegal Insider Trades,https://doi.org/10.1093/rapstu/raaa004,https://doi.org/10.1093/rapstu/raaa004,failed,HTTP 403
review-of-asset-pricing-studies,2020,Monetary Policy and Corporate Bond Returns,https://doi.org/10.1093/rapstu/raaa005,https://doi.org/10.1093/rapstu/raaa005,failed,HTTP 403
review-of-asset-pricing-studies,2020,What Do Index Options Teach Us About COVID-19?,https://doi.org/10.1093/rapstu/raaa012,https://doi.org/10.1093/rapstu/raaa012,failed,HTTP 403
review-of-asset-pricing-studies,2020,Double-Adjusted Mutual Fund Performance,https://doi.org/10.1093/rapstu/raaa011,https://doi.org/10.1093/rapstu/raaa011,failed,HTTP 403
review-of-asset-pricing-studies,2020,Multifactor Models and Their Consistency with the APT,https://doi.org/10.1093/rapstu/raaa024,https://doi.org/10.1093/rapstu/raaa024,failed,HTTP 403
review-of-asset-pricing-studies,2020,Why Do Short Selling Bans Increase Adverse Selection and Decrease Price Efficiency?,https://doi.org/10.1093/rapstu/raaa007,https://doi.org/10.1093/rapstu/raaa007,paywalled,未找到开放获取副本
review-of-asset-pricing-studies,2020,Stock Price Movements: Business-Cycle and Low-Frequency Perspectives,https://doi.org/10.1093/rapstu/raaa002,https://doi.org/10.1093/rapstu/raaa002,paywalled,未找到开放获取副本
review-of-asset-pricing-studies,2020,Repercussions of Pandemics on Markets and Policy,https://doi.org/10.1093/rapstu/raaa020,https://doi.org/10.1093/rapstu/raaa020,failed,HTTP 403
review-of-asset-pricing-studies,2020,Volatility-of-Volatility Risk in Asset Pricing,https://doi.org/10.1093/rapstu/raab018,https://doi.org/10.1093/rapstu/raab018,failed,HTTP 403
review-of-asset-pricing-studies,2020,Economic-State Variation in Uncertainty-Yield Dynamics,https://doi.org/10.1093/rapstu/raaa023,https://doi.org/10.1093/rapstu/raaa023,paywalled,未找到开放获取副本
review-of-finance,2026,Behavioral messages and debt repayment,https://doi.org/10.1093/rof/rfag015,https://doi.org/10.1093/rof/rfag015,failed,HTTP 403
review-of-finance,2026,Analyst Stickiness and Stock Return Predictability,https://doi.org/10.1093/rof/rfag022,https://doi.org/10.1093/rof/rfag022,paywalled,未找到开放获取副本
review-of-finance,2026,The unintended impact of the Volcker rule on primary market bond pricing: evidence from the Rule 144A bond market,https://doi.org/10.1093/rof/rfag018,https://doi.org/10.1093/rof/rfag018,failed,HTTP 403
review-of-finance,2025,The green sin: how exchange rate volatility and financial openness affect green premia,https://doi.org/10.1093/rof/rfaf024,https://doi.org/10.1093/rof/rfaf024,paywalled,未找到开放获取副本
review-of-finance,2025,Pricing event risk: evidence from concave implied volatility curves,https://doi.org/10.1093/rof/rfaf016,https://doi.org/10.1093/rof/rfaf016,failed,HTTP 403
review-of-finance,2025,Does the level of cash always increase with firm size? Theory and evidence from small firms,https://doi.org/10.1093/rof/rfaf008,https://doi.org/10.1093/rof/rfaf008,paywalled,未找到开放获取副本
review-of-finance,2025,Blockbuster or bust? Silver screen effect and stock returns,https://doi.org/10.1093/rof/rfaf004,https://doi.org/10.1093/rof/rfaf004,failed,HTTP 403
review-of-finance,2025,Industry tournament incentives and the US financial systemic risk,https://doi.org/10.1093/rof/rfaf026,https://doi.org/10.1093/rof/rfaf026,paywalled,未找到开放获取副本
review-of-finance,2025,A disaster explanation of equity term structures,https://doi.org/10.1093/rof/rfaf034,https://doi.org/10.1093/rof/rfaf034,paywalled,未找到开放获取副本
review-of-finance,2025,The cryptocurrency elephant in the room,https://doi.org/10.1093/rof/rfaf037,https://doi.org/10.1093/rof/rfaf037,paywalled,未找到开放获取副本
review-of-finance,2025,Return extrapolation and dividends,https://doi.org/10.1093/rof/rfaf018,https://doi.org/10.1093/rof/rfaf018,paywalled,未找到开放获取副本
review-of-finance,2025,Saving externality: when depositing too much breaks the bank,https://doi.org/10.1093/rof/rfae045,https://doi.org/10.1093/rof/rfae045,paywalled,未找到开放获取副本
review-of-finance,2024,Do investors care about biodiversity?,https://doi.org/10.1093/rof/rfae010,https://doi.org/10.1093/rof/rfae010,failed,HTTP 403
review-of-finance,2024,Cross-sectional expected returns: new Fama–MacBeth regressions in the era of machine learning,https://doi.org/10.1093/rof/rfae027,https://doi.org/10.1093/rof/rfae027,paywalled,未找到开放获取副本
review-of-finance,2024,Building trust takes time: limits to arbitrage for blockchain-based assets,https://doi.org/10.1093/rof/rfae004,https://doi.org/10.1093/rof/rfae004,failed,HTTP 403
review-of-finance,2024,"Market accessibility, bond ETFs, and liquidity",https://doi.org/10.1093/rof/rfae016,https://doi.org/10.1093/rof/rfae016,paywalled,未找到开放获取副本
review-of-finance,2024,Empirical determinants of momentum: a perspective using international data,https://doi.org/10.1093/rof/rfae038,https://doi.org/10.1093/rof/rfae038,paywalled,未找到开放获取副本
review-of-finance,2024,Hedge funds and the positive idiosyncratic volatility effect,https://doi.org/10.1093/rof/rfae022,https://doi.org/10.1093/rof/rfae022,failed,HTTP 403
review-of-finance,2024,Yield curve momentum,https://doi.org/10.1093/rof/rfae003,https://doi.org/10.1093/rof/rfae003,failed,HTTP 403
review-of-finance,2024,Humans in charge of trading robots: the first experiment,https://doi.org/10.1093/rof/rfae007,https://doi.org/10.1093/rof/rfae007,failed,HTTP 403
review-of-finance,2024,Common risk factors in cross-sectional FX options returns,https://doi.org/10.1093/rof/rfae002,https://doi.org/10.1093/rof/rfae002,failed,HTTP 403
review-of-finance,2024,Liquidity and the strategic value of information,https://doi.org/10.1093/rof/rfae040,https://doi.org/10.1093/rof/rfae040,paywalled,未找到开放获取副本
review-of-finance,2024,Does express delivery run ahead of stock price?,https://doi.org/10.1093/rof/rfae013,https://doi.org/10.1093/rof/rfae013,paywalled,未找到开放获取副本
review-of-finance,2023,"Income, Liquidity, and the Consumption Response to the 2020 Economic Stimulus Payments",https://doi.org/10.1093/rof/rfad010,https://doi.org/10.1093/rof/rfad010,failed,HTTP 403
review-of-finance,2023,The Variance Risk Premium in Equilibrium Models,https://doi.org/10.1093/rof/rfad005,https://doi.org/10.1093/rof/rfad005,failed,HTTP 403
review-of-finance,2023,Do Anomalies Really Predict Market Returns? New Data and New Evidence,https://doi.org/10.1093/rof/rfad025,https://doi.org/10.1093/rof/rfad025,failed,HTTP 403
review-of-finance,2023,A Tale of Two Cities: Mainland Chinese Buyers in the Hong Kong Housing Market,https://doi.org/10.1093/rof/rfad006,https://doi.org/10.1093/rof/rfad006,failed,HTTP 403
review-of-finance,2023,Asymmetric Information and Corporate Lending: Evidence from SME Bond Markets,https://doi.org/10.1093/rof/rfad024,https://doi.org/10.1093/rof/rfad024,failed,HTTP 403
review-of-finance,2023,When passive funds affect prices: evidence from volatility and commodity ETFs,https://doi.org/10.1093/rof/rfad038,https://doi.org/10.1093/rof/rfad038,failed,HTTP 403
review-of-finance,2023,Delegated Learning and Contract Commonality in Asset Management,https://doi.org/10.1093/rof/rfad011,https://doi.org/10.1093/rof/rfad011,failed,HTTP 403
review-of-finance,2023,Large Bets and Stock Market Crashes,https://doi.org/10.1093/rof/rfad008,https://doi.org/10.1093/rof/rfad008,failed,HTTP 403
review-of-finance,2023,Leveraged speculators and asset prices,https://doi.org/10.1093/rof/rfad037,https://doi.org/10.1093/rof/rfad037,failed,HTTP 403
review-of-finance,2023,Capital Regulations and the Management of Credit Commitments during Crisis Times,https://doi.org/10.1093/rof/rfac074,https://doi.org/10.1093/rof/rfac074,failed,HTTP 403
review-of-finance,2023,Why momentum concentrates among overvalued stocks?,https://doi.org/10.1093/rof/rfad033,https://doi.org/10.1093/rof/rfad033,failed,HTTP 403
review-of-finance,2022,A Sustainable Capital Asset Pricing Model (S-CAPM): Evidence from Environmental Integration and Sin Stock Exclusion,https://doi.org/10.1093/rof/rfac045,https://doi.org/10.1093/rof/rfac045,failed,HTTP 403
review-of-finance,2022,Social Media and Financial News Manipulation,https://doi.org/10.1093/rof/rfac058,https://doi.org/10.1093/rof/rfac058,failed,HTTP 403
review-of-finance,2022,Asset Prices and Portfolios with Externalities,https://doi.org/10.1093/rof/rfac065,https://doi.org/10.1093/rof/rfac065,failed,HTTP 403
review-of-finance,2022,"Momentum, Reversals, and Investor Clientele",https://doi.org/10.1093/rof/rfac010,https://doi.org/10.1093/rof/rfac010,failed,HTTP 403
review-of-finance,2022,On the Economic Significance of Stock Return Predictability,https://doi.org/10.1093/rof/rfac035,https://doi.org/10.1093/rof/rfac035,failed,HTTP 403
review-of-finance,2022,Economic Policy Uncertainty and the Yield Curve,https://doi.org/10.1093/rof/rfac031,https://doi.org/10.1093/rof/rfac031,failed,HTTP 404
review-of-finance,2022,Determinants of Short-Term Corporate Yield Spreads: Evidence from the Commercial Paper Market,https://doi.org/10.1093/rof/rfac030,https://doi.org/10.1093/rof/rfac030,failed,HTTP 403
review-of-finance,2022,Expanding Footprints: The Impact of Passenger Transportation on Corporate Locations,https://doi.org/10.1093/rof/rfac049,https://doi.org/10.1093/rof/rfac049,paywalled,未找到开放获取副本
review-of-finance,2022,Long-Horizon Stock Returns Are Positively Skewed,https://doi.org/10.1093/rof/rfac021,https://doi.org/10.1093/rof/rfac021,failed,HTTP 403
review-of-finance,2022,Liquidity Risk and Funding Cost,https://doi.org/10.1093/rof/rfac020,https://doi.org/10.1093/rof/rfac020,failed,HTTP 403
review-of-finance,2022,Social Interaction in the Family: Evidence from Investors’ Security Holdings,https://doi.org/10.1093/rof/rfac060,https://doi.org/10.1093/rof/rfac060,failed,HTTP 403
review-of-finance,2022,Tick Size Wars: The Market Quality Effects of Pricing Grid Competition,https://doi.org/10.1093/rof/rfac032,https://doi.org/10.1093/rof/rfac032,failed,HTTP 403
review-of-finance,2022,"Information Acquisition, Uncertainty Reduction, and Pre-Announcement Premium in China",https://doi.org/10.1093/rof/rfac042,https://doi.org/10.1093/rof/rfac042,failed,HTTP 403
review-of-finance,2022,Advertising Arbitrage,https://doi.org/10.1093/rof/rfac019,https://doi.org/10.1093/rof/rfac019,failed,HTTP 403
review-of-finance,2022,Market Timing and Predictability in FX Markets,https://doi.org/10.1093/rof/rfac014,https://doi.org/10.1093/rof/rfac014,failed,HTTP 403
review-of-finance,2022,"Moneyness, Underlying Asset Volatility, and the Cross-Section of Option Returns",https://doi.org/10.1093/rof/rfac003,https://doi.org/10.1093/rof/rfac003,failed,HTTP 403
review-of-finance,2022,Bear Beta or Speculative Beta?—Reconciling the Evidence on Downside Risk Premium,https://doi.org/10.1093/rof/rfac006,https://doi.org/10.1093/rof/rfac006,failed,HTTP 403
review-of-finance,2022,Passive-Aggressive Trading: The Supply and Demand of Liquidity by Mutual Funds,https://doi.org/10.1093/rof/rfac008,https://doi.org/10.1093/rof/rfac008,failed,HTTP 403
review-of-finance,2022,Risk-Taking and Asymmetric Learning in Boom and Bust Markets,https://doi.org/10.1093/rof/rfac072,https://doi.org/10.1093/rof/rfac072,failed,HTTP 403
review-of-finance,2022,"Escaping Air Pollution: Immigrants, Students, and Spillover Effects on Property Prices Abroad",https://doi.org/10.1093/rof/rfac070,https://doi.org/10.1093/rof/rfac070,failed,HTTP 403
review-of-finance,2022,Correction to: The TIPS Liquidity Premium,https://doi.org/10.1093/rof/rfac009,https://doi.org/10.1093/rof/rfac009,paywalled,未找到开放获取副本
review-of-finance,2021,Financing Labor,https://doi.org/10.1093/rof/rfab013,https://doi.org/10.1093/rof/rfab013,failed,HTTP 403
review-of-finance,2021,The Characteristics and Portfolio Behavior of Bitcoin Investors: Evidence from Indirect Cryptocurrency Investments,https://doi.org/10.1093/rof/rfab034,https://doi.org/10.1093/rof/rfab034,paywalled,未找到开放获取副本
review-of-finance,2021,Investor Attention and Asset Pricing Anomalies,https://doi.org/10.1093/rof/rfab032,https://doi.org/10.1093/rof/rfab032,failed,HTTP 403
review-of-finance,2021,The Active World of Passive Investing,https://doi.org/10.1093/rof/rfab021,https://doi.org/10.1093/rof/rfab021,paywalled,non-pdf-content
review-of-finance,2021,Do Country-Level Creditor Protections Affect Firm-Level Debt Structure Concentration?,https://doi.org/10.1093/rof/rfab011,https://doi.org/10.1093/rof/rfab011,paywalled,未找到开放获取副本
review-of-finance,2021,The TIPS Liquidity Premium,https://doi.org/10.1093/rof/rfab018,https://doi.org/10.1093/rof/rfab018,paywalled,non-pdf-content
review-of-finance,2021,A Theory of Collateral for the Lender of Last Resort,https://doi.org/10.1093/rof/rfab002,https://doi.org/10.1093/rof/rfab002,paywalled,未找到开放获取副本
review-of-finance,2021,Learning from Feedback: Evidence from New Ventures,https://doi.org/10.1093/rof/rfab006,https://doi.org/10.1093/rof/rfab006,failed,HTTP 403
review-of-finance,2021,Secondary Market Transparency and Corporate Bond Issuing Costs,https://doi.org/10.1093/rof/rfab017,https://doi.org/10.1093/rof/rfab017,paywalled,未找到开放获取副本
review-of-finance,2021,Informed Trading and Momentum in the Corporate Bond Market,https://doi.org/10.1093/rof/rfab004,https://doi.org/10.1093/rof/rfab004,failed,HTTP 403
review-of-finance,2021,Whose Disagreement Matters? Household Belief Dispersion and Stock Trading Volume,https://doi.org/10.1093/rof/rfab005,https://doi.org/10.1093/rof/rfab005,failed,HTTP 403
review-of-finance,2021,The Distress Anomaly is Deeper than You Think: Evidence from Stocks and Bonds,https://doi.org/10.1093/rof/rfab025,https://doi.org/10.1093/rof/rfab025,paywalled,未找到开放获取副本
review-of-finance,2021,The Costs and Benefits of Liquidity Regulations: Lessons from an Idle Monetary Policy Tool,https://doi.org/10.1093/rof/rfab024,https://doi.org/10.1093/rof/rfab024,failed,HTTP 403
review-of-finance,2021,Special Repo Rates and the Cross-Section of Bond Prices: The Role of the Special Collateral Risk Premium,https://doi.org/10.1093/rof/rfab028,https://doi.org/10.1093/rof/rfab028,paywalled,未找到开放获取副本
review-of-finance,2021,Cancer and Portfolio Choice: Evidence from Norwegian Register Data,https://doi.org/10.1093/rof/rfab022,https://doi.org/10.1093/rof/rfab022,failed,HTTP 403
review-of-finance,2021,Search-Based Peer Groups and Commonality in Liquidity,https://doi.org/10.1093/rof/rfab033,https://doi.org/10.1093/rof/rfab033,paywalled,未找到开放获取副本
review-of-finance,2021,Sovereign Credit Quality and Violations of the Law of One Price,https://doi.org/10.1093/rof/rfab001,https://doi.org/10.1093/rof/rfab001,failed,HTTP 403
review-of-finance,2020,"An Augmented
                    <i>q</i>
                    -Factor Model with Expected Growth",https://doi.org/10.1093/rof/rfaa004,https://doi.org/10.1093/rof/rfaa004,failed,HTTP 403
review-of-finance,2020,"ETF Arbitrage, Non-Fundamental Demand, and Return Predictability",https://doi.org/10.1093/rof/rfaa027,https://doi.org/10.1093/rof/rfaa027,failed,HTTP 403
review-of-finance,2020,Fintech for the Poor: Financial Intermediation Without Discrimination,https://doi.org/10.1093/rof/rfaa039,https://doi.org/10.1093/rof/rfaa039,paywalled,未找到开放获取副本
review-of-finance,2020,Asymmetric Information and the Pecking (Dis)Order,https://doi.org/10.1093/rof/rfaa005,https://doi.org/10.1093/rof/rfaa005,failed,HTTP 403
review-of-finance,2020,Making Room for the Needy: The Credit-Reallocation Effects of the ECB’s Corporate QE,https://doi.org/10.1093/rof/rfaa020,https://doi.org/10.1093/rof/rfaa020,failed,HTTP 403
review-of-finance,2020,Managing Liquidity in Production Networks: The Role of Central Firms,https://doi.org/10.1093/rof/rfaa025,https://doi.org/10.1093/rof/rfaa025,paywalled,未找到开放获取副本
review-of-finance,2020,What Constrains Liquidity Provision? Evidence from Institutional Trades,https://doi.org/10.1093/rof/rfaa016,https://doi.org/10.1093/rof/rfaa016,failed,HTTP 403
review-of-finance,2020,Is Currency Risk Priced in Global Equity Markets?,https://doi.org/10.1093/rof/rfaa026,https://doi.org/10.1093/rof/rfaa026,paywalled,未找到开放获取副本
review-of-finance,2020,Intellectual Property Protection and Financial Markets: Patenting versus Secrecy,https://doi.org/10.1093/rof/rfaa033,https://doi.org/10.1093/rof/rfaa033,paywalled,未找到开放获取副本
review-of-finance,2020,Global Risks in the Currency Market,https://doi.org/10.1093/rof/rfaa010,https://doi.org/10.1093/rof/rfaa010,paywalled,未找到开放获取副本
review-of-finance,2020,Tradeoff Theory and Leverage Dynamics of High-Frequency Debt Issuers,https://doi.org/10.1093/rof/rfaa018,https://doi.org/10.1093/rof/rfaa018,paywalled,non-pdf-content
review-of-finance,2020,Equilibrium Asset Pricing in Directed Networks,https://doi.org/10.1093/rof/rfaa035,https://doi.org/10.1093/rof/rfaa035,failed,"网络错误 [Errno 8] nodename nor servname provided, or not known"
review-of-finance,2020,Signal on the Margin: Behavior of Levered Investors and Future Economic Conditions,https://doi.org/10.1093/rof/rfaa006,https://doi.org/10.1093/rof/rfaa006,paywalled,未找到开放获取副本
review-of-finance,2020,Earnings Belief Risk and the Cross-Section of Stock Returns,https://doi.org/10.1093/rof/rfaa001,https://doi.org/10.1093/rof/rfaa001,paywalled,未找到开放获取副本
review-of-financial-studies,2026,Price Discovery on Decentralized Exchanges,https://doi.org/10.1093/rfs/hhag002,https://doi.org/10.1093/rfs/hhag002,failed,HTTP 403
review-of-financial-studies,2026,Algorithmic Pricing and Liquidity in Securities Markets,https://doi.org/10.1093/rfs/hhag010,https://doi.org/10.1093/rfs/hhag010,paywalled,未找到开放获取副本
review-of-financial-studies,2026,Financial Intermediaries and the Yield Curve,https://doi.org/10.1093/rfs/hhaf102,https://doi.org/10.1093/rfs/hhaf102,paywalled,未找到开放获取副本
review-of-financial-studies,2026,Payment for Order Flow and Option Internalization,https://doi.org/10.1093/rfs/hhaf108,https://doi.org/10.1093/rfs/hhaf108,failed,HTTP 403
review-of-financial-studies,2026,Expression of Concern: Man versus Machine Learning: The Term Structure of Earnings Expectations and Conditional Biases,https://doi.org/10.1093/rfs/hhag017,https://doi.org/10.1093/rfs/hhag017,failed,HTTP 403
review-of-financial-studies,2026,Too Many Managers: The Strategic Use of Titles to Avoid Overtime Payments,https://doi.org/10.1093/rfs/hhag016,https://doi.org/10.1093/rfs/hhag016,paywalled,未找到开放获取副本
review-of-financial-studies,2026,Beliefs and Portfolios: Causal Evidence,https://doi.org/10.1093/rfs/hhag011,https://doi.org/10.1093/rfs/hhag011,paywalled,未找到开放获取副本
review-of-financial-studies,2026,Mutual Fund Clienteles,https://doi.org/10.1093/rfs/hhag019,https://doi.org/10.1093/rfs/hhag019,paywalled,未找到开放获取副本
review-of-financial-studies,2026,Thematic Concentration and Mutual Fund Performance,https://doi.org/10.1093/rfs/hhag021,https://doi.org/10.1093/rfs/hhag021,paywalled,未找到开放获取副本
review-of-financial-studies,2025,Liquidity Provision on Blockchain-Based Decentralized Exchanges,https://doi.org/10.1093/rfs/hhaf046,https://doi.org/10.1093/rfs/hhaf046,paywalled,未找到开放获取副本
review-of-financial-studies,2025,Unmasking Mutual Fund Derivative Use,https://doi.org/10.1093/rfs/hhaf001,https://doi.org/10.1093/rfs/hhaf001,paywalled,未找到开放获取副本
review-of-financial-studies,2025,Steering a Ship in Illiquid Waters: Active Management of Passive Funds,https://doi.org/10.1093/rfs/hhaf034,https://doi.org/10.1093/rfs/hhaf034,paywalled,未找到开放获取副本
review-of-financial-studies,2025,Earnings Extrapolation and Predictable Stock Market Returns,https://doi.org/10.1093/rfs/hhaf020,https://doi.org/10.1093/rfs/hhaf020,failed,HTTP 403
review-of-financial-studies,2025,Getting to the Core: Inflation Risks Within and Across Asset Classes,https://doi.org/10.1093/rfs/hhaf050,https://doi.org/10.1093/rfs/hhaf050,failed,HTTP 403
review-of-financial-studies,2025,Common Pricing of Decentralized Risk: A Linear Option Pricing Model,https://doi.org/10.1093/rfs/hhaf016,https://doi.org/10.1093/rfs/hhaf016,paywalled,未找到开放获取副本
review-of-financial-studies,2025,Weak Identification of Long Memory with Implications for Volatility Modeling,https://doi.org/10.1093/rfs/hhaf022,https://doi.org/10.1093/rfs/hhaf022,paywalled,未找到开放获取副本
review-of-financial-studies,2025,"Uncertainty, Contracting, and Beliefs in Organizations",https://doi.org/10.1093/rfs/hhaf005,https://doi.org/10.1093/rfs/hhaf005,paywalled,未找到开放获取副本
review-of-financial-studies,2025,Speculating on Higher-Order Beliefs,https://doi.org/10.1093/rfs/hhaf019,https://doi.org/10.1093/rfs/hhaf019,paywalled,未找到开放获取副本
review-of-financial-studies,2025,Real Effects of Centralized Markets: Evidence from Steel Futures,https://doi.org/10.1093/rfs/hhaf011,https://doi.org/10.1093/rfs/hhaf011,failed,HTTP 403
review-of-financial-studies,2025,Man versus Machine Learning Revisited,https://doi.org/10.1093/rfs/hhaf066,https://doi.org/10.1093/rfs/hhaf066,paywalled,未找到开放获取副本
review-of-financial-studies,2025,How to Dominate the Historical Average,https://doi.org/10.1093/rfs/hhaf010,https://doi.org/10.1093/rfs/hhaf010,failed,HTTP 403
review-of-financial-studies,2025,Investor Sentiment and the Pricing of Characteristics-Based Factors,https://doi.org/10.1093/rfs/hhaf053,https://doi.org/10.1093/rfs/hhaf053,paywalled,未找到开放获取副本
review-of-financial-studies,2025,Identifying Price Informativeness,https://doi.org/10.1093/rfs/hhaf051,https://doi.org/10.1093/rfs/hhaf051,paywalled,未找到开放获取副本
review-of-financial-studies,2025,Why Do Investors Like Short-leg Securities? Evidence from a Textual Analysis of Buy Recommendations,https://doi.org/10.1093/rfs/hhaf068,https://doi.org/10.1093/rfs/hhaf068,failed,HTTP 403
review-of-financial-studies,2025,Continuous-Time Fama-MacBeth Regressions,https://doi.org/10.1093/rfs/hhaf072,https://doi.org/10.1093/rfs/hhaf072,paywalled,未找到开放获取副本
review-of-financial-studies,2025,Bond Market Resiliency: The Role of Insurers,https://doi.org/10.1093/rfs/hhaf097,https://doi.org/10.1093/rfs/hhaf097,paywalled,未找到开放获取副本
review-of-financial-studies,2025,Π-CAPM: The Classical CAPM with Probability Weighting and Skewed Assets,https://doi.org/10.1093/rfs/hhaf045,https://doi.org/10.1093/rfs/hhaf045,failed,HTTP 403
review-of-financial-studies,2025,Fast and Slow Arbitrage: The Predictive Power of (Persistent) Capital Flows for Factor Returns,https://doi.org/10.1093/rfs/hhaf036,https://doi.org/10.1093/rfs/hhaf036,paywalled,未找到开放获取副本
review-of-financial-studies,2025,Agency MBS as Safe Assets,https://doi.org/10.1093/rfs/hhaf052,https://doi.org/10.1093/rfs/hhaf052,paywalled,未找到开放获取副本
review-of-financial-studies,2025,Data-Driven Investors,https://doi.org/10.1093/rfs/hhaf078,https://doi.org/10.1093/rfs/hhaf078,paywalled,未找到开放获取副本
review-of-financial-studies,2025,"Hedging, Contract Enforceability, and Competition",https://doi.org/10.1093/rfs/hhaf025,https://doi.org/10.1093/rfs/hhaf025,paywalled,未找到开放获取副本
review-of-financial-studies,2025,Near-Rational Equilibria in Heterogeneous-Agent Models: A Verification Method,https://doi.org/10.1093/rfs/hhaf030,https://doi.org/10.1093/rfs/hhaf030,failed,HTTP 403
review-of-financial-studies,2025,Raising Bond Capital in Segmented Markets,https://doi.org/10.1093/rfs/hhaf092,https://doi.org/10.1093/rfs/hhaf092,paywalled,未找到开放获取副本
review-of-financial-studies,2025,Common Factors in Equity Option Returns,https://doi.org/10.1093/rfs/hhaf060,https://doi.org/10.1093/rfs/hhaf060,paywalled,未找到开放获取副本
review-of-financial-studies,2025,"Uncertainty, Risk, and Capital Growth",https://doi.org/10.1093/rfs/hhaf088,https://doi.org/10.1093/rfs/hhaf088,paywalled,未找到开放获取副本
review-of-financial-studies,2025,Heterogeneous Oil Supply Elasticities: Indebtedness and Production Responses to the COVID-19 Shock,https://doi.org/10.1093/rfs/hhaf099,https://doi.org/10.1093/rfs/hhaf099,paywalled,未找到开放获取副本
review-of-financial-studies,2025,"An Equilibrium Model of Imperfect Hedging: Transaction Costs, Heterogeneity in Risk Aversion, and Return Volatility",https://doi.org/10.1093/rfs/hhaf023,https://doi.org/10.1093/rfs/hhaf023,paywalled,未找到开放获取副本
review-of-financial-studies,2025,Correction to: Which Subjective Expectations Explain Asset Prices?,https://doi.org/10.1093/rfs/hhaf032,https://doi.org/10.1093/rfs/hhaf032,failed,HTTP 403
review-of-financial-studies,2025,Option Auctions,https://doi.org/10.1093/rfs/hhaf043,https://doi.org/10.1093/rfs/hhaf043,failed,HTTP 403
review-of-financial-studies,2025,Fragility of Safe Asset Markets,https://doi.org/10.1093/rfs/hhaf064,https://doi.org/10.1093/rfs/hhaf064,paywalled,未找到开放获取副本
review-of-financial-studies,2025,Portfolio Regulation of Financial Institutions with Market Power,https://doi.org/10.1093/rfs/hhaf095,https://doi.org/10.1093/rfs/hhaf095,paywalled,未找到开放获取副本
review-of-financial-studies,2025,Confident Risk Premiums and Investments Using Machine Learning Uncertainties,https://doi.org/10.1093/rfs/hhaf087,https://doi.org/10.1093/rfs/hhaf087,paywalled,未找到开放获取副本
review-of-financial-studies,2025,"Bank Debt, Mutual Fund Equity, and Swing Pricing in Liquidity Provision",https://doi.org/10.1093/rfs/hhaf105,https://doi.org/10.1093/rfs/hhaf105,failed,HTTP 403
review-of-financial-studies,2025,"Cross-Border M&amp;A Flows, Economic Growth, and Foreign Exchange Rates",https://doi.org/10.1093/rfs/hhaf109,https://doi.org/10.1093/rfs/hhaf109,failed,HTTP 403
review-of-financial-studies,2024,A Comprehensive 2022 Look at the Empirical Performance of Equity Premium Prediction,https://doi.org/10.1093/rfs/hhae044,https://doi.org/10.1093/rfs/hhae044,failed,HTTP 403
review-of-financial-studies,2024,Equity Return Expectations and Portfolios: Evidence from Large Asset Managers,https://doi.org/10.1093/rfs/hhae008,https://doi.org/10.1093/rfs/hhae008,failed,HTTP 403
review-of-financial-studies,2024,The Bright Side of Political Uncertainty: The Case of R&amp;D,https://doi.org/10.1093/rfs/hhae023,https://doi.org/10.1093/rfs/hhae023,failed,HTTP 403
review-of-financial-studies,2024,Duration-Based Valuation of Corporate Bonds,https://doi.org/10.1093/rfs/hhae054,https://doi.org/10.1093/rfs/hhae054,paywalled,未找到开放获取副本
review-of-financial-studies,2024,News Diffusion in Social Networks and Stock Market Reactions,https://doi.org/10.1093/rfs/hhae025,https://doi.org/10.1093/rfs/hhae025,paywalled,未找到开放获取副本
review-of-financial-studies,2024,Which Subjective Expectations Explain Asset Prices?,https://doi.org/10.1093/rfs/hhae009,https://doi.org/10.1093/rfs/hhae009,paywalled,未找到开放获取副本
review-of-financial-studies,2024,Machine Learning for Continuous-Time Finance,https://doi.org/10.1093/rfs/hhae043,https://doi.org/10.1093/rfs/hhae043,paywalled,未找到开放获取副本
review-of-financial-studies,2024,Missing Financial Data,https://doi.org/10.1093/rfs/hhae036,https://doi.org/10.1093/rfs/hhae036,paywalled,未找到开放获取副本
review-of-financial-studies,2024,The Savings of Corporate Giants,https://doi.org/10.1093/rfs/hhae030,https://doi.org/10.1093/rfs/hhae030,paywalled,未找到开放获取副本
review-of-financial-studies,2024,News and Asset Pricing: A High-Frequency Anatomy of the SDF,https://doi.org/10.1093/rfs/hhae019,https://doi.org/10.1093/rfs/hhae019,paywalled,未找到开放获取副本
review-of-financial-studies,2024,Missing Data in Asset Pricing Panels,https://doi.org/10.1093/rfs/hhae003,https://doi.org/10.1093/rfs/hhae003,paywalled,未找到开放获取副本
review-of-financial-studies,2024,Size Discount and Size Penalty: Trading Costs in Bond Markets,https://doi.org/10.1093/rfs/hhae007,https://doi.org/10.1093/rfs/hhae007,failed,HTTP 403
review-of-financial-studies,2024,Bond Price Fragility and the Structure of the Mutual Fund Industry,https://doi.org/10.1093/rfs/hhad095,https://doi.org/10.1093/rfs/hhad095,failed,HTTP 403
review-of-financial-studies,2024,The Value of ETF Liquidity,https://doi.org/10.1093/rfs/hhae041,https://doi.org/10.1093/rfs/hhae041,failed,HTTP 403
review-of-financial-studies,2024,Holding Period Effects in Dividend Strip Returns,https://doi.org/10.1093/rfs/hhae002,https://doi.org/10.1093/rfs/hhae002,paywalled,未找到开放获取副本
review-of-financial-studies,2024,Unsmoothing Returns of Illiquid Funds,https://doi.org/10.1093/rfs/hhae006,https://doi.org/10.1093/rfs/hhae006,paywalled,未找到开放获取副本
review-of-financial-studies,2024,The Coholding Puzzle: New Evidence from Transaction-Level Data,https://doi.org/10.1093/rfs/hhae016,https://doi.org/10.1093/rfs/hhae016,failed,HTTP 403
review-of-financial-studies,2024,Fractional Trading,https://doi.org/10.1093/rfs/hhae012,https://doi.org/10.1093/rfs/hhae012,paywalled,未找到开放获取副本
review-of-financial-studies,2024,Who Can Tell Which Banks Will Fail?,https://doi.org/10.1093/rfs/hhae020,https://doi.org/10.1093/rfs/hhae020,paywalled,未找到开放获取副本
review-of-financial-studies,2024,Can Equity Option Returns Be Explained by a Factor Model? IPCA Says Yes,https://doi.org/10.1093/rfs/hhae087,https://doi.org/10.1093/rfs/hhae087,failed,HTTP 403
review-of-financial-studies,2024,Blood Money: Selling Plasma to Avoid High-Interest Loans,https://doi.org/10.1093/rfs/hhae018,https://doi.org/10.1093/rfs/hhae018,paywalled,未找到开放获取副本
review-of-financial-studies,2024,Does Liquidity Management Induce Fragility in Treasury Prices? Evidence from Bond Mutual Funds,https://doi.org/10.1093/rfs/hhae082,https://doi.org/10.1093/rfs/hhae082,paywalled,未找到开放获取副本
review-of-financial-studies,2024,Memory Moves Markets,https://doi.org/10.1093/rfs/hhae086,https://doi.org/10.1093/rfs/hhae086,failed,HTTP 403
review-of-financial-studies,2024,Institutional Brokerage Networks: Facilitating Liquidity Provision,https://doi.org/10.1093/rfs/hhae026,https://doi.org/10.1093/rfs/hhae026,failed,HTTP 403
review-of-financial-studies,2024,"Macroprudential Regulation, Quantitative Easing, and Bank Lending",https://doi.org/10.1093/rfs/hhae085,https://doi.org/10.1093/rfs/hhae085,paywalled,未找到开放获取副本
review-of-financial-studies,2024,Dynamic Market Making with Asymmetric Information and Market Power,https://doi.org/10.1093/rfs/hhae062,https://doi.org/10.1093/rfs/hhae062,paywalled,未找到开放获取副本
review-of-financial-studies,2024,Price elasticity of demand and risk-bearing capacity in sovereign bond auctions,https://doi.org/10.1093/rfs/hhae027,https://doi.org/10.1093/rfs/hhae027,paywalled,未找到开放获取副本
review-of-financial-studies,2024,The Next Chapter of Big Data in Finance,https://doi.org/10.1093/rfs/hhae083,https://doi.org/10.1093/rfs/hhae083,paywalled,未找到开放获取副本
review-of-financial-studies,2024,Managing Mental Accounts: Payment Cards and Consumption Expenditures,https://doi.org/10.1093/rfs/hhae013,https://doi.org/10.1093/rfs/hhae013,paywalled,未找到开放获取副本
review-of-financial-studies,2024,Technological Progress and Rent Seeking,https://doi.org/10.1093/rfs/hhae031,https://doi.org/10.1093/rfs/hhae031,paywalled,未找到开放获取副本
review-of-financial-studies,2024,Informed Voting,https://doi.org/10.1093/rfs/hhae038,https://doi.org/10.1093/rfs/hhae038,paywalled,未找到开放获取副本
review-of-financial-studies,2024,Gold’s Value as an Investment,https://doi.org/10.1093/rfs/hhae076,https://doi.org/10.1093/rfs/hhae076,paywalled,未找到开放获取副本
review-of-financial-studies,2024,Using Social Media to Identify the Effects of Congressional Viewpoints on Asset Prices,https://doi.org/10.1093/rfs/hhae001,https://doi.org/10.1093/rfs/hhae001,paywalled,未找到开放获取副本
review-of-financial-studies,2023,Narrative Asset Pricing: Interpretable Systematic Risk Factors from News Text,https://doi.org/10.1093/rfs/hhad042,https://doi.org/10.1093/rfs/hhad042,paywalled,未找到开放获取副本
review-of-financial-studies,2023,Factor Momentum,https://doi.org/10.1093/rfs/hhad006,https://doi.org/10.1093/rfs/hhad006,paywalled,未找到开放获取副本
review-of-financial-studies,2023,How ETFs Amplify the Global Financial Cycle in Emerging Markets,https://doi.org/10.1093/rfs/hhad014,https://doi.org/10.1093/rfs/hhad014,failed,HTTP 403
review-of-financial-studies,2023,Exchange Rate Dynamics and Monetary Spillovers with Imperfect Financial Markets,https://doi.org/10.1093/rfs/hhad078,https://doi.org/10.1093/rfs/hhad078,failed,HTTP 403
review-of-financial-studies,2023,Do Corporate Disclosures Constrain Strategic Analyst Behavior?,https://doi.org/10.1093/rfs/hhad008,https://doi.org/10.1093/rfs/hhad008,failed,HTTP 403
review-of-financial-studies,2023,Currency Risk Premiums Redux,https://doi.org/10.1093/rfs/hhad049,https://doi.org/10.1093/rfs/hhad049,failed,HTTP 403
review-of-financial-studies,2023,The Partisanship of Financial Regulators,https://doi.org/10.1093/rfs/hhad029,https://doi.org/10.1093/rfs/hhad029,paywalled,未找到开放获取副本
review-of-financial-studies,2023,Inflation and Individual Investors’ Behavior: Evidence from the German Hyperinflation,https://doi.org/10.1093/rfs/hhad047,https://doi.org/10.1093/rfs/hhad047,failed,HTTP 403
review-of-financial-studies,2023,Noise in Expectations: Evidence from Analyst Forecasts,https://doi.org/10.1093/rfs/hhad091,https://doi.org/10.1093/rfs/hhad091,paywalled,未找到开放获取副本
review-of-financial-studies,2023,Place Your Bets? The Value of Investment Research on Reddit’s Wallstreetbets,https://doi.org/10.1093/rfs/hhad098,https://doi.org/10.1093/rfs/hhad098,paywalled,未找到开放获取副本
review-of-financial-studies,2023,"More Risk, More Information: How Passive Ownership Can Improve Informational Efficiency",https://doi.org/10.1093/rfs/hhad046,https://doi.org/10.1093/rfs/hhad046,paywalled,未找到开放获取副本
review-of-financial-studies,2023,Gender Bias in Promotions: Evidence from Financial Institutions,https://doi.org/10.1093/rfs/hhad079,https://doi.org/10.1093/rfs/hhad079,paywalled,未找到开放获取副本
review-of-financial-studies,2023,Short Campaigns by Hedge Funds,https://doi.org/10.1093/rfs/hhad092,https://doi.org/10.1093/rfs/hhad092,paywalled,未找到开放获取副本
review-of-financial-studies,2023,Secret and Overt Information Acquisition in Financial Markets,https://doi.org/10.1093/rfs/hhad018,https://doi.org/10.1093/rfs/hhad018,paywalled,未找到开放获取副本
review-of-financial-studies,2023,The Market Inside the Market: Odd-Lot Quotes,https://doi.org/10.1093/rfs/hhad074,https://doi.org/10.1093/rfs/hhad074,paywalled,未找到开放获取副本
review-of-financial-studies,2023,What Drives Firms’ Hiring Decisions? An Asset Pricing Perspective,https://doi.org/10.1093/rfs/hhad012,https://doi.org/10.1093/rfs/hhad012,failed,HTTP 403
review-of-financial-studies,2023,Precautionary Saving in a Financially Constrained Firm,https://doi.org/10.1093/rfs/hhad007,https://doi.org/10.1093/rfs/hhad007,failed,HTTP 403
review-of-financial-studies,2023,"Pay, Stay, or Delay? How to Settle a Run",https://doi.org/10.1093/rfs/hhad084,https://doi.org/10.1093/rfs/hhad084,failed,HTTP 403
review-of-financial-studies,2023,Financial Crises and the Transmission of Monetary Policy to Consumer Credit Markets,https://doi.org/10.1093/rfs/hhad036,https://doi.org/10.1093/rfs/hhad036,paywalled,未找到开放获取副本
review-of-financial-studies,2023,Connected Funds,https://doi.org/10.1093/rfs/hhad030,https://doi.org/10.1093/rfs/hhad030,paywalled,未找到开放获取副本
review-of-financial-studies,2023,Is There Investment Value in the Soft-Dollar Arrangement? Evidence from Mutual Funds,https://doi.org/10.1093/rfs/hhad010,https://doi.org/10.1093/rfs/hhad010,paywalled,未找到开放获取副本
review-of-financial-studies,2023,Are Analyst “Top Picks” Informative?,https://doi.org/10.1093/rfs/hhad099,https://doi.org/10.1093/rfs/hhad099,paywalled,未找到开放获取副本
review-of-financial-studies,2023,"Liquidity Constraints, Consumption, and Debt Repayment: Evidence from Macroprudential Policy in Turkey",https://doi.org/10.1093/rfs/hhad024,https://doi.org/10.1093/rfs/hhad024,paywalled,non-pdf-content
review-of-financial-studies,2023,When Do Low-Frequency Measures Really Measure Effective Spreads? Evidence from Equity and Foreign Exchange Markets,https://doi.org/10.1093/rfs/hhad028,https://doi.org/10.1093/rfs/hhad028,failed,HTTP 403
review-of-financial-studies,2023,Pay-As-You-Go Insurance: Experimental Evidence on Consumer Demand and Behavior,https://doi.org/10.1093/rfs/hhad080,https://doi.org/10.1093/rfs/hhad080,paywalled,未找到开放获取副本
review-of-financial-studies,2023,"Monetary Policy, Business Liquidity and Survival: Evidence from the Refinancing Channel",https://doi.org/10.1093/rfs/hhad016,https://doi.org/10.1093/rfs/hhad016,paywalled,未找到开放获取副本
review-of-financial-studies,2023,Existence of the Wealth-Consumption Ratio in Asset Pricing Models with Recursive Preferences,https://doi.org/10.1093/rfs/hhad069,http://dx.doi.org/10.1093/rfs/hhad069,failed,HTTP 403
review-of-financial-studies,2023,Banks as Liquidity Multipliers,https://doi.org/10.1093/rfs/hhad053,https://doi.org/10.1093/rfs/hhad053,paywalled,未找到开放获取副本
review-of-financial-studies,2023,Remeasuring Scale in Active Management,https://doi.org/10.1093/rfs/hhag037,https://doi.org/10.1093/rfs/hhag037,failed,HTTP 403
review-of-financial-studies,2023,Machine Forecast Disagreement,https://doi.org/10.1093/rfs/hhag042,https://doi.org/10.1093/rfs/hhag042,failed,HTTP 403
review-of-financial-studies,2022,Cybersecurity Risk,https://doi.org/10.1093/rfs/hhac024,https://doi.org/10.1093/rfs/hhac024,failed,HTTP 500
review-of-financial-studies,2022,Mutual Fund Liquidity Transformation and Reverse Flight to Liquidity,https://doi.org/10.1093/rfs/hhac007,https://doi.org/10.1093/rfs/hhac007,paywalled,未找到开放获取副本
review-of-financial-studies,2022,Echo Chambers,https://doi.org/10.1093/rfs/hhac058,https://doi.org/10.1093/rfs/hhac058,paywalled,未找到开放获取副本
review-of-financial-studies,2022,Benchmarking Intensity,https://doi.org/10.1093/rfs/hhac055,https://doi.org/10.1093/rfs/hhac055,failed,HTTP 403
review-of-financial-studies,2022,Macroeconomic Attention and Announcement Risk Premia,https://doi.org/10.1093/rfs/hhac011,https://doi.org/10.1093/rfs/hhac011,failed,HTTP 403
review-of-financial-studies,2022,The Distribution of Nonwage Benefits: Maternity Benefits and Gender Diversity,https://doi.org/10.1093/rfs/hhac039,https://doi.org/10.1093/rfs/hhac039,paywalled,未找到开放获取副本
review-of-financial-studies,2022,Man versus Machine Learning: The Term Structure of Earnings Expectations and Conditional Biases,https://doi.org/10.1093/rfs/hhac085,https://doi.org/10.1093/rfs/hhac085,failed,HTTP 403
review-of-financial-studies,2022,The Effect of Stock Liquidity on the Firm’s Investment and Production,https://doi.org/10.1093/rfs/hhac036,https://doi.org/10.1093/rfs/hhac036,paywalled,未找到开放获取副本
review-of-financial-studies,2022,Are Intermediary Constraints Priced?,https://doi.org/10.1093/rfs/hhac050,https://doi.org/10.1093/rfs/hhac050,paywalled,未找到开放获取副本
review-of-financial-studies,2022,High Inflation: Low Default Risk and Low Equity Valuations,https://doi.org/10.1093/rfs/hhac021,https://doi.org/10.1093/rfs/hhac021,failed,HTTP 403
review-of-financial-studies,2022,The Value of Differing Points of View: Evidence from Financial Analysts’ Geographic Diversity,https://doi.org/10.1093/rfs/hhac033,https://doi.org/10.1093/rfs/hhac033,paywalled,未找到开放获取副本
review-of-financial-studies,2022,Regulatory Limits to Risk Management,https://doi.org/10.1093/rfs/hhac083,https://doi.org/10.1093/rfs/hhac083,paywalled,未找到开放获取副本
review-of-financial-studies,2022,Labor Force Demographics and Corporate Innovation,https://doi.org/10.1093/rfs/hhac079,https://doi.org/10.1093/rfs/hhac079,paywalled,未找到开放获取副本
review-of-financial-studies,2022,Decision Weights for Experimental Asset Prices Based on Visual Salience,https://doi.org/10.1093/rfs/hhac027,https://doi.org/10.1093/rfs/hhac027,failed,HTTP 403
review-of-financial-studies,2022,Horizon Bias and the Term Structure of Equity Returns,https://doi.org/10.1093/rfs/hhac032,https://doi.org/10.1093/rfs/hhac032,paywalled,non-pdf-content
review-of-financial-studies,2022,The Dynamics of Disagreement,https://doi.org/10.1093/rfs/hhac075,https://doi.org/10.1093/rfs/hhac075,failed,HTTP 403
review-of-financial-studies,2022,Redemption in Kind and Mutual Fund Liquidity Management,https://doi.org/10.1093/rfs/hhac080,https://doi.org/10.1093/rfs/hhac080,paywalled,未找到开放获取副本
review-of-financial-studies,2022,Risk Price Variation: The Missing Half of Empirical Asset Pricing,https://doi.org/10.1093/rfs/hhac012,https://doi.org/10.1093/rfs/hhac012,paywalled,未找到开放获取副本
review-of-financial-studies,2022,Order Flows and Financial Investor Impacts in Commodity Futures Markets,https://doi.org/10.1093/rfs/hhac008,https://doi.org/10.1093/rfs/hhac008,paywalled,未找到开放获取副本
review-of-financial-studies,2022,Illiquidity and Higher Cumulants,https://doi.org/10.1093/rfs/hhac069,https://doi.org/10.1093/rfs/hhac069,paywalled,non-pdf-content
review-of-financial-studies,2022,From Market Making to Matchmaking: Does Bank Regulation Harm Market Liquidity?,https://doi.org/10.1093/rfs/hhac068,https://doi.org/10.1093/rfs/hhac068,failed,HTTP 403
review-of-financial-studies,2022,How Fast Do Investors Learn? Asset Management Investors and Bayesian Learning,https://doi.org/10.1093/rfs/hhac086,https://doi.org/10.1093/rfs/hhac086,paywalled,未找到开放获取副本
review-of-financial-studies,2022,What Drives Momentum and Reversal? Evidence from Day and Night Signals,https://doi.org/10.1093/rfs/hhag036,https://doi.org/10.1093/rfs/hhag036,failed,HTTP 403
review-of-financial-studies,2022,New Perspectives on Insurance,https://doi.org/10.1093/rfs/hhac063,https://doi.org/10.1093/rfs/hhac063,paywalled,未找到开放获取副本
review-of-financial-studies,2022,Finding Fortune: How Do Institutional Investors Pick Asset Managers?,https://doi.org/10.1093/rfs/hhac090,https://doi.org/10.1093/rfs/hhac090,failed,网络错误 [Errno 54] Connection reset by peer
review-of-financial-studies,2022,A Model-Free Term Structure of U.S. Dividend Premiums,https://doi.org/10.1093/rfs/hhac035,https://doi.org/10.1093/rfs/hhac035,paywalled,未找到开放获取副本
review-of-financial-studies,2022,Risking or Derisking: How Management Fees Affect Hedge Fund Risk-Taking Choices,https://doi.org/10.1093/rfs/hhac046,https://doi.org/10.1093/rfs/hhac046,paywalled,未找到开放获取副本
review-of-financial-studies,2022,Persistent Crises and Levered Asset Prices,https://doi.org/10.1093/rfs/hhac081,https://doi.org/10.1093/rfs/hhac081,paywalled,未找到开放获取副本
review-of-financial-studies,2022,Pricing Implications of Noise,https://doi.org/10.1093/rfs/hhac082,https://doi.org/10.1093/rfs/hhac082,paywalled,未找到开放获取副本
review-of-financial-studies,2022,Trendy Business Cycles and Asset Prices,https://doi.org/10.1093/rfs/hhac084,https://doi.org/10.1093/rfs/hhac084,paywalled,未找到开放获取副本
review-of-financial-studies,2022,Global Portfolio Rebalancing and Exchange Rates,https://doi.org/10.1093/rfs/hhac023,https://doi.org/10.1093/rfs/hhac023,failed,HTTP 403
review-of-financial-studies,2021,Climate Change and Long-Run Discount Rates: Evidence from Real Estate,https://doi.org/10.1093/rfs/hhab032,https://doi.org/10.1093/rfs/hhab032,failed,HTTP 403
review-of-financial-studies,2021,The Use and Misuse of Patent Data: Issues for Finance and Beyond,https://doi.org/10.1093/rfs/hhab084,https://doi.org/10.1093/rfs/hhab084,paywalled,未找到开放获取副本
review-of-financial-studies,2021,Asset Pricing with Fading Memory,https://doi.org/10.1093/rfs/hhab086,https://doi.org/10.1093/rfs/hhab086,failed,HTTP 404
review-of-financial-studies,2021,"Liquidity Restrictions, Runs, and Central Bank Interventions: Evidence from Money Market Funds",https://doi.org/10.1093/rfs/hhab065,https://doi.org/10.1093/rfs/hhab065,paywalled,non-pdf-content
review-of-financial-studies,2021,What Do Mutual Fund Investors Really Care About?,https://doi.org/10.1093/rfs/hhab081,https://doi.org/10.1093/rfs/hhab081,paywalled,未找到开放获取副本
review-of-financial-studies,2021,Extrapolative Bubbles and Trading Volume,https://doi.org/10.1093/rfs/hhab070,https://doi.org/10.1093/rfs/hhab070,failed,HTTP 403
review-of-financial-studies,2021,The Party Structure of Mutual Funds,https://doi.org/10.1093/rfs/hhab082,https://doi.org/10.1093/rfs/hhab082,paywalled,未找到开放获取副本
review-of-financial-studies,2021,Ratings-Driven Demand and Systematic Price Fluctuations,https://doi.org/10.1093/rfs/hhab104,https://doi.org/10.1093/rfs/hhab104,paywalled,未找到开放获取副本
review-of-financial-studies,2021,"What Moves Stock Prices? The Roles of News, Noise, and Information",https://doi.org/10.1093/rfs/hhab137,https://doi.org/10.1093/rfs/hhab137,paywalled,未找到开放获取副本
review-of-financial-studies,2021,Kicking the Can Down the Road: Government Interventions in the European Banking Sector,https://doi.org/10.1093/rfs/hhab002,https://doi.org/10.1093/rfs/hhab002,paywalled,non-pdf-content
review-of-financial-studies,2021,Biased by Choice: How Financial Constraints Can Reduce Financial Mistakes,https://doi.org/10.1093/rfs/hhab073,https://doi.org/10.1093/rfs/hhab073,paywalled,未找到开放获取副本
review-of-financial-studies,2021,Institutional Investors and Infrastructure Investing,https://doi.org/10.1093/rfs/hhab048,https://doi.org/10.1093/rfs/hhab048,failed,HTTP 403
review-of-financial-studies,2021,Swing Pricing and Fragility in Open-End Mutual Funds,https://doi.org/10.1093/rfs/hhab022,https://doi.org/10.1093/rfs/hhab022,failed,HTTP 403
review-of-financial-studies,2021,Dark Pool Trading and Information Acquisition,https://doi.org/10.1093/rfs/hhab098,https://doi.org/10.1093/rfs/hhab098,paywalled,未找到开放获取副本
review-of-financial-studies,2021,The Equilibrium Consequences of Indexing,https://doi.org/10.1093/rfs/hhab106,https://doi.org/10.1093/rfs/hhab106,paywalled,未找到开放获取副本
review-of-financial-studies,2021,A Model of Two Days: Discrete News and Asset Prices,https://doi.org/10.1093/rfs/hhab080,https://doi.org/10.1093/rfs/hhab080,paywalled,未找到开放获取副本
review-of-financial-studies,2021,Can Shorts Predict Returns? A Global Perspective,https://doi.org/10.1093/rfs/hhab079,https://doi.org/10.1093/rfs/hhab079,paywalled,non-pdf-content
review-of-financial-studies,2021,Asset Price Dynamics with Limited Attention,https://doi.org/10.1093/rfs/hhab045,https://doi.org/10.1093/rfs/hhab045,failed,HTTP 403
review-of-financial-studies,2021,Idiosyncratic Risk in Housing Markets,https://doi.org/10.1093/rfs/hhab033,https://doi.org/10.1093/rfs/hhab033,paywalled,未找到开放获取副本
review-of-financial-studies,2021,Reconsidering Returns,https://doi.org/10.1093/rfs/hhab015,https://doi.org/10.1093/rfs/hhab015,paywalled,未找到开放获取副本
review-of-financial-studies,2021,"Personal Wealth, Self-Employment, and Business Ownership",https://doi.org/10.1093/rfs/hhab044,https://doi.org/10.1093/rfs/hhab044,paywalled,未找到开放获取副本
review-of-financial-studies,2021,The Unintended Consequences of Corporate Bond ETFs: Evidence from the Taper Tantrum,https://doi.org/10.1093/rfs/hhab031,https://doi.org/10.1093/rfs/hhab031,paywalled,未找到开放获取副本
review-of-financial-studies,2021,Gendered Prices,https://doi.org/10.1093/rfs/hhab046,https://doi.org/10.1093/rfs/hhab046,failed,HTTP 403
review-of-financial-studies,2021,Lest We Forget: Learn from Out-of-Sample Forecast Errors When Optimizing Portfolios,https://doi.org/10.1093/rfs/hhab041,https://doi.org/10.1093/rfs/hhab041,paywalled,未找到开放获取副本
review-of-financial-studies,2021,Intermediaries and Asset Prices: International Evidence since 1870,https://doi.org/10.1093/rfs/hhab077,https://doi.org/10.1093/rfs/hhab077,paywalled,未找到开放获取副本
review-of-financial-studies,2021,Disagreement in the Equity Options Market and Stock Returns,https://doi.org/10.1093/rfs/hhab078,https://doi.org/10.1093/rfs/hhab078,paywalled,未找到开放获取副本
review-of-financial-studies,2021,A Theory of Liquidity Spillover between Bond and CDS Markets,https://doi.org/10.1093/rfs/hhab094,https://doi.org/10.1093/rfs/hhab094,paywalled,未找到开放获取副本
review-of-financial-studies,2021,How Global Is Your Mutual Fund? International Diversification from Multinationals,https://doi.org/10.1093/rfs/hhab103,https://doi.org/10.1093/rfs/hhab103,paywalled,未找到开放获取副本
review-of-financial-studies,2021,Beyond Home Bias: International Portfolio Holdings and Information Heterogeneity,https://doi.org/10.1093/rfs/hhab135,https://doi.org/10.1093/rfs/hhab135,paywalled,non-pdf-content
review-of-financial-studies,2021,The Momentum Gap and Return Predictability,https://doi.org/10.1093/rfs/hhab093,https://doi.org/10.1093/rfs/hhab093,paywalled,未找到开放获取副本
review-of-financial-studies,2021,When a Master Dies: Speculation and Asset Float,https://doi.org/10.1093/rfs/hhab006,https://doi.org/10.1093/rfs/hhab006,failed,网络错误 [Errno 61] Connection refused
review-of-financial-studies,2021,"Stock Return Extrapolation, Option Prices, and Variance Risk Premium",https://doi.org/10.1093/rfs/hhab051,https://doi.org/10.1093/rfs/hhab051,paywalled,未找到开放获取副本
review-of-financial-studies,2021,Crowded Trades and Tail Risk,https://doi.org/10.1093/rfs/hhab107,https://doi.org/10.1093/rfs/hhab107,paywalled,未找到开放获取副本
review-of-financial-studies,2021,The Oligopoly Lucas Tree,https://doi.org/10.1093/rfs/hhab120,https://doi.org/10.1093/rfs/hhab120,paywalled,未找到开放获取副本
review-of-financial-studies,2021,The Equilibrium Consequences of Indexing,https://doi.org/10.1093/restud/hhab106,https://doi.org/10.1093/restud/hhab106,paywalled,未找到开放获取副本
review-of-financial-studies,2021,The State Price Density Implied by Crude Oil Futures and Option Prices,https://doi.org/10.1093/rfs/hhab011,https://doi.org/10.1093/rfs/hhab011,paywalled,未找到开放获取副本
review-of-financial-studies,2021,Dynamics of Research and Strategic Trading,https://doi.org/10.1093/rfs/hhab029,https://doi.org/10.1093/rfs/hhab029,paywalled,未找到开放获取副本
review-of-financial-studies,2021,What If Dividends Were Tax-Exempt? Evidence from a Natural Experiment,https://doi.org/10.1093/rfs/hhab010,https://doi.org/10.1093/rfs/hhab010,failed,HTTP 410
review-of-financial-studies,2021,Can Cross-Border Funding Frictions Explain Financial Integration Reversals?,https://doi.org/10.1093/rfs/hhab009,https://doi.org/10.1093/rfs/hhab009,paywalled,未找到开放获取副本
review-of-financial-studies,2021,The Real Effects of Secondary Market Trading Structure: Evidence from the Mortgage Market,https://doi.org/10.1093/rfs/hhab116,https://doi.org/10.1093/rfs/hhab116,paywalled,未找到开放获取副本
review-of-financial-studies,2021,Monitoring in Originate-to-Distribute Lending: Reputation versus Skin in the Game,https://doi.org/10.1093/rfs/hhab012,https://doi.org/10.1093/rfs/hhab012,paywalled,未找到开放获取副本
review-of-financial-studies,2021,Volatility Risk Pass-Through,https://doi.org/10.1093/rfs/hhab096,https://doi.org/10.1093/rfs/hhab096,paywalled,non-pdf-content
review-of-financial-studies,2021,Buy-Side Competition and Momentum Profits,https://doi.org/10.1093/rfs/hhab016,https://doi.org/10.1093/rfs/hhab016,paywalled,未找到开放获取副本
review-of-financial-studies,2021,Persistent Blessings of Luck: Theory and an Application to Venture Capital,https://doi.org/10.1093/rfs/hhab049,https://doi.org/10.1093/rfs/hhab049,paywalled,未找到开放获取副本
review-of-financial-studies,2021,"Private Information, Securities Lending, and Asset Prices",https://doi.org/10.1093/rfs/hhab043,https://doi.org/10.1093/rfs/hhab043,paywalled,未找到开放获取副本
review-of-financial-studies,2021,Do Investment-Based Models Explain Equity Returns? Evidence from Euler Equations,https://doi.org/10.1093/rfs/hhab099,https://doi.org/10.1093/rfs/hhab099,paywalled,未找到开放获取副本
review-of-financial-studies,2021,Monetary Policy Risk: Rules versus Discretion,https://doi.org/10.1093/rfs/hhab090,https://doi.org/10.1093/rfs/hhab090,paywalled,未找到开放获取副本
review-of-financial-studies,2021,Efficiency of Dynamic Portfolio Choices: An Experiment,https://doi.org/10.1093/rfs/hhab071,https://doi.org/10.1093/rfs/hhab071,paywalled,未找到开放获取副本
review-of-financial-studies,2021,How Should Performance Signals Affect Contracts?,https://doi.org/10.1093/rfs/hhab026,https://doi.org/10.1093/rfs/hhab026,failed,"网络错误 [Errno 8] nodename nor servname provided, or not known"
review-of-financial-studies,2021,Does Career Risk Deter Potential Entrepreneurs?,https://doi.org/10.1093/rfs/hhab105,https://doi.org/10.1093/rfs/hhab105,failed,HTTP 403
review-of-financial-studies,2021,The Annual Report of the Society for Financial Studies for 2019–2020,https://doi.org/10.1093/rfs/hhab007,https://doi.org/10.1093/rfs/hhab007,paywalled,未找到开放获取副本
review-of-financial-studies,2020,Empirical Asset Pricing via Machine Learning,https://doi.org/10.1093/rfs/hhaa009,https://doi.org/10.1093/rfs/hhaa009,failed,HTTP 403
review-of-financial-studies,2020,Carbon Tail Risk,https://doi.org/10.1093/rfs/hhaa071,https://doi.org/10.1093/rfs/hhaa071,paywalled,non-pdf-content
review-of-financial-studies,2020,When Selling Becomes Viral: Disruptions in Debt Markets in the COVID-19 Crisis and the Fed’s Response,https://doi.org/10.1093/rfs/hhaa145,https://doi.org/10.1093/rfs/hhaa145,failed,HTTP 403
review-of-financial-studies,2020,Factors That Fit the Time Series and Cross-Section of Stock Returns,https://doi.org/10.1093/rfs/hhaa020,https://doi.org/10.1093/rfs/hhaa020,paywalled,未找到开放获取副本
review-of-financial-studies,2020,The Rise of Shadow Banking: Evidence from Capital Regulation,https://doi.org/10.1093/rfs/hhaa106,https://doi.org/10.1093/rfs/hhaa106,failed,HTTP 403
review-of-financial-studies,2020,Do Foreign Institutional Investors Improve Price Efficiency?,https://doi.org/10.1093/rfs/hhaa076,https://doi.org/10.1093/rfs/hhaa076,failed,HTTP 404
review-of-financial-studies,2020,Decentralizing Money: Bitcoin Prices and Blockchain Security,https://doi.org/10.1093/rfs/hhaa149,https://doi.org/10.1093/rfs/hhaa149,failed,HTTP 404
review-of-financial-studies,2020,Anomalies and False Rejections,https://doi.org/10.1093/rfs/hhaa018,https://doi.org/10.1093/rfs/hhaa018,failed,HTTP 202
review-of-financial-studies,2020,Innovation and Informed Trading: Evidence from Industry ETFs,https://doi.org/10.1093/rfs/hhaa077,https://doi.org/10.1093/rfs/hhaa077,paywalled,未找到开放获取副本
review-of-financial-studies,2020,Do Minorities Pay More for Mortgages?,https://doi.org/10.1093/rfs/hhaa047,https://doi.org/10.1093/rfs/hhaa047,failed,HTTP 403
review-of-financial-studies,2020,Options Trading Costs Are Lower than You Think,https://doi.org/10.1093/rfs/hhaa010,https://doi.org/10.1093/rfs/hhaa010,failed,HTTP 403
review-of-financial-studies,2020,Models or Stars: The Role of Asset Pricing Models and Heuristics in Investor Risk Adjustment,https://doi.org/10.1093/rfs/hhaa043,https://doi.org/10.1093/rfs/hhaa043,paywalled,未找到开放获取副本
review-of-financial-studies,2020,The Economics of the Fed Put,https://doi.org/10.1093/rfs/hhaa116,https://doi.org/10.1093/rfs/hhaa116,paywalled,non-pdf-content
review-of-financial-studies,2020,"Taper Tantrums: Quantitative Easing, Its Aftermath, and Emerging Market Capital Flows",https://doi.org/10.1093/rfs/hhaa044,https://doi.org/10.1093/rfs/hhaa044,paywalled,未找到开放获取副本
review-of-financial-studies,2020,Information Revealed through the Regulatory Process: Interactions between the SEC and Companies ahead of Their IPO,https://doi.org/10.1093/rfs/hhaa007,https://doi.org/10.1093/rfs/hhaa007,paywalled,未找到开放获取副本
review-of-financial-studies,2020,Thousands of Alpha Tests,https://doi.org/10.1093/rfs/hhaa111,https://doi.org/10.1093/rfs/hhaa111,paywalled,未找到开放获取副本
review-of-financial-studies,2020,Review Article: Perspectives on the Future of Asset Pricing,https://doi.org/10.1093/rfs/hhaa129,https://doi.org/10.1093/rfs/hhaa129,failed,HTTP 403
review-of-financial-studies,2020,Microstructure in the Machine Age,https://doi.org/10.1093/rfs/hhaa078,https://doi.org/10.1093/rfs/hhaa078,paywalled,未找到开放获取副本
review-of-financial-studies,2020,Arbitrage Portfolios,https://doi.org/10.1093/rfs/hhaa102,https://doi.org/10.1093/rfs/hhaa102,paywalled,未找到开放获取副本
review-of-financial-studies,2020,Factor Timing,https://doi.org/10.1093/rfs/hhaa017,https://doi.org/10.1093/rfs/hhaa017,paywalled,未找到开放获取副本
review-of-financial-studies,2020,New Methods for the Cross-Section of Returns,https://doi.org/10.1093/rfs/hhaa019,https://doi.org/10.1093/rfs/hhaa019,paywalled,未找到开放获取副本
review-of-financial-studies,2020,Out-of-Sample Performance of Mutual Fund Predictors,https://doi.org/10.1093/rfs/hhaa026,https://doi.org/10.1093/rfs/hhaa026,paywalled,未找到开放获取副本
review-of-financial-studies,2020,Household Portfolio Underdiversification and Probability Weighting: Evidence from the Field,https://doi.org/10.1093/rfs/hhaa131,https://doi.org/10.1093/rfs/hhaa131,failed,HTTP 403
review-of-financial-studies,2020,"Demand for Information, Uncertainty, and the Response of U.S. Treasury Securities to News",https://doi.org/10.1093/rfs/hhaa072,https://doi.org/10.1093/rfs/hhaa072,paywalled,未找到开放获取副本
review-of-financial-studies,2020,Does Option Trading Have a Pervasive Impact on Underlying Stock Prices?,https://doi.org/10.1093/rfs/hhaa082,https://doi.org/10.1093/rfs/hhaa082,paywalled,未找到开放获取副本
review-of-financial-studies,2020,Illiquidity and Stock Returns II: Cross-section and Time-series Effects,https://doi.org/10.1093/rfs/hhaa080,https://doi.org/10.1093/rfs/hhaa080,paywalled,未找到开放获取副本
review-of-financial-studies,2020,Renting Balance Sheet Space: Intermediary Balance Sheet Rental Costs and the Valuation of Derivatives,https://doi.org/10.1093/rfs/hhaa033,https://doi.org/10.1093/rfs/hhaa033,paywalled,未找到开放获取副本
review-of-financial-studies,2020,Mortgage Securitization and Shadow Bank Lending,https://doi.org/10.1093/rfs/hhaa088,https://doi.org/10.1093/rfs/hhaa088,failed,HTTP 403
review-of-financial-studies,2020,Sharing the Pain? Credit Supply and Real Effects of Bank Bail-ins,https://doi.org/10.1093/rfs/hhaa067,https://doi.org/10.1093/rfs/hhaa067,failed,HTTP 403
review-of-financial-studies,2020,Implied Stochastic Volatility Models,https://doi.org/10.1093/rfs/hhaa041,https://doi.org/10.1093/rfs/hhaa041,paywalled,未找到开放获取副本
review-of-financial-studies,2020,Break Risk,https://doi.org/10.1093/rfs/hhaa084,https://doi.org/10.1093/rfs/hhaa084,paywalled,未找到开放获取副本
review-of-financial-studies,2020,Rules versus Discretion in Bank Resolution,https://doi.org/10.1093/rfs/hhaa032,https://doi.org/10.1093/rfs/hhaa032,failed,HTTP 404
review-of-financial-studies,2020,"Uncertainty, Investor Sentiment, and Innovation",https://doi.org/10.1093/rfs/hhaa065,https://doi.org/10.1093/rfs/hhaa065,paywalled,未找到开放获取副本
review-of-financial-studies,2020,Momentum and Reversals When Overconfident Investors Underestimate Their Competition,https://doi.org/10.1093/rfs/hhaa016,https://doi.org/10.1093/rfs/hhaa016,paywalled,未找到开放获取副本
review-of-financial-studies,2020,How Do Consumers Fare When Dealing with Debt Collectors? Evidence from Out-of-Court Settlements,https://doi.org/10.1093/rfs/hhaa085,https://doi.org/10.1093/rfs/hhaa085,failed,HTTP 403
review-of-financial-studies,2020,How Much Information Is Incorporated into Financial Asset Prices? Experimental Evidence,https://doi.org/10.1093/rfs/hhaa143,https://doi.org/10.1093/rfs/hhaa143,failed,HTTP 403
review-of-financial-studies,2020,Equity Is Cheap for Large Financial Institutions,https://doi.org/10.1093/rfs/hhaa001,https://doi.org/10.1093/rfs/hhaa001,paywalled,未找到开放获取副本
review-of-financial-studies,2020,Demand Effects in the FX Forward Market: Micro Evidence from Banks’ Dollar Hedging,https://doi.org/10.1093/rfs/hhaa123,https://doi.org/10.1093/rfs/hhaa123,paywalled,未找到开放获取副本
review-of-financial-studies,2020,The Chinese Warrants Bubble: Evidence from Brokerage Account Records,https://doi.org/10.1093/rfs/hhaa037,https://doi.org/10.1093/rfs/hhaa037,failed,HTTP 403
review-of-financial-studies,2020,Minimum Wages and Consumer Credit: Effects on Access and Borrowing,https://doi.org/10.1093/rfs/hhaa091,https://doi.org/10.1093/rfs/hhaa091,paywalled,未找到开放获取副本
review-of-financial-studies,2020,Implications of Stochastic Transmission Rates for Managing Pandemic Risks,https://doi.org/10.1093/rfs/hhaa132,https://doi.org/10.1093/rfs/hhaa132,paywalled,non-pdf-content
review-of-financial-studies,2020,Experience Does Not Eliminate Bubbles: Experimental Evidence,https://doi.org/10.1093/rfs/hhaa121,https://doi.org/10.1093/rfs/hhaa121,failed,HTTP 403
review-of-financial-studies,2020,Best Buys and Own Brands: Investment Platforms’ Recommendations of Mutual Funds,https://doi.org/10.1093/rfs/hhaa057,https://doi.org/10.1093/rfs/hhaa057,paywalled,未找到开放获取副本
review-of-financial-studies,2020,Firm Characteristics and Empirical Factor Models: A Model Mining Experiment,https://doi.org/10.1093/rfs/hhaa126,https://doi.org/10.1093/rfs/hhaa126,paywalled,未找到开放获取副本
review-of-financial-studies,2020,Untangling the Value Premium with Labor Shares,https://doi.org/10.1093/rfs/hhaa022,https://doi.org/10.1093/rfs/hhaa022,paywalled,未找到开放获取副本
review-of-financial-studies,2020,Public Market Players in the Private World: Implications for the Going-Public Process,https://doi.org/10.1093/rfs/hhaa092,https://doi.org/10.1093/rfs/hhaa092,failed,HTTP 403
review-of-financial-studies,2020,Derivatives Supply and Corporate Hedging: Evidence from the Safe Harbor Reform of 2005,https://doi.org/10.1093/rfs/hhaa015,https://doi.org/10.1093/rfs/hhaa015,paywalled,未找到开放获取副本
review-of-financial-studies,2020,Mutual Fund Trading Style and Bond Market Fragility,https://doi.org/10.1093/rfs/hhaa120,https://doi.org/10.1093/rfs/hhaa120,failed,HTTP 403
review-of-financial-studies,2020,Collateral Runs,https://doi.org/10.1093/rfs/hhaa139,https://doi.org/10.1093/rfs/hhaa139,paywalled,未找到开放获取副本
review-of-financial-studies,2020,The PPP View of Multihorizon Currency Risk Premiums,https://doi.org/10.1093/rfs/hhaa114,https://doi.org/10.1093/rfs/hhaa114,paywalled,未找到开放获取副本
review-of-financial-studies,2020,Funding Constraints and Informational Efficiency,https://doi.org/10.1093/rfs/hhaa124,https://doi.org/10.1093/rfs/hhaa124,paywalled,未找到开放获取副本
review-of-financial-studies,2020,How is Liquidity Priced in Global Markets?,https://doi.org/10.1093/rfs/hhaa125,https://doi.org/10.1093/rfs/hhaa125,paywalled,未找到开放获取副本
review-of-financial-studies,2020,Investor Protection and Capital Fragility: Evidence from Hedge Funds around the World,https://doi.org/10.1093/rfs/hhaa051,https://doi.org/10.1093/rfs/hhaa051,paywalled,未找到开放获取副本
review-of-financial-studies,2020,What Do Fund Flows Reveal about Asset Pricing Models and Investor Sophistication?,https://doi.org/10.1093/rfs/hhaa045,https://doi.org/10.1093/rfs/hhaa045,failed,HTTP 403
review-of-financial-studies,2020,Shareholder Perks and Firm Value,https://doi.org/10.1093/rfs/hhaa141,https://doi.org/10.1093/rfs/hhaa141,paywalled,未找到开放获取副本
review-of-financial-studies,2020,Portfolio Liquidity and Security Design with Private Information,https://doi.org/10.1093/rfs/hhaa147,https://doi.org/10.1093/rfs/hhaa147,paywalled,non-pdf-content
review-of-financial-studies,2020,"Information Choice, Uncertainty, and Expected Returns",https://doi.org/10.1093/rfs/hhaa146,https://doi.org/10.1093/rfs/hhaa146,paywalled,未找到开放获取副本
review-of-financial-studies,2020,Home Equity and Labor Income: The Role of Constrained Mobility,https://doi.org/10.1093/rfs/hhaa136,https://doi.org/10.1093/rfs/hhaa136,paywalled,未找到开放获取副本
review-of-financial-studies,2020,"Winners, Losers, and Regulators in a Derivatives Market Bubble",https://doi.org/10.1093/rfs/hhaa058,https://doi.org/10.1093/rfs/hhaa058,paywalled,未找到开放获取副本
review-of-financial-studies,2020,Where Has All the Data Gone?,https://doi.org/10.1093/rfs/hhab110,https://doi.org/10.1093/rfs/hhab110,failed,HTTP 403
review-of-financial-studies,2020,Editor’s Note: Introducing the Review Article “Perspectives on the Future of Asset Pricing”,https://doi.org/10.1093/rfs/hhaa137,https://doi.org/10.1093/rfs/hhaa137,paywalled,未找到开放获取副本
siam-journal-on-financial-mathematics,2026,Optimal Consumption under Relaxed Benchmark Tracking and Consumption Drawdown Constraint,https://doi.org/10.1137/25m1728375,https://doi.org/10.1137/25m1728375,paywalled,未找到开放获取副本
siam-journal-on-financial-mathematics,2026,Optimal Reinsurance Design under the Moment-Based Premium Principle: A Representative Reinsurer’s Perspective,https://doi.org/10.1137/23m1625093,https://doi.org/10.1137/23m1625093,paywalled,未找到开放获取副本
siam-journal-on-financial-mathematics,2026,Perpetual American Options in a Jump-Diffusion Model with Random Inspection,https://doi.org/10.1137/24m172055x,https://doi.org/10.1137/24m172055x,paywalled,未找到开放获取副本
siam-journal-on-financial-mathematics,2026,Unbiased Simulation of Asian Options,https://doi.org/10.1137/25m1758441,https://doi.org/10.1137/25m1758441,paywalled,未找到开放获取副本
siam-journal-on-financial-mathematics,2026,Time-Causal VAE: Robust Financial Time Series Generator,https://doi.org/10.1137/24m1711650,https://doi.org/10.1137/24m1711650,paywalled,未找到开放获取副本
siam-journal-on-financial-mathematics,2026,Price Impact and Long-Term Profitability of Energy Storage,https://doi.org/10.1137/25m1752638,https://doi.org/10.1137/25m1752638,paywalled,未找到开放获取副本
siam-journal-on-financial-mathematics,2026,Dual Representations for Quasiconvex Compositions with Applications to Systemic Risk Measures,https://doi.org/10.1137/24m1672687,https://doi.org/10.1137/24m1672687,paywalled,未找到开放获取副本
siam-journal-on-financial-mathematics,2026,Kullback–Leibler Barycenter of Stochastic Processes,https://doi.org/10.1137/24m1682877,https://doi.org/10.1137/24m1682877,paywalled,未找到开放获取副本
siam-journal-on-financial-mathematics,2026,Short Communication: Martingale Expansion for Stochastic Volatility,https://doi.org/10.1137/26m1841318,https://doi.org/10.1137/26m1841318,paywalled,未找到开放获取副本
siam-journal-on-financial-mathematics,2026,Wasserstein Ergodicity of a Chen-Type Model with Correlated Noise,https://doi.org/10.1137/25m1723736,https://doi.org/10.1137/25m1723736,paywalled,未找到开放获取副本
siam-journal-on-financial-mathematics,2026,Collateralized Networks with Two Interacting Channels of Fire Sales,https://doi.org/10.1137/25m1764189,https://doi.org/10.1137/25m1764189,paywalled,未找到开放获取副本
siam-journal-on-financial-mathematics,2026,Global Convergence of Deep Galerkin and PINN Methods for Solving Partial Differential Equations,https://doi.org/10.1137/24m1701502,https://doi.org/10.1137/24m1701502,paywalled,未找到开放获取副本
siam-journal-on-financial-mathematics,2025,Brokers and Informed Traders: Dealing with Toxic Flow and Extracting Trading Signals,https://doi.org/10.1137/24m1660243,https://doi.org/10.1137/24m1660243,paywalled,未找到开放获取副本
siam-journal-on-financial-mathematics,2025,A Mean Field Game between Informed Traders and a Broker,https://doi.org/10.1137/24m1630414,https://doi.org/10.1137/24m1630414,paywalled,未找到开放获取副本
siam-journal-on-financial-mathematics,2025,A Mathematical Framework for Modeling Order Book Dynamics,https://doi.org/10.1137/22m1541538,https://doi.org/10.1137/22m1541538,paywalled,未找到开放获取副本
siam-journal-on-financial-mathematics,2025,Short Communication: Finding the Nonnegative Minimal Solutions of Cauchy PDEs in a Volatility-Stabilized Market,https://doi.org/10.1137/25m1729216,https://doi.org/10.1137/25m1729216,paywalled,未找到开放获取副本
siam-journal-on-financial-mathematics,2025,Multicausal Transport: Barycenters and Dynamic Matching,https://doi.org/10.1137/24m1634096,https://doi.org/10.1137/24m1634096,paywalled,未找到开放获取副本
siam-journal-on-financial-mathematics,2025,Collective Free Lunch and the FTAP,https://doi.org/10.1137/24m1693039,https://doi.org/10.1137/24m1693039,paywalled,non-pdf-content
siam-journal-on-financial-mathematics,2025,Market Making with Exogenous Competition,https://doi.org/10.1137/24m1679811,https://doi.org/10.1137/24m1679811,paywalled,未找到开放获取副本
siam-journal-on-financial-mathematics,2025,Propagation of a Carbon Price in a Credit Portfolio through Macroeconomic Factors,https://doi.org/10.1137/24m1655718,https://doi.org/10.1137/24m1655718,paywalled,未找到开放获取副本
siam-journal-on-financial-mathematics,2025,Short Communication: An Integral Equation in Portfolio Selection with Time-Inconsistent Preferences,https://doi.org/10.1137/24m170301x,https://doi.org/10.1137/24m170301x,paywalled,未找到开放获取副本
siam-journal-on-financial-mathematics,2025,Dispersion-Constrained Martingale Schrödinger Bridges: Joint Entropic Calibration of Stochastic Volatility Models to S&amp;P 500 and VIX Smiles,https://doi.org/10.1137/22m1511242,https://doi.org/10.1137/22m1511242,paywalled,未找到开放获取副本
siam-journal-on-financial-mathematics,2025,Weak Error Rates for Numerical Schemes of Nonsingular Stochastic Volterra Equations with Application to Stochastic Volatility Models,https://doi.org/10.1137/23m155671x,https://doi.org/10.1137/23m155671x,paywalled,non-pdf-content
siam-journal-on-financial-mathematics,2025,Stackelberg Reinsurance and Premium Decisions with MV Criterion and Irreversibility,https://doi.org/10.1137/24m1636587,https://doi.org/10.1137/24m1636587,paywalled,未找到开放获取副本
siam-journal-on-financial-mathematics,2025,Shortfall Aversion On A Finite Horizon,https://doi.org/10.1137/22m1543008,https://doi.org/10.1137/22m1543008,failed,HTTP 403
siam-journal-on-financial-mathematics,2025,The Checkerboard Copula and Dependence Concepts,https://doi.org/10.1137/24m1656645,https://doi.org/10.1137/24m1656645,paywalled,未找到开放获取副本
siam-journal-on-financial-mathematics,2025,Calibration of the Bass Local Volatility Model,https://doi.org/10.1137/23m1622660,https://doi.org/10.1137/23m1622660,paywalled,未找到开放获取副本
siam-journal-on-financial-mathematics,2025,Gradient-Enhanced Sparse Hermite Polynomial Expansions for Pricing and Hedging High-Dimensional American Options,https://doi.org/10.1137/24m1659066,https://doi.org/10.1137/24m1659066,paywalled,未找到开放获取副本
siam-journal-on-financial-mathematics,2025,Asian Options for Local-Stochastic Volatility Models in the Short-Maturity Regime,https://doi.org/10.1137/25m1729629,https://doi.org/10.1137/25m1729629,paywalled,未找到开放获取副本
siam-journal-on-financial-mathematics,2025,Carbon Neutrality and Net-Zero Regulation,https://doi.org/10.1137/24m1701149,https://doi.org/10.1137/24m1701149,paywalled,未找到开放获取副本
siam-journal-on-financial-mathematics,2025,Short Communication: A Note on Robust Risk-Sharing with Convex Risk Measures,https://doi.org/10.1137/24m1715258,https://doi.org/10.1137/24m1715258,paywalled,未找到开放获取副本
siam-journal-on-financial-mathematics,2025,A Subgame Perfect Equilibrium Reinforcement Learning Approach to Time-Inconsistent Problems,https://doi.org/10.1137/23m1594510,https://doi.org/10.1137/23m1594510,paywalled,未找到开放获取副本
siam-journal-on-financial-mathematics,2025,Robust Market Convergence: From Discrete to Continuous Time,https://doi.org/10.1137/24m1652143,https://doi.org/10.1137/24m1652143,paywalled,未找到开放获取副本
siam-journal-on-financial-mathematics,2025,Optimal Loss Reporting in Continuous Time with Full Insurance,https://doi.org/10.1137/24m1658206,https://doi.org/10.1137/24m1658206,paywalled,未找到开放获取副本
siam-journal-on-financial-mathematics,2025,Short Communication: Radner Equilibrium with Population Growth,https://doi.org/10.1137/24m1708644,https://doi.org/10.1137/24m1708644,paywalled,未找到开放获取副本
siam-journal-on-financial-mathematics,2025,Model-Free Analysis of Dynamic Trading Strategies,https://doi.org/10.1137/23m1581881,https://doi.org/10.1137/23m1581881,paywalled,未找到开放获取副本
siam-journal-on-financial-mathematics,2025,On Conditioning and Consistency for Nonlinear Functionals,https://doi.org/10.1137/24m1687704,https://doi.org/10.1137/24m1687704,paywalled,non-pdf-content
siam-journal-on-financial-mathematics,2025,Multiagent Relative Investment Games in a Jump Diffusion Market with Deep Reinforcement Learning Algorithm,https://doi.org/10.1137/24m1655044,https://doi.org/10.1137/24m1655044,paywalled,未找到开放获取副本
siam-journal-on-financial-mathematics,2025,Short Communication: A Groundwater Market Model,https://doi.org/10.1137/25m1727758,https://doi.org/10.1137/25m1727758,paywalled,未找到开放获取副本
siam-journal-on-financial-mathematics,2025,Explicit Option Pricing with Additive Processes,https://doi.org/10.1137/23m1621241,https://doi.org/10.1137/23m1621241,paywalled,未找到开放获取副本
siam-journal-on-financial-mathematics,2025,Retirement Decision with Addictive Habit Persistence in a Jump Diffusion Market,https://doi.org/10.1137/23m1591116,https://doi.org/10.1137/23m1591116,paywalled,未找到开放获取副本
siam-journal-on-financial-mathematics,2025,Computation of Robust Option Prices via Structured Multimarginal Martingale Optimal Transport,https://doi.org/10.1137/24m1670573,https://doi.org/10.1137/24m1670573,paywalled,未找到开放获取副本
siam-journal-on-financial-mathematics,2025,Central Limit Theorems for Price-Mediated Contagion in Stochastic Financial Networks,https://doi.org/10.1137/24m1647655,https://doi.org/10.1137/24m1647655,paywalled,未找到开放获取副本
siam-journal-on-financial-mathematics,2025,Short Communication: Equilibrium Mean-Variance Dividend Rate Strategies,https://doi.org/10.1137/25m1743788,https://doi.org/10.1137/25m1743788,paywalled,未找到开放获取副本
siam-journal-on-financial-mathematics,2025,Time-Consistent Reinforcement Learning for Optimal Consumption Under Epstein–Zin Preferences,https://doi.org/10.1137/23m1564626,https://doi.org/10.1137/23m1564626,paywalled,未找到开放获取副本
siam-journal-on-financial-mathematics,2025,Convex Ordering for Stochastic Control: The (Path Dependent) Swing Contracts Case,https://doi.org/10.1137/24m1669293,https://doi.org/10.1137/24m1669293,paywalled,未找到开放获取副本
siam-journal-on-financial-mathematics,2025,Signature Methods in Stochastic Portfolio Theory,https://doi.org/10.1137/24m1700223,https://doi.org/10.1137/24m1700223,paywalled,未找到开放获取副本
siam-journal-on-financial-mathematics,2025,Volatility Parametrizations with Random Coefficients: Analytic Flexibility for Implied Volatility Surfaces,https://doi.org/10.1137/24m1713107,https://doi.org/10.1137/24m1713107,paywalled,未找到开放获取副本
siam-journal-on-financial-mathematics,2024,Short Communication: Optimal Insurance to Maximize Exponential Utility When Premium Is Computed by a Convex Functional,https://doi.org/10.1137/23m1601237,https://doi.org/10.1137/23m1601237,paywalled,未找到开放获取副本
siam-journal-on-financial-mathematics,2024,Optimal Consumption with Loss Aversion and Reference to Past Spending Maximum,https://doi.org/10.1137/22m149212x,https://doi.org/10.1137/22m149212x,failed,网络错误 [Errno 54] Connection reset by peer
siam-journal-on-financial-mathematics,2024,Deep Signature Algorithm for Multidimensional Path-Dependent Options,https://doi.org/10.1137/23m1571563,https://doi.org/10.1137/23m1571563,paywalled,未找到开放获取副本
siam-journal-on-financial-mathematics,2024,"Fully Dynamic Risk Measures: Horizon Risk, Time-Consistency, and Relations with BSDEs and BSVIEs",https://doi.org/10.1137/23m1546804,https://doi.org/10.1137/23m1546804,paywalled,未找到开放获取副本
siam-journal-on-financial-mathematics,2024,Reconciling Rough Volatility with Jumps,https://doi.org/10.1137/23m1558847,https://doi.org/10.1137/23m1558847,paywalled,未找到开放获取副本
siam-journal-on-financial-mathematics,2024,A Two-Person Zero-Sum Game Approach for a Retirement Decision with Borrowing Constraints,https://doi.org/10.1137/22m1528124,https://doi.org/10.1137/22m1528124,paywalled,未找到开放获取副本
siam-journal-on-financial-mathematics,2024,Partial Hedging in Rough Volatility Models,https://doi.org/10.1137/23m1583090,https://doi.org/10.1137/23m1583090,paywalled,未找到开放获取副本
siam-journal-on-financial-mathematics,2024,Relative Wealth Concerns with Partial Information and Heterogeneous Priors,https://doi.org/10.1137/22m1508625,https://doi.org/10.1137/22m1508625,paywalled,未找到开放获取副本
siam-journal-on-financial-mathematics,2024,Time-Inconsistent Mean Field and \({n}\)-Agent Games under Relative Performance Criteria,https://doi.org/10.1137/22m1533219,https://doi.org/10.1137/22m1533219,paywalled,未找到开放获取副本
siam-journal-on-financial-mathematics,2024,Optimal Reinsurance Arrangement Under Heterogeneous Beliefs: A Unified Method with Piecewise Modification,https://doi.org/10.1137/23m1623859,https://doi.org/10.1137/23m1623859,paywalled,未找到开放获取副本
siam-journal-on-financial-mathematics,2024,Generalized Optimized Certainty Equivalent with Applications in the Rank-Dependent Utility Model,https://doi.org/10.1137/21m1448276,http://dx.doi.org/10.1137/21m1448276,paywalled,未找到开放获取副本
siam-journal-on-financial-mathematics,2024,Adaptive Optimal Market Making Strategies with Inventory Liquidation Cost,https://doi.org/10.1137/23m1571058,https://doi.org/10.1137/23m1571058,paywalled,non-pdf-content
siam-journal-on-financial-mathematics,2024,Approximation Rates for Deep Calibration of (Rough) Stochastic Volatility Models,https://doi.org/10.1137/23m1606769,https://doi.org/10.1137/23m1606769,paywalled,未找到开放获取副本
siam-journal-on-financial-mathematics,2024,On Robust Fundamental Theorems of Asset Pricing in Discrete Time,https://doi.org/10.1137/23m156032x,https://doi.org/10.1137/23m156032x,paywalled,non-pdf-content
siam-journal-on-financial-mathematics,2024,Short Communication: On the Separability of Vector-Valued Risk Measures,https://doi.org/10.1137/24m1679239,https://doi.org/10.1137/24m1679239,paywalled,未找到开放获取副本
siam-journal-on-financial-mathematics,2024,Short Communication: The Price of Information,https://doi.org/10.1137/24m1644791,https://doi.org/10.1137/24m1644791,paywalled,未找到开放获取副本
siam-journal-on-financial-mathematics,2024,Detecting Data-Driven Robust Statistical Arbitrage Strategies with Deep Neural Networks,https://doi.org/10.1137/22m1487928,https://doi.org/10.1137/22m1487928,paywalled,未找到开放获取副本
siam-journal-on-financial-mathematics,2024,Short Communication: Utility-Based Acceptability Indices,https://doi.org/10.1137/24m1632486,https://doi.org/10.1137/24m1632486,paywalled,non-pdf-content
siam-journal-on-financial-mathematics,2024,Short Communication: Mean-Stochastic-Dominance Portfolio Selection in Continuous Time,https://doi.org/10.1137/24m1640677,https://doi.org/10.1137/24m1640677,paywalled,未找到开放获取副本
siam-journal-on-financial-mathematics,2023,Sensitivity of Multiperiod Optimization Problems with Respect to the Adapted Wasserstein Distance,https://doi.org/10.1137/22m1537746,https://doi.org/10.1137/22m1537746,paywalled,未找到开放获取副本
siam-journal-on-financial-mathematics,2023,Portfolio Optimization within a Wasserstein Ball,https://doi.org/10.1137/22m1496803,https://doi.org/10.1137/22m1496803,paywalled,未找到开放获取副本
siam-journal-on-financial-mathematics,2023,Beating a Benchmark: Dynamic Programming May Not Be the Right Numerical Approach,https://doi.org/10.1137/22m1530070,https://doi.org/10.1137/22m1530070,paywalled,未找到开放获取副本
siam-journal-on-financial-mathematics,2023,Convergence of the Backward Deep BSDE Method with Applications to Optimal Stopping Problems,https://doi.org/10.1137/22m1539952,https://doi.org/10.1137/22m1539952,paywalled,未找到开放获取副本
siam-journal-on-financial-mathematics,2023,Short Communication: A Primer on Perpetuals,https://doi.org/10.1137/22m1520931,https://doi.org/10.1137/22m1520931,paywalled,未找到开放获取副本
siam-journal-on-financial-mathematics,2023,Pricing Principle via Tsallis Relative Entropy in Incomplete Markets,https://doi.org/10.1137/22m1471614,https://doi.org/10.1137/22m1471614,paywalled,未找到开放获取副本
siam-journal-on-financial-mathematics,2023,A Neural Network Approach to High-Dimensional Optimal Switching Problems with Jumps in Energy Markets,https://doi.org/10.1137/22m1527246,https://doi.org/10.1137/22m1527246,paywalled,未找到开放获取副本
siam-journal-on-financial-mathematics,2023,Optimal Consumption Under a Habit-Formation Constraint: The Deterministic Case,https://doi.org/10.1137/22m1471560,https://doi.org/10.1137/22m1471560,paywalled,未找到开放获取副本
siam-journal-on-financial-mathematics,2023,Geometric Characterization of Maximum Diversification Return Portfolio via Rao’s Quadratic Entropy,https://doi.org/10.1137/22m1492313,https://doi.org/10.1137/22m1492313,failed,网络错误 [Errno 54] Connection reset by peer
siam-journal-on-financial-mathematics,2023,Bayesian Estimation and Optimization for Learning Sequential Regularized Portfolios,https://doi.org/10.1137/21m1427176,https://doi.org/10.1137/21m1427176,paywalled,未找到开放获取副本
siam-journal-on-financial-mathematics,2023,Short Communication: Exponential Utility Maximization in a Discrete Time Gaussian Framework,https://doi.org/10.1137/23m1576074,https://doi.org/10.1137/23m1576074,paywalled,未找到开放获取副本
siam-journal-on-financial-mathematics,2023,How Rough Path Lifts Affect Expected Return and Volatility: A Rough Model under Transaction Cost,https://doi.org/10.1137/20m1358670,https://doi.org/10.1137/20m1358670,paywalled,未找到开放获取副本
siam-journal-on-financial-mathematics,2023,Short Communication: Is a Sophisticated Agent Always a Wise One?,https://doi.org/10.1137/23m1569137,http://dx.doi.org/10.1137/23m1569137,paywalled,未找到开放获取副本
siam-journal-on-financial-mathematics,2023,Weak Error Rates of Numerical Schemes for Rough Volatility,https://doi.org/10.1137/22m1485760,https://doi.org/10.1137/22m1485760,failed,"网络错误 [Errno 8] nodename nor servname provided, or not known"
siam-journal-on-financial-mathematics,2022,Optimal Signal-Adaptive Trading with Temporary and Transient Price Impact,https://doi.org/10.1137/20m1375486,https://doi.org/10.1137/20m1375486,failed,HTTP 202
siam-journal-on-financial-mathematics,2022,Competition in Fund Management and Forward Relative Performance Criteria,https://doi.org/10.1137/20m1376169,https://doi.org/10.1137/20m1376169,paywalled,未找到开放获取副本
siam-journal-on-financial-mathematics,2022,Optimal Dynamic Reinsurance Under Heterogeneous Beliefs and CARA Utility,https://doi.org/10.1137/21m1411093,https://doi.org/10.1137/21m1411093,paywalled,未找到开放获取副本
siam-journal-on-financial-mathematics,2022,The VIX Future in Bergomi Models: Fast Approximation Formulas and Joint Calibration with S&amp;P 500 Skew,https://doi.org/10.1137/21m1437408,https://doi.org/10.1137/21m1437408,paywalled,未找到开放获取副本
siam-journal-on-financial-mathematics,2022,No Arbitrage SVI,https://doi.org/10.1137/20m1351060,https://doi.org/10.1137/20m1351060,paywalled,未找到开放获取副本
siam-journal-on-financial-mathematics,2022,Analysis of Markov Chain Approximation for Diffusion Models with Nonsmooth Coefficients,https://doi.org/10.1137/21m1440098,https://doi.org/10.1137/21m1440098,paywalled,未找到开放获取副本
siam-journal-on-financial-mathematics,2022,Double-Execution Strategies Using Path Signatures,https://doi.org/10.1137/21m1456467,https://doi.org/10.1137/21m1456467,paywalled,未找到开放获取副本
siam-journal-on-financial-mathematics,2022,On Smile Properties of Volatility Derivatives: Understanding the VIX Skew,https://doi.org/10.1137/19m1269981,https://doi.org/10.1137/19m1269981,failed,HTTP 403
siam-journal-on-financial-mathematics,2022,American Options in the Volterra Heston Model,https://doi.org/10.1137/21m140674x,https://doi.org/10.1137/21m140674x,paywalled,non-pdf-content
siam-journal-on-financial-mathematics,2022,Tail Optimality and Preferences Consistency for Intertemporal Optimization Problems,https://doi.org/10.1137/21m1435422,https://doi.org/10.1137/21m1435422,paywalled,non-pdf-content
siam-journal-on-financial-mathematics,2022,Robust Portfolio Choice with Sticky Wages,https://doi.org/10.1137/21m1429722,https://doi.org/10.1137/21m1429722,paywalled,non-pdf-content
siam-journal-on-financial-mathematics,2022,Short Communication: A Gaussian Kusuoka Approximation without Solving Random ODEs,https://doi.org/10.1137/21m1433915,https://doi.org/10.1137/21m1433915,failed,HTTP 403
siam-journal-on-financial-mathematics,2022,Robust Consumption-Investment with Return Ambiguity: A Dual Approach with Volatility Ambiguity,https://doi.org/10.1137/21m1440189,https://doi.org/10.1137/21m1440189,paywalled,未找到开放获取副本
siam-journal-on-financial-mathematics,2022,Short Communication: Cone-Constrained Monotone Mean-Variance Portfolio Selection under Diffusion Models,https://doi.org/10.1137/22m1487527,https://doi.org/10.1137/22m1487527,paywalled,未找到开放获取副本
siam-journal-on-financial-mathematics,2022,Short Communication: On the Weak Convergence Rate in the Discretization of Rough Volatility Models,https://doi.org/10.1137/22m1482871,https://doi.org/10.1137/22m1482871,paywalled,未找到开放获取副本
siam-journal-on-financial-mathematics,2022,Principal Eigenportfolios for U.S. Equities,https://doi.org/10.1137/20m1383501,https://doi.org/10.1137/20m1383501,paywalled,未找到开放获取副本
siam-journal-on-financial-mathematics,2022,Model Uncertainty: A Reverse Approach,https://doi.org/10.1137/21m1425463,https://doi.org/10.1137/21m1425463,paywalled,non-pdf-content
siam-journal-on-financial-mathematics,2022,A High-Order Numerical Method for BSPDEs with Applications to Mathematical Finance,https://doi.org/10.1137/20m1383252,https://doi.org/10.1137/20m1383252,failed,HTTP 403
siam-journal-on-financial-mathematics,2022,Optimal Cross-Border Electricity Trading,https://doi.org/10.1137/21m1398537,https://doi.org/10.1137/21m1398537,failed,HTTP 403
siam-journal-on-financial-mathematics,2022,Sub- and Supersolution Approach to Accuracy Analysis of Portfolio Optimization Asymptotics in Multiscale Stochastic Factor Markets,https://doi.org/10.1137/21m1428625,https://doi.org/10.1137/21m1428625,failed,HTTP 403
siam-journal-on-financial-mathematics,2022,Optimal Investment with Time-Varying Stochastic Endowments,https://doi.org/10.1137/21m1453402,https://doi.org/10.1137/21m1453402,paywalled,未找到开放获取副本
siam-journal-on-financial-mathematics,2022,Multiple Anchor Point Shrinkage for the Sample Covariance Matrix,https://doi.org/10.1137/21m1446411,https://doi.org/10.1137/21m1446411,paywalled,未找到开放获取副本
siam-journal-on-financial-mathematics,2022,Short Communication: Stability of Time-Inconsistent Stopping for One-Dimensional Diffusions,https://doi.org/10.1137/22m1510005,https://doi.org/10.1137/22m1510005,paywalled,未找到开放获取副本
siam-journal-on-financial-mathematics,2022,Short Communication: Chances for the Honest in Honest versus Insider Trading,https://doi.org/10.1137/21m1439547,https://doi.org/10.1137/21m1439547,paywalled,未找到开放获取副本
siam-journal-on-financial-mathematics,2022,Short Communication: Clearing Prices under Margin Calls and the Short Squeeze,https://doi.org/10.1137/22m147877x,https://doi.org/10.1137/22m147877x,paywalled,未找到开放获取副本
siam-journal-on-financial-mathematics,2022,Separability Versus Robustness of Orlicz Spaces: Financial and Economic Perspectives,https://doi.org/10.1137/21m1418794,https://doi.org/10.1137/21m1418794,paywalled,未找到开放获取副本
siam-journal-on-financial-mathematics,2022,Short Communication: Projection of Functionals and Fast Pricing of Exotic Options,https://doi.org/10.1137/21m1451439,https://doi.org/10.1137/21m1451439,paywalled,未找到开放获取副本
siam-journal-on-financial-mathematics,2022,Insiders and Their Free Lunches: The Role of Short Positions,https://doi.org/10.1137/20m1375826,https://doi.org/10.1137/20m1375826,failed,HTTP 404
siam-journal-on-financial-mathematics,2022,Short Communication: Utility Indifference Pricing with High Risk Aversion and Small Linear Price Impact,https://doi.org/10.1137/21m1456431,https://doi.org/10.1137/21m1456431,paywalled,未找到开放获取副本
siam-journal-on-financial-mathematics,2022,Realization Utility with Path-Dependent Reference Points,https://doi.org/10.1137/21m1411457,https://doi.org/10.1137/21m1411457,paywalled,未找到开放获取副本
siam-journal-on-financial-mathematics,2022,Performance Fees with Stochastic Benchmark,https://doi.org/10.1137/21m1401826,https://doi.org/10.1137/21m1401826,paywalled,未找到开放获取副本
siam-journal-on-financial-mathematics,2022,Short Communication: Super-Replication Prices with Multiple Priors in Discrete Time,https://doi.org/10.1137/22m1470013,https://doi.org/10.1137/22m1470013,paywalled,未找到开放获取副本
siam-journal-on-financial-mathematics,2022,Short Communication: Minimal Quantile Functions Subject to Stochastic Dominance Constraints,https://doi.org/10.1137/22m1488557,https://doi.org/10.1137/22m1488557,failed,网络错误 [Errno 54] Connection reset by peer
siam-journal-on-financial-mathematics,2022,Escrow and Clawback,https://doi.org/10.1137/21m1455619,https://doi.org/10.1137/21m1455619,paywalled,未找到开放获取副本
siam-journal-on-financial-mathematics,2021,Short Communication: A Quantum Algorithm for Linear PDEs Arising in Finance,https://doi.org/10.1137/21m1397878,https://doi.org/10.1137/21m1397878,failed,HTTP 403
siam-journal-on-financial-mathematics,2021,On the Distribution of Terminal Wealth under Dynamic Mean-Variance Optimal Investment Strategies,https://doi.org/10.1137/20m1338241,https://doi.org/10.1137/20m1338241,failed,HTTP 403
siam-journal-on-financial-mathematics,2021,The Shadow Price of Latency: Improving Intraday Fill Ratios in Foreign Exchange Markets,https://doi.org/10.1137/19m1258888,https://doi.org/10.1137/19m1258888,failed,HTTP 403
siam-journal-on-financial-mathematics,2021,Path-Dependent Deep Galerkin Method: A Neural Network Approach to Solve Path-Dependent Partial Differential Equations,https://doi.org/10.1137/20m1329597,https://doi.org/10.1137/20m1329597,paywalled,未找到开放获取副本
siam-journal-on-financial-mathematics,2021,Short Communication: Beyond Surrogate Modeling: Learning the Local Volatility via Shape Constraints,https://doi.org/10.1137/20m1381538,https://doi.org/10.1137/20m1381538,paywalled,non-pdf-content
siam-journal-on-financial-mathematics,2021,Recover Dynamic Utility from Observable Process: Application to the Economic Equilibrium,https://doi.org/10.1137/18m1235843,https://doi.org/10.1137/18m1235843,paywalled,non-pdf-content
siam-journal-on-financial-mathematics,2021,A Sparse Learning Approach to Relative-Volatility-Managed Portfolio Selection,https://doi.org/10.1137/19m1291674,https://doi.org/10.1137/19m1291674,failed,HTTP 405
siam-journal-on-financial-mathematics,2021,A Free Boundary Problem for Corporate Bond Pricing and Credit Rating Under Different Upgrade and Downgrade Thresholds,https://doi.org/10.1137/20m1343592,https://doi.org/10.1137/20m1343592,failed,HTTP 403
siam-journal-on-financial-mathematics,2021,Existence and Uniqueness of Viscosity Solutions of an Integro-differential Equation Arising in Option Pricing,https://doi.org/10.1137/20m1341441,https://doi.org/10.1137/20m1341441,failed,HTTP 403
siam-journal-on-financial-mathematics,2021,Short Communication: A Note on Utility Indifference Pricing with Delayed Information,https://doi.org/10.1137/20m1379630,https://doi.org/10.1137/20m1379630,failed,HTTP 403
siam-journal-on-financial-mathematics,2021,Expected Utility Maximization with Stochastic Dominance Constraints in Complete Markets,https://doi.org/10.1137/20m1338447,https://doi.org/10.1137/20m1338447,failed,HTTP 403
siam-journal-on-financial-mathematics,2021,Optimal Portfolio for the $\alpha$-Hypergeometric Stochastic Volatility Model,https://doi.org/10.1137/19m1299165,https://doi.org/10.1137/19m1299165,failed,HTTP 403
siam-journal-on-financial-mathematics,2021,Short Communication: Dynamics of Symmetric SSVI Smiles and Implied Volatility Bubbles,https://doi.org/10.1137/20m136089x,https://doi.org/10.1137/20m136089x,failed,HTTP 403
siam-journal-on-financial-mathematics,2021,Short Communication: Sensitivity Analysis of an Integrated Climate-Economic Model,https://doi.org/10.1137/21m1404120,https://doi.org/10.1137/21m1404120,failed,HTTP 403
siam-journal-on-financial-mathematics,2021,Credit Risk Propagation in Structural-Form Models,https://doi.org/10.1137/20m135340x,https://doi.org/10.1137/20m135340x,failed,HTTP 403
siam-journal-on-financial-mathematics,2021,Real Options Problem with Nonsmooth Obstacle,https://doi.org/10.1137/20m1386815,https://doi.org/10.1137/20m1386815,failed,HTTP 403
siam-journal-on-financial-mathematics,2021,Utility Maximization When Shorting American Options,https://doi.org/10.1137/20m1320584,https://doi.org/10.1137/20m1320584,paywalled,未找到开放获取副本
siam-journal-on-financial-mathematics,2021,Short Communication: American Student Loans: Repayment and Valuation,https://doi.org/10.1137/21m1392267,https://doi.org/10.1137/21m1392267,failed,HTTP 403
siam-journal-on-financial-mathematics,2021,Brownian Path Generation and Polynomial Chaos,https://doi.org/10.1137/20m1343154,https://doi.org/10.1137/20m1343154,failed,HTTP 403
siam-journal-on-financial-mathematics,2021,Short Communication: Robust Market-Adjusted Systemic Risk Measures,https://doi.org/10.1137/21m1401723,https://doi.org/10.1137/21m1401723,paywalled,non-pdf-content
siam-journal-on-financial-mathematics,2021,Inferring Relative Ability from Winning Probability in Multientrant Contests,https://doi.org/10.1137/19m1276261,https://doi.org/10.1137/19m1276261,failed,HTTP 403
siam-journal-on-financial-mathematics,2021,Optimal Hedging of a Perpetual American Put with a Single Trade,https://doi.org/10.1137/20m1325265,https://doi.org/10.1137/20m1325265,paywalled,non-pdf-content
siam-journal-on-financial-mathematics,2021,Filtering Response Directions,https://doi.org/10.1137/20m1339830,https://doi.org/10.1137/20m1339830,failed,HTTP 403
siam-journal-on-financial-mathematics,2020,Risk Aversion in Regulatory Capital Principles,https://doi.org/10.1137/18m121842x,https://doi.org/10.1137/18m121842x,failed,HTTP 403
siam-journal-on-financial-mathematics,2020,Risk-Dependent Centrality in Economic and Financial Networks,https://doi.org/10.1137/19m1302041,https://doi.org/10.1137/19m1302041,failed,HTTP 403
siam-journal-on-financial-mathematics,2020,Multiperiod Mean Conditional Value at Risk Asset Allocation: Is It Advantageous to Be Time Consistent?,https://doi.org/10.1137/19m124650x,https://doi.org/10.1137/19m124650x,failed,HTTP 403
siam-journal-on-financial-mathematics,2020,Systemic Risk in Networks with a Central Node,https://doi.org/10.1137/18m1184667,https://doi.org/10.1137/18m1184667,paywalled,non-pdf-content
siam-journal-on-financial-mathematics,2020,Deep-Learning Solution to Portfolio Selection with Serially Dependent Returns,https://doi.org/10.1137/19m1274924,https://doi.org/10.1137/19m1274924,failed,HTTP 403
siam-journal-on-financial-mathematics,2020,Characteristics and Constructions of Default Times,https://doi.org/10.1137/19m1274912,https://doi.org/10.1137/19m1274912,failed,HTTP 403
siam-journal-on-financial-mathematics,2020,Black's Inverse Investment Problem and Forward Criteria with Consumption,https://doi.org/10.1137/17m1143812,https://doi.org/10.1137/17m1143812,paywalled,未找到开放获取副本
siam-journal-on-financial-mathematics,2020,On CIR Equations with General Factors,https://doi.org/10.1137/19m1292771,https://doi.org/10.1137/19m1292771,paywalled,未找到开放获取副本
siam-journal-on-financial-mathematics,2020,Short Communication: Deep Fundamental Factor Models,https://doi.org/10.1137/20m1330518,https://doi.org/10.1137/20m1330518,paywalled,未找到开放获取副本
siam-journal-on-financial-mathematics,2020,When Capital Is a Funding Source: The Anticipated Backward Stochastic Differential Equations of X-Value Adjustments,https://doi.org/10.1137/19m1242781,https://doi.org/10.1137/19m1242781,paywalled,non-pdf-content
siam-journal-on-financial-mathematics,2020,Solving Parametric Fractional Differential Equations Arising from the Rough Heston Model Using Quasi-Linearization and Spectral Collocation,https://doi.org/10.1137/19m1269324,https://doi.org/10.1137/19m1269324,failed,HTTP 403
siam-journal-on-financial-mathematics,2020,European Options in a Nonlinear Incomplete Market Model with Default,https://doi.org/10.1137/20m1318018,https://doi.org/10.1137/20m1318018,paywalled,non-pdf-content
siam-journal-on-financial-mathematics,2020,On the Estimation of Jump-Diffusion Models Using Intraday Data: A Filtering-Based Approach,https://doi.org/10.1137/19m1266915,https://doi.org/10.1137/19m1266915,failed,HTTP 403
siam-journal-on-financial-mathematics,2020,Optimal Investment with High-Watermark Fee in a Multidimensional Jump Diffusion Model,https://doi.org/10.1137/18m1205066,https://doi.org/10.1137/18m1205066,paywalled,未找到开放获取副本
siam-journal-on-financial-mathematics,2020,Metamodel of a Large Credit Risk Portfolio in the Gaussian Copula Model,https://doi.org/10.1137/19m1292084,https://doi.org/10.1137/19m1292084,paywalled,non-pdf-content
siam-journal-on-financial-mathematics,2020,Trading Foreign Exchange Triplets,https://doi.org/10.1137/18m1172089,https://doi.org/10.1137/18m1172089,failed,HTTP 403
siam-journal-on-financial-mathematics,2020,Informational Efficiency with Trading Constraints: A Characterization,https://doi.org/10.1137/20m1318948,https://doi.org/10.1137/20m1318948,failed,HTTP 403
siam-journal-on-financial-mathematics,2020,Duesenberry Equilibrium and Heterogenous Agents,https://doi.org/10.1137/18m1236174,https://doi.org/10.1137/18m1236174,failed,HTTP 403
siam-journal-on-financial-mathematics,2020,Short Communication: Inversion of Convex Ordering: Local Volatility Does Not Maximize the Price of VIX Futures,https://doi.org/10.1137/19m129303x,https://doi.org/10.1137/19m129303x,failed,HTTP 403
siam-journal-on-financial-mathematics,2020,An Analytical Valuation Framework for Financial Assets with Trading Suspensions,https://doi.org/10.1137/18m1229821,https://doi.org/10.1137/18m1229821,paywalled,non-pdf-content
siam-journal-on-financial-mathematics,2020,Short Communication: Pricing Path-Dependent Derivatives under Multiscale Stochastic Volatility Models: A Malliavin Representation,https://doi.org/10.1137/20m1347334,https://doi.org/10.1137/20m1347334,failed,HTTP 403
siam-journal-on-financial-mathematics,2020,An Optimal Investment Problem with Nonsmooth and Nonconcave Utility over a Finite Time Horizon,https://doi.org/10.1137/19m1273086,https://doi.org/10.1137/19m1273086,failed,网络错误 [Errno 54] Connection reset by peer
